--
-- PostgreSQL database dump
--

-- Dumped from database version 12.2 (Debian 12.2-2.pgdg100+1)
-- Dumped by pg_dump version 12.2 (Debian 12.2-2.pgdg100+1)

SET statement_timeout = 0;
SET lock_timeout = 0;
SET idle_in_transaction_session_timeout = 0;
SET client_encoding = 'UTF8';
SET standard_conforming_strings = on;
SELECT pg_catalog.set_config('search_path', '', false);
SET check_function_bodies = false;
SET xmloption = content;
SET client_min_messages = warning;
SET row_security = off;

SET default_tablespace = '';

SET default_table_access_method = heap;

--
-- Name: auth_group; Type: TABLE; Schema: public; Owner: postgres
--

CREATE TABLE public.auth_group (
    id integer NOT NULL,
    name character varying(150) NOT NULL
);


ALTER TABLE public.auth_group OWNER TO postgres;

--
-- Name: auth_group_id_seq; Type: SEQUENCE; Schema: public; Owner: postgres
--

CREATE SEQUENCE public.auth_group_id_seq
    AS integer
    START WITH 1
    INCREMENT BY 1
    NO MINVALUE
    NO MAXVALUE
    CACHE 1;


ALTER TABLE public.auth_group_id_seq OWNER TO postgres;

--
-- Name: auth_group_id_seq; Type: SEQUENCE OWNED BY; Schema: public; Owner: postgres
--

ALTER SEQUENCE public.auth_group_id_seq OWNED BY public.auth_group.id;


--
-- Name: auth_group_permissions; Type: TABLE; Schema: public; Owner: postgres
--

CREATE TABLE public.auth_group_permissions (
    id integer NOT NULL,
    group_id integer NOT NULL,
    permission_id integer NOT NULL
);


ALTER TABLE public.auth_group_permissions OWNER TO postgres;

--
-- Name: auth_group_permissions_id_seq; Type: SEQUENCE; Schema: public; Owner: postgres
--

CREATE SEQUENCE public.auth_group_permissions_id_seq
    AS integer
    START WITH 1
    INCREMENT BY 1
    NO MINVALUE
    NO MAXVALUE
    CACHE 1;


ALTER TABLE public.auth_group_permissions_id_seq OWNER TO postgres;

--
-- Name: auth_group_permissions_id_seq; Type: SEQUENCE OWNED BY; Schema: public; Owner: postgres
--

ALTER SEQUENCE public.auth_group_permissions_id_seq OWNED BY public.auth_group_permissions.id;


--
-- Name: auth_permission; Type: TABLE; Schema: public; Owner: postgres
--

CREATE TABLE public.auth_permission (
    id integer NOT NULL,
    name character varying(255) NOT NULL,
    content_type_id integer NOT NULL,
    codename character varying(100) NOT NULL
);


ALTER TABLE public.auth_permission OWNER TO postgres;

--
-- Name: auth_permission_id_seq; Type: SEQUENCE; Schema: public; Owner: postgres
--

CREATE SEQUENCE public.auth_permission_id_seq
    AS integer
    START WITH 1
    INCREMENT BY 1
    NO MINVALUE
    NO MAXVALUE
    CACHE 1;


ALTER TABLE public.auth_permission_id_seq OWNER TO postgres;

--
-- Name: auth_permission_id_seq; Type: SEQUENCE OWNED BY; Schema: public; Owner: postgres
--

ALTER SEQUENCE public.auth_permission_id_seq OWNED BY public.auth_permission.id;


--
-- Name: auth_user; Type: TABLE; Schema: public; Owner: postgres
--

CREATE TABLE public.auth_user (
    id integer NOT NULL,
    password character varying(128) NOT NULL,
    last_login timestamp with time zone,
    is_superuser boolean NOT NULL,
    username character varying(150) NOT NULL,
    first_name character varying(30) NOT NULL,
    last_name character varying(150) NOT NULL,
    email character varying(254) NOT NULL,
    is_staff boolean NOT NULL,
    is_active boolean NOT NULL,
    date_joined timestamp with time zone NOT NULL
);


ALTER TABLE public.auth_user OWNER TO postgres;

--
-- Name: auth_user_groups; Type: TABLE; Schema: public; Owner: postgres
--

CREATE TABLE public.auth_user_groups (
    id integer NOT NULL,
    user_id integer NOT NULL,
    group_id integer NOT NULL
);


ALTER TABLE public.auth_user_groups OWNER TO postgres;

--
-- Name: auth_user_groups_id_seq; Type: SEQUENCE; Schema: public; Owner: postgres
--

CREATE SEQUENCE public.auth_user_groups_id_seq
    AS integer
    START WITH 1
    INCREMENT BY 1
    NO MINVALUE
    NO MAXVALUE
    CACHE 1;


ALTER TABLE public.auth_user_groups_id_seq OWNER TO postgres;

--
-- Name: auth_user_groups_id_seq; Type: SEQUENCE OWNED BY; Schema: public; Owner: postgres
--

ALTER SEQUENCE public.auth_user_groups_id_seq OWNED BY public.auth_user_groups.id;


--
-- Name: auth_user_id_seq; Type: SEQUENCE; Schema: public; Owner: postgres
--

CREATE SEQUENCE public.auth_user_id_seq
    AS integer
    START WITH 1
    INCREMENT BY 1
    NO MINVALUE
    NO MAXVALUE
    CACHE 1;


ALTER TABLE public.auth_user_id_seq OWNER TO postgres;

--
-- Name: auth_user_id_seq; Type: SEQUENCE OWNED BY; Schema: public; Owner: postgres
--

ALTER SEQUENCE public.auth_user_id_seq OWNED BY public.auth_user.id;


--
-- Name: auth_user_user_permissions; Type: TABLE; Schema: public; Owner: postgres
--

CREATE TABLE public.auth_user_user_permissions (
    id integer NOT NULL,
    user_id integer NOT NULL,
    permission_id integer NOT NULL
);


ALTER TABLE public.auth_user_user_permissions OWNER TO postgres;

--
-- Name: auth_user_user_permissions_id_seq; Type: SEQUENCE; Schema: public; Owner: postgres
--

CREATE SEQUENCE public.auth_user_user_permissions_id_seq
    AS integer
    START WITH 1
    INCREMENT BY 1
    NO MINVALUE
    NO MAXVALUE
    CACHE 1;


ALTER TABLE public.auth_user_user_permissions_id_seq OWNER TO postgres;

--
-- Name: auth_user_user_permissions_id_seq; Type: SEQUENCE OWNED BY; Schema: public; Owner: postgres
--

ALTER SEQUENCE public.auth_user_user_permissions_id_seq OWNED BY public.auth_user_user_permissions.id;


--
-- Name: django_admin_log; Type: TABLE; Schema: public; Owner: postgres
--

CREATE TABLE public.django_admin_log (
    id integer NOT NULL,
    action_time timestamp with time zone NOT NULL,
    object_id text,
    object_repr character varying(200) NOT NULL,
    action_flag smallint NOT NULL,
    change_message text NOT NULL,
    content_type_id integer,
    user_id integer NOT NULL,
    CONSTRAINT django_admin_log_action_flag_check CHECK ((action_flag >= 0))
);


ALTER TABLE public.django_admin_log OWNER TO postgres;

--
-- Name: django_admin_log_id_seq; Type: SEQUENCE; Schema: public; Owner: postgres
--

CREATE SEQUENCE public.django_admin_log_id_seq
    AS integer
    START WITH 1
    INCREMENT BY 1
    NO MINVALUE
    NO MAXVALUE
    CACHE 1;


ALTER TABLE public.django_admin_log_id_seq OWNER TO postgres;

--
-- Name: django_admin_log_id_seq; Type: SEQUENCE OWNED BY; Schema: public; Owner: postgres
--

ALTER SEQUENCE public.django_admin_log_id_seq OWNED BY public.django_admin_log.id;


--
-- Name: django_content_type; Type: TABLE; Schema: public; Owner: postgres
--

CREATE TABLE public.django_content_type (
    id integer NOT NULL,
    app_label character varying(100) NOT NULL,
    model character varying(100) NOT NULL
);


ALTER TABLE public.django_content_type OWNER TO postgres;

--
-- Name: django_content_type_id_seq; Type: SEQUENCE; Schema: public; Owner: postgres
--

CREATE SEQUENCE public.django_content_type_id_seq
    AS integer
    START WITH 1
    INCREMENT BY 1
    NO MINVALUE
    NO MAXVALUE
    CACHE 1;


ALTER TABLE public.django_content_type_id_seq OWNER TO postgres;

--
-- Name: django_content_type_id_seq; Type: SEQUENCE OWNED BY; Schema: public; Owner: postgres
--

ALTER SEQUENCE public.django_content_type_id_seq OWNED BY public.django_content_type.id;


--
-- Name: django_migrations; Type: TABLE; Schema: public; Owner: postgres
--

CREATE TABLE public.django_migrations (
    id integer NOT NULL,
    app character varying(255) NOT NULL,
    name character varying(255) NOT NULL,
    applied timestamp with time zone NOT NULL
);


ALTER TABLE public.django_migrations OWNER TO postgres;

--
-- Name: django_migrations_id_seq; Type: SEQUENCE; Schema: public; Owner: postgres
--

CREATE SEQUENCE public.django_migrations_id_seq
    AS integer
    START WITH 1
    INCREMENT BY 1
    NO MINVALUE
    NO MAXVALUE
    CACHE 1;


ALTER TABLE public.django_migrations_id_seq OWNER TO postgres;

--
-- Name: django_migrations_id_seq; Type: SEQUENCE OWNED BY; Schema: public; Owner: postgres
--

ALTER SEQUENCE public.django_migrations_id_seq OWNED BY public.django_migrations.id;


--
-- Name: django_session; Type: TABLE; Schema: public; Owner: postgres
--

CREATE TABLE public.django_session (
    session_key character varying(40) NOT NULL,
    session_data text NOT NULL,
    expire_date timestamp with time zone NOT NULL
);


ALTER TABLE public.django_session OWNER TO postgres;

--
-- Name: metadata_biosample; Type: TABLE; Schema: public; Owner: postgres
--

CREATE TABLE public.metadata_biosample (
    id integer NOT NULL,
    created_at timestamp with time zone NOT NULL,
    edited_at timestamp with time zone NOT NULL,
    description text,
    contact_person character varying(100),
    contact_info character varying(254),
    delivery_date date,
    name character varying(500) NOT NULL,
    sample_id character varying(100) NOT NULL,
    collection_date date,
    collection_method character varying(100),
    json_fields jsonb,
    created_by_id integer NOT NULL,
    edited_by_id integer NOT NULL,
    json_type_id integer NOT NULL,
    lab_name_id integer,
    biosource_id integer NOT NULL,
    modification_id integer,
    treatment_id integer
);


ALTER TABLE public.metadata_biosample OWNER TO postgres;

--
-- Name: metadata_biosample_id_seq; Type: SEQUENCE; Schema: public; Owner: postgres
--

CREATE SEQUENCE public.metadata_biosample_id_seq
    AS integer
    START WITH 1
    INCREMENT BY 1
    NO MINVALUE
    NO MAXVALUE
    CACHE 1;


ALTER TABLE public.metadata_biosample_id_seq OWNER TO postgres;

--
-- Name: metadata_biosample_id_seq; Type: SEQUENCE OWNED BY; Schema: public; Owner: postgres
--

ALTER SEQUENCE public.metadata_biosample_id_seq OWNED BY public.metadata_biosample.id;


--
-- Name: metadata_biosource; Type: TABLE; Schema: public; Owner: postgres
--

CREATE TABLE public.metadata_biosource (
    id integer NOT NULL,
    created_at timestamp with time zone NOT NULL,
    edited_at timestamp with time zone NOT NULL,
    description text,
    name character varying(500) NOT NULL,
    disease character varying(500),
    json_fields jsonb,
    created_by_id integer NOT NULL,
    edited_by_id integer NOT NULL,
    json_type_id integer NOT NULL,
    source_organism_id integer
);


ALTER TABLE public.metadata_biosource OWNER TO postgres;

--
-- Name: metadata_biosource_id_seq; Type: SEQUENCE; Schema: public; Owner: postgres
--

CREATE SEQUENCE public.metadata_biosource_id_seq
    AS integer
    START WITH 1
    INCREMENT BY 1
    NO MINVALUE
    NO MAXVALUE
    CACHE 1;


ALTER TABLE public.metadata_biosource_id_seq OWNER TO postgres;

--
-- Name: metadata_biosource_id_seq; Type: SEQUENCE OWNED BY; Schema: public; Owner: postgres
--

ALTER SEQUENCE public.metadata_biosource_id_seq OWNED BY public.metadata_biosource.id;


--
-- Name: metadata_choice; Type: TABLE; Schema: public; Owner: postgres
--

CREATE TABLE public.metadata_choice (
    id integer NOT NULL,
    name character varying(50) NOT NULL,
    class_type character varying(50) NOT NULL
);


ALTER TABLE public.metadata_choice OWNER TO postgres;

--
-- Name: metadata_choice_id_seq; Type: SEQUENCE; Schema: public; Owner: postgres
--

CREATE SEQUENCE public.metadata_choice_id_seq
    AS integer
    START WITH 1
    INCREMENT BY 1
    NO MINVALUE
    NO MAXVALUE
    CACHE 1;


ALTER TABLE public.metadata_choice_id_seq OWNER TO postgres;

--
-- Name: metadata_choice_id_seq; Type: SEQUENCE OWNED BY; Schema: public; Owner: postgres
--

ALTER SEQUENCE public.metadata_choice_id_seq OWNED BY public.metadata_choice.id;


--
-- Name: metadata_choicedisease; Type: TABLE; Schema: public; Owner: postgres
--

CREATE TABLE public.metadata_choicedisease (
    id integer NOT NULL,
    name character varying(50) NOT NULL,
    class_type character varying(50) NOT NULL
);


ALTER TABLE public.metadata_choicedisease OWNER TO postgres;

--
-- Name: metadata_choicedisease_id_seq; Type: SEQUENCE; Schema: public; Owner: postgres
--

CREATE SEQUENCE public.metadata_choicedisease_id_seq
    AS integer
    START WITH 1
    INCREMENT BY 1
    NO MINVALUE
    NO MAXVALUE
    CACHE 1;


ALTER TABLE public.metadata_choicedisease_id_seq OWNER TO postgres;

--
-- Name: metadata_choicedisease_id_seq; Type: SEQUENCE OWNED BY; Schema: public; Owner: postgres
--

ALTER SEQUENCE public.metadata_choicedisease_id_seq OWNED BY public.metadata_choicedisease.id;


--
-- Name: metadata_experiment; Type: TABLE; Schema: public; Owner: postgres
--

CREATE TABLE public.metadata_experiment (
    id integer NOT NULL,
    created_at timestamp with time zone NOT NULL,
    edited_at timestamp with time zone NOT NULL,
    description text,
    name character varying(500) NOT NULL,
    bio_rep_no integer NOT NULL,
    tec_rep_no integer NOT NULL,
    json_fields jsonb,
    biosample_id integer NOT NULL,
    created_by_id integer NOT NULL,
    edited_by_id integer NOT NULL,
    json_type_id integer NOT NULL,
    project_id integer NOT NULL,
    protocol_id integer,
    biosample_quantity integer NOT NULL,
    biosample_quantity_units_id integer,
    concentration_of_sample character varying(100),
    uid character varying(10) NOT NULL,
    volume_of_sample character varying(100)
);


ALTER TABLE public.metadata_experiment OWNER TO postgres;

--
-- Name: metadata_experiment_id_seq; Type: SEQUENCE; Schema: public; Owner: postgres
--

CREATE SEQUENCE public.metadata_experiment_id_seq
    AS integer
    START WITH 1
    INCREMENT BY 1
    NO MINVALUE
    NO MAXVALUE
    CACHE 1;


ALTER TABLE public.metadata_experiment_id_seq OWNER TO postgres;

--
-- Name: metadata_experiment_id_seq; Type: SEQUENCE OWNED BY; Schema: public; Owner: postgres
--

ALTER SEQUENCE public.metadata_experiment_id_seq OWNED BY public.metadata_experiment.id;


--
-- Name: metadata_experimenttag; Type: TABLE; Schema: public; Owner: postgres
--

CREATE TABLE public.metadata_experimenttag (
    id integer NOT NULL,
    created_at timestamp with time zone NOT NULL,
    edited_at timestamp with time zone NOT NULL,
    description text,
    name character varying(300) NOT NULL,
    created_by_id integer NOT NULL,
    edited_by_id integer NOT NULL,
    project_id integer NOT NULL
);


ALTER TABLE public.metadata_experimenttag OWNER TO postgres;

--
-- Name: metadata_experimenttag_experiment; Type: TABLE; Schema: public; Owner: postgres
--

CREATE TABLE public.metadata_experimenttag_experiment (
    id integer NOT NULL,
    experimenttag_id integer NOT NULL,
    experiment_id integer NOT NULL
);


ALTER TABLE public.metadata_experimenttag_experiment OWNER TO postgres;

--
-- Name: metadata_experimenttag_experiment_id_seq; Type: SEQUENCE; Schema: public; Owner: postgres
--

CREATE SEQUENCE public.metadata_experimenttag_experiment_id_seq
    AS integer
    START WITH 1
    INCREMENT BY 1
    NO MINVALUE
    NO MAXVALUE
    CACHE 1;


ALTER TABLE public.metadata_experimenttag_experiment_id_seq OWNER TO postgres;

--
-- Name: metadata_experimenttag_experiment_id_seq; Type: SEQUENCE OWNED BY; Schema: public; Owner: postgres
--

ALTER SEQUENCE public.metadata_experimenttag_experiment_id_seq OWNED BY public.metadata_experimenttag_experiment.id;


--
-- Name: metadata_experimenttag_id_seq; Type: SEQUENCE; Schema: public; Owner: postgres
--

CREATE SEQUENCE public.metadata_experimenttag_id_seq
    AS integer
    START WITH 1
    INCREMENT BY 1
    NO MINVALUE
    NO MAXVALUE
    CACHE 1;


ALTER TABLE public.metadata_experimenttag_id_seq OWNER TO postgres;

--
-- Name: metadata_experimenttag_id_seq; Type: SEQUENCE OWNED BY; Schema: public; Owner: postgres
--

ALTER SEQUENCE public.metadata_experimenttag_id_seq OWNED BY public.metadata_experimenttag.id;


--
-- Name: metadata_jsonobj; Type: TABLE; Schema: public; Owner: postgres
--

CREATE TABLE public.metadata_jsonobj (
    id integer NOT NULL,
    name character varying(500) NOT NULL,
    json_type character varying(50) NOT NULL,
    json_fields jsonb NOT NULL
);


ALTER TABLE public.metadata_jsonobj OWNER TO postgres;

--
-- Name: metadata_jsonobj_id_seq; Type: SEQUENCE; Schema: public; Owner: postgres
--

CREATE SEQUENCE public.metadata_jsonobj_id_seq
    AS integer
    START WITH 1
    INCREMENT BY 1
    NO MINVALUE
    NO MAXVALUE
    CACHE 1;


ALTER TABLE public.metadata_jsonobj_id_seq OWNER TO postgres;

--
-- Name: metadata_jsonobj_id_seq; Type: SEQUENCE OWNED BY; Schema: public; Owner: postgres
--

ALTER SEQUENCE public.metadata_jsonobj_id_seq OWNED BY public.metadata_jsonobj.id;


--
-- Name: metadata_modification; Type: TABLE; Schema: public; Owner: postgres
--

CREATE TABLE public.metadata_modification (
    id integer NOT NULL,
    created_at timestamp with time zone NOT NULL,
    edited_at timestamp with time zone NOT NULL,
    description text,
    name character varying(500) NOT NULL,
    guide_rnas character varying(100),
    created_by_id integer NOT NULL,
    edited_by_id integer NOT NULL,
    genomic_change_id integer,
    modification_type_id integer,
    attachment character varying(100)
);


ALTER TABLE public.metadata_modification OWNER TO postgres;

--
-- Name: metadata_modification_id_seq; Type: SEQUENCE; Schema: public; Owner: postgres
--

CREATE SEQUENCE public.metadata_modification_id_seq
    AS integer
    START WITH 1
    INCREMENT BY 1
    NO MINVALUE
    NO MAXVALUE
    CACHE 1;


ALTER TABLE public.metadata_modification_id_seq OWNER TO postgres;

--
-- Name: metadata_modification_id_seq; Type: SEQUENCE OWNED BY; Schema: public; Owner: postgres
--

ALTER SEQUENCE public.metadata_modification_id_seq OWNED BY public.metadata_modification.id;


--
-- Name: metadata_project; Type: TABLE; Schema: public; Owner: postgres
--

CREATE TABLE public.metadata_project (
    id integer NOT NULL,
    created_at timestamp with time zone NOT NULL,
    edited_at timestamp with time zone NOT NULL,
    description text,
    name character varying(500) NOT NULL,
    status character varying(10) NOT NULL,
    created_by_id integer NOT NULL,
    edited_by_id integer NOT NULL,
    disease_site_id integer NOT NULL,
    starting_date date NOT NULL,
    user_name_string character varying(8) NOT NULL
);


ALTER TABLE public.metadata_project OWNER TO postgres;

--
-- Name: metadata_project_contributor; Type: TABLE; Schema: public; Owner: postgres
--

CREATE TABLE public.metadata_project_contributor (
    id integer NOT NULL,
    project_id integer NOT NULL,
    user_id integer NOT NULL
);


ALTER TABLE public.metadata_project_contributor OWNER TO postgres;

--
-- Name: metadata_project_contributor_id_seq; Type: SEQUENCE; Schema: public; Owner: postgres
--

CREATE SEQUENCE public.metadata_project_contributor_id_seq
    AS integer
    START WITH 1
    INCREMENT BY 1
    NO MINVALUE
    NO MAXVALUE
    CACHE 1;


ALTER TABLE public.metadata_project_contributor_id_seq OWNER TO postgres;

--
-- Name: metadata_project_contributor_id_seq; Type: SEQUENCE OWNED BY; Schema: public; Owner: postgres
--

ALTER SEQUENCE public.metadata_project_contributor_id_seq OWNED BY public.metadata_project_contributor.id;


--
-- Name: metadata_project_id_seq; Type: SEQUENCE; Schema: public; Owner: postgres
--

CREATE SEQUENCE public.metadata_project_id_seq
    AS integer
    START WITH 1
    INCREMENT BY 1
    NO MINVALUE
    NO MAXVALUE
    CACHE 1;


ALTER TABLE public.metadata_project_id_seq OWNER TO postgres;

--
-- Name: metadata_project_id_seq; Type: SEQUENCE OWNED BY; Schema: public; Owner: postgres
--

ALTER SEQUENCE public.metadata_project_id_seq OWNED BY public.metadata_project.id;


--
-- Name: metadata_project_lab_name; Type: TABLE; Schema: public; Owner: postgres
--

CREATE TABLE public.metadata_project_lab_name (
    id integer NOT NULL,
    project_id integer NOT NULL,
    choice_id integer NOT NULL
);


ALTER TABLE public.metadata_project_lab_name OWNER TO postgres;

--
-- Name: metadata_project_lab_name_id_seq; Type: SEQUENCE; Schema: public; Owner: postgres
--

CREATE SEQUENCE public.metadata_project_lab_name_id_seq
    AS integer
    START WITH 1
    INCREMENT BY 1
    NO MINVALUE
    NO MAXVALUE
    CACHE 1;


ALTER TABLE public.metadata_project_lab_name_id_seq OWNER TO postgres;

--
-- Name: metadata_project_lab_name_id_seq; Type: SEQUENCE OWNED BY; Schema: public; Owner: postgres
--

ALTER SEQUENCE public.metadata_project_lab_name_id_seq OWNED BY public.metadata_project_lab_name.id;


--
-- Name: metadata_project_tissue_type; Type: TABLE; Schema: public; Owner: postgres
--

CREATE TABLE public.metadata_project_tissue_type (
    id integer NOT NULL,
    project_id integer NOT NULL,
    choice_id integer NOT NULL
);


ALTER TABLE public.metadata_project_tissue_type OWNER TO postgres;

--
-- Name: metadata_project_tissue_type_id_seq; Type: SEQUENCE; Schema: public; Owner: postgres
--

CREATE SEQUENCE public.metadata_project_tissue_type_id_seq
    AS integer
    START WITH 1
    INCREMENT BY 1
    NO MINVALUE
    NO MAXVALUE
    CACHE 1;


ALTER TABLE public.metadata_project_tissue_type_id_seq OWNER TO postgres;

--
-- Name: metadata_project_tissue_type_id_seq; Type: SEQUENCE OWNED BY; Schema: public; Owner: postgres
--

ALTER SEQUENCE public.metadata_project_tissue_type_id_seq OWNED BY public.metadata_project_tissue_type.id;


--
-- Name: metadata_protocol; Type: TABLE; Schema: public; Owner: postgres
--

CREATE TABLE public.metadata_protocol (
    id integer NOT NULL,
    created_at timestamp with time zone NOT NULL,
    edited_at timestamp with time zone NOT NULL,
    description text,
    name character varying(500) NOT NULL,
    attachment character varying(100),
    class_type_id integer,
    created_by_id integer NOT NULL,
    edited_by_id integer NOT NULL
);


ALTER TABLE public.metadata_protocol OWNER TO postgres;

--
-- Name: metadata_protocol_id_seq; Type: SEQUENCE; Schema: public; Owner: postgres
--

CREATE SEQUENCE public.metadata_protocol_id_seq
    AS integer
    START WITH 1
    INCREMENT BY 1
    NO MINVALUE
    NO MAXVALUE
    CACHE 1;


ALTER TABLE public.metadata_protocol_id_seq OWNER TO postgres;

--
-- Name: metadata_protocol_id_seq; Type: SEQUENCE OWNED BY; Schema: public; Owner: postgres
--

ALTER SEQUENCE public.metadata_protocol_id_seq OWNED BY public.metadata_protocol.id;


--
-- Name: metadata_seqencingfile; Type: TABLE; Schema: public; Owner: postgres
--

CREATE TABLE public.metadata_seqencingfile (
    id integer NOT NULL,
    created_at timestamp with time zone NOT NULL,
    edited_at timestamp with time zone NOT NULL,
    description text,
    name character varying(300) NOT NULL,
    paired_end character varying(8),
    read_length integer,
    cluster_path character varying(1000) NOT NULL,
    md5sum character varying(32),
    created_by_id integer NOT NULL,
    edited_by_id integer NOT NULL,
    experiment_id integer NOT NULL,
    project_id integer NOT NULL,
    run_id integer NOT NULL,
    file_format_id integer,
    archived_path character varying(1000),
    assay_id integer,
    fastqc_html character varying(100)
);


ALTER TABLE public.metadata_seqencingfile OWNER TO postgres;

--
-- Name: metadata_seqencingfile_id_seq; Type: SEQUENCE; Schema: public; Owner: postgres
--

CREATE SEQUENCE public.metadata_seqencingfile_id_seq
    AS integer
    START WITH 1
    INCREMENT BY 1
    NO MINVALUE
    NO MAXVALUE
    CACHE 1;


ALTER TABLE public.metadata_seqencingfile_id_seq OWNER TO postgres;

--
-- Name: metadata_seqencingfile_id_seq; Type: SEQUENCE OWNED BY; Schema: public; Owner: postgres
--

ALTER SEQUENCE public.metadata_seqencingfile_id_seq OWNED BY public.metadata_seqencingfile.id;


--
-- Name: metadata_seqencingfile_related_files; Type: TABLE; Schema: public; Owner: postgres
--

CREATE TABLE public.metadata_seqencingfile_related_files (
    id integer NOT NULL,
    from_seqencingfile_id integer NOT NULL,
    to_seqencingfile_id integer NOT NULL
);


ALTER TABLE public.metadata_seqencingfile_related_files OWNER TO postgres;

--
-- Name: metadata_seqencingfile_related_files_id_seq; Type: SEQUENCE; Schema: public; Owner: postgres
--

CREATE SEQUENCE public.metadata_seqencingfile_related_files_id_seq
    AS integer
    START WITH 1
    INCREMENT BY 1
    NO MINVALUE
    NO MAXVALUE
    CACHE 1;


ALTER TABLE public.metadata_seqencingfile_related_files_id_seq OWNER TO postgres;

--
-- Name: metadata_seqencingfile_related_files_id_seq; Type: SEQUENCE OWNED BY; Schema: public; Owner: postgres
--

ALTER SEQUENCE public.metadata_seqencingfile_related_files_id_seq OWNED BY public.metadata_seqencingfile_related_files.id;


--
-- Name: metadata_sequencingrun; Type: TABLE; Schema: public; Owner: postgres
--

CREATE TABLE public.metadata_sequencingrun (
    id integer NOT NULL,
    created_at timestamp with time zone NOT NULL,
    edited_at timestamp with time zone NOT NULL,
    description text,
    name character varying(300) NOT NULL,
    submission_date date NOT NULL,
    created_by_id integer NOT NULL,
    edited_by_id integer NOT NULL,
    project_id integer NOT NULL,
    sequencing_center_id integer,
    sequencing_instrument_id integer,
    retrieval_date date NOT NULL
);


ALTER TABLE public.metadata_sequencingrun OWNER TO postgres;

--
-- Name: metadata_sequencingrun_experiment; Type: TABLE; Schema: public; Owner: postgres
--

CREATE TABLE public.metadata_sequencingrun_experiment (
    id integer NOT NULL,
    sequencingrun_id integer NOT NULL,
    experiment_id integer NOT NULL
);


ALTER TABLE public.metadata_sequencingrun_experiment OWNER TO postgres;

--
-- Name: metadata_sequencingrun_experiment_id_seq; Type: SEQUENCE; Schema: public; Owner: postgres
--

CREATE SEQUENCE public.metadata_sequencingrun_experiment_id_seq
    AS integer
    START WITH 1
    INCREMENT BY 1
    NO MINVALUE
    NO MAXVALUE
    CACHE 1;


ALTER TABLE public.metadata_sequencingrun_experiment_id_seq OWNER TO postgres;

--
-- Name: metadata_sequencingrun_experiment_id_seq; Type: SEQUENCE OWNED BY; Schema: public; Owner: postgres
--

ALTER SEQUENCE public.metadata_sequencingrun_experiment_id_seq OWNED BY public.metadata_sequencingrun_experiment.id;


--
-- Name: metadata_sequencingrun_id_seq; Type: SEQUENCE; Schema: public; Owner: postgres
--

CREATE SEQUENCE public.metadata_sequencingrun_id_seq
    AS integer
    START WITH 1
    INCREMENT BY 1
    NO MINVALUE
    NO MAXVALUE
    CACHE 1;


ALTER TABLE public.metadata_sequencingrun_id_seq OWNER TO postgres;

--
-- Name: metadata_sequencingrun_id_seq; Type: SEQUENCE OWNED BY; Schema: public; Owner: postgres
--

ALTER SEQUENCE public.metadata_sequencingrun_id_seq OWNED BY public.metadata_sequencingrun.id;


--
-- Name: metadata_treatment; Type: TABLE; Schema: public; Owner: postgres
--

CREATE TABLE public.metadata_treatment (
    id integer NOT NULL,
    created_at timestamp with time zone NOT NULL,
    edited_at timestamp with time zone NOT NULL,
    description text,
    name character varying(500) NOT NULL,
    json_fields jsonb,
    created_by_id integer NOT NULL,
    edited_by_id integer NOT NULL,
    json_type_id integer NOT NULL,
    attachment character varying(100)
);


ALTER TABLE public.metadata_treatment OWNER TO postgres;

--
-- Name: metadata_treatment_id_seq; Type: SEQUENCE; Schema: public; Owner: postgres
--

CREATE SEQUENCE public.metadata_treatment_id_seq
    AS integer
    START WITH 1
    INCREMENT BY 1
    NO MINVALUE
    NO MAXVALUE
    CACHE 1;


ALTER TABLE public.metadata_treatment_id_seq OWNER TO postgres;

--
-- Name: metadata_treatment_id_seq; Type: SEQUENCE OWNED BY; Schema: public; Owner: postgres
--

ALTER SEQUENCE public.metadata_treatment_id_seq OWNED BY public.metadata_treatment.id;


--
-- Name: auth_group id; Type: DEFAULT; Schema: public; Owner: postgres
--

ALTER TABLE ONLY public.auth_group ALTER COLUMN id SET DEFAULT nextval('public.auth_group_id_seq'::regclass);


--
-- Name: auth_group_permissions id; Type: DEFAULT; Schema: public; Owner: postgres
--

ALTER TABLE ONLY public.auth_group_permissions ALTER COLUMN id SET DEFAULT nextval('public.auth_group_permissions_id_seq'::regclass);


--
-- Name: auth_permission id; Type: DEFAULT; Schema: public; Owner: postgres
--

ALTER TABLE ONLY public.auth_permission ALTER COLUMN id SET DEFAULT nextval('public.auth_permission_id_seq'::regclass);


--
-- Name: auth_user id; Type: DEFAULT; Schema: public; Owner: postgres
--

ALTER TABLE ONLY public.auth_user ALTER COLUMN id SET DEFAULT nextval('public.auth_user_id_seq'::regclass);


--
-- Name: auth_user_groups id; Type: DEFAULT; Schema: public; Owner: postgres
--

ALTER TABLE ONLY public.auth_user_groups ALTER COLUMN id SET DEFAULT nextval('public.auth_user_groups_id_seq'::regclass);


--
-- Name: auth_user_user_permissions id; Type: DEFAULT; Schema: public; Owner: postgres
--

ALTER TABLE ONLY public.auth_user_user_permissions ALTER COLUMN id SET DEFAULT nextval('public.auth_user_user_permissions_id_seq'::regclass);


--
-- Name: django_admin_log id; Type: DEFAULT; Schema: public; Owner: postgres
--

ALTER TABLE ONLY public.django_admin_log ALTER COLUMN id SET DEFAULT nextval('public.django_admin_log_id_seq'::regclass);


--
-- Name: django_content_type id; Type: DEFAULT; Schema: public; Owner: postgres
--

ALTER TABLE ONLY public.django_content_type ALTER COLUMN id SET DEFAULT nextval('public.django_content_type_id_seq'::regclass);


--
-- Name: django_migrations id; Type: DEFAULT; Schema: public; Owner: postgres
--

ALTER TABLE ONLY public.django_migrations ALTER COLUMN id SET DEFAULT nextval('public.django_migrations_id_seq'::regclass);


--
-- Name: metadata_biosample id; Type: DEFAULT; Schema: public; Owner: postgres
--

ALTER TABLE ONLY public.metadata_biosample ALTER COLUMN id SET DEFAULT nextval('public.metadata_biosample_id_seq'::regclass);


--
-- Name: metadata_biosource id; Type: DEFAULT; Schema: public; Owner: postgres
--

ALTER TABLE ONLY public.metadata_biosource ALTER COLUMN id SET DEFAULT nextval('public.metadata_biosource_id_seq'::regclass);


--
-- Name: metadata_choice id; Type: DEFAULT; Schema: public; Owner: postgres
--

ALTER TABLE ONLY public.metadata_choice ALTER COLUMN id SET DEFAULT nextval('public.metadata_choice_id_seq'::regclass);


--
-- Name: metadata_choicedisease id; Type: DEFAULT; Schema: public; Owner: postgres
--

ALTER TABLE ONLY public.metadata_choicedisease ALTER COLUMN id SET DEFAULT nextval('public.metadata_choicedisease_id_seq'::regclass);


--
-- Name: metadata_experiment id; Type: DEFAULT; Schema: public; Owner: postgres
--

ALTER TABLE ONLY public.metadata_experiment ALTER COLUMN id SET DEFAULT nextval('public.metadata_experiment_id_seq'::regclass);


--
-- Name: metadata_experimenttag id; Type: DEFAULT; Schema: public; Owner: postgres
--

ALTER TABLE ONLY public.metadata_experimenttag ALTER COLUMN id SET DEFAULT nextval('public.metadata_experimenttag_id_seq'::regclass);


--
-- Name: metadata_experimenttag_experiment id; Type: DEFAULT; Schema: public; Owner: postgres
--

ALTER TABLE ONLY public.metadata_experimenttag_experiment ALTER COLUMN id SET DEFAULT nextval('public.metadata_experimenttag_experiment_id_seq'::regclass);


--
-- Name: metadata_jsonobj id; Type: DEFAULT; Schema: public; Owner: postgres
--

ALTER TABLE ONLY public.metadata_jsonobj ALTER COLUMN id SET DEFAULT nextval('public.metadata_jsonobj_id_seq'::regclass);


--
-- Name: metadata_modification id; Type: DEFAULT; Schema: public; Owner: postgres
--

ALTER TABLE ONLY public.metadata_modification ALTER COLUMN id SET DEFAULT nextval('public.metadata_modification_id_seq'::regclass);


--
-- Name: metadata_project id; Type: DEFAULT; Schema: public; Owner: postgres
--

ALTER TABLE ONLY public.metadata_project ALTER COLUMN id SET DEFAULT nextval('public.metadata_project_id_seq'::regclass);


--
-- Name: metadata_project_contributor id; Type: DEFAULT; Schema: public; Owner: postgres
--

ALTER TABLE ONLY public.metadata_project_contributor ALTER COLUMN id SET DEFAULT nextval('public.metadata_project_contributor_id_seq'::regclass);


--
-- Name: metadata_project_lab_name id; Type: DEFAULT; Schema: public; Owner: postgres
--

ALTER TABLE ONLY public.metadata_project_lab_name ALTER COLUMN id SET DEFAULT nextval('public.metadata_project_lab_name_id_seq'::regclass);


--
-- Name: metadata_project_tissue_type id; Type: DEFAULT; Schema: public; Owner: postgres
--

ALTER TABLE ONLY public.metadata_project_tissue_type ALTER COLUMN id SET DEFAULT nextval('public.metadata_project_tissue_type_id_seq'::regclass);


--
-- Name: metadata_protocol id; Type: DEFAULT; Schema: public; Owner: postgres
--

ALTER TABLE ONLY public.metadata_protocol ALTER COLUMN id SET DEFAULT nextval('public.metadata_protocol_id_seq'::regclass);


--
-- Name: metadata_seqencingfile id; Type: DEFAULT; Schema: public; Owner: postgres
--

ALTER TABLE ONLY public.metadata_seqencingfile ALTER COLUMN id SET DEFAULT nextval('public.metadata_seqencingfile_id_seq'::regclass);


--
-- Name: metadata_seqencingfile_related_files id; Type: DEFAULT; Schema: public; Owner: postgres
--

ALTER TABLE ONLY public.metadata_seqencingfile_related_files ALTER COLUMN id SET DEFAULT nextval('public.metadata_seqencingfile_related_files_id_seq'::regclass);


--
-- Name: metadata_sequencingrun id; Type: DEFAULT; Schema: public; Owner: postgres
--

ALTER TABLE ONLY public.metadata_sequencingrun ALTER COLUMN id SET DEFAULT nextval('public.metadata_sequencingrun_id_seq'::regclass);


--
-- Name: metadata_sequencingrun_experiment id; Type: DEFAULT; Schema: public; Owner: postgres
--

ALTER TABLE ONLY public.metadata_sequencingrun_experiment ALTER COLUMN id SET DEFAULT nextval('public.metadata_sequencingrun_experiment_id_seq'::regclass);


--
-- Name: metadata_treatment id; Type: DEFAULT; Schema: public; Owner: postgres
--

ALTER TABLE ONLY public.metadata_treatment ALTER COLUMN id SET DEFAULT nextval('public.metadata_treatment_id_seq'::regclass);


--
-- Data for Name: auth_group; Type: TABLE DATA; Schema: public; Owner: postgres
--

COPY public.auth_group (id, name) FROM stdin;
1	admin_access
2	edit_access
3	view_access
4	mathieu_lupien_lab
5	john_dick_lab
6	benjamin_haibe-kains_lab
7	michael_hoffman_lab
8	dave_cescon_lab
9	dkfz_plass_lab
10	michael_taylor_lab
\.


--
-- Data for Name: auth_group_permissions; Type: TABLE DATA; Schema: public; Owner: postgres
--

COPY public.auth_group_permissions (id, group_id, permission_id) FROM stdin;
1	1	1
2	1	2
3	1	3
4	1	4
5	1	5
6	1	6
7	1	7
8	1	8
9	1	9
10	1	10
11	1	11
12	1	12
13	1	13
14	1	14
15	1	15
16	1	16
17	1	17
18	1	18
19	1	19
20	1	20
21	1	21
22	1	22
23	1	23
24	1	24
25	1	25
26	1	26
27	1	27
28	1	28
29	1	29
30	1	30
31	1	31
32	1	32
33	1	33
34	1	34
35	1	35
36	1	36
37	1	37
38	1	38
39	1	39
40	1	40
41	1	41
42	1	42
43	1	43
44	1	44
45	1	45
46	1	46
47	1	47
48	1	48
49	1	49
50	1	50
51	1	51
52	1	52
53	1	53
54	1	54
55	1	55
56	1	56
57	1	57
58	1	58
59	1	59
60	1	60
61	1	61
62	1	62
63	1	63
64	1	64
65	1	65
66	1	66
67	1	67
68	1	68
69	2	17
70	2	18
71	2	19
72	2	20
73	2	21
74	2	22
75	2	23
76	2	24
77	2	25
78	2	26
79	2	27
80	2	28
81	2	29
82	2	30
83	2	31
84	2	32
85	2	33
86	2	34
87	2	35
88	2	36
89	2	37
90	2	38
91	2	39
92	2	40
93	2	41
94	2	42
95	2	43
96	2	44
97	2	45
98	2	46
99	2	47
100	2	48
101	2	49
102	2	50
103	2	51
104	2	52
105	2	53
106	2	54
107	2	55
108	2	56
109	2	57
110	2	58
111	2	59
112	2	60
113	2	61
114	2	62
115	2	63
116	2	64
117	2	65
118	2	66
119	2	67
120	2	68
121	3	16
122	3	17
123	3	18
124	3	19
125	3	20
126	3	21
127	3	22
128	3	23
129	3	24
130	3	28
131	3	32
132	3	36
133	3	40
134	3	44
135	3	48
136	3	52
137	3	56
138	3	60
139	3	64
140	3	68
141	4	17
142	4	18
143	4	19
144	4	20
145	4	21
146	4	22
147	4	23
148	4	24
149	4	25
150	4	26
151	4	27
152	4	28
153	4	29
154	4	30
155	4	31
156	4	32
157	4	33
158	4	34
159	4	35
160	4	36
161	4	37
162	4	38
163	4	39
164	4	40
165	4	41
166	4	42
167	4	43
168	4	44
169	4	45
170	4	46
171	4	47
172	4	48
173	4	49
174	4	50
175	4	51
176	4	52
177	4	53
178	4	54
179	4	55
180	4	56
181	4	57
182	4	58
183	4	59
184	4	60
185	4	61
186	4	62
187	4	63
188	4	64
189	4	65
190	4	66
191	4	67
192	4	68
193	4	69
194	4	70
195	4	71
196	4	72
197	4	73
198	4	74
199	4	75
200	4	76
201	5	17
202	5	18
203	5	19
204	5	20
205	5	21
206	5	22
207	5	23
208	5	24
209	5	25
210	5	26
211	5	27
212	5	28
213	5	29
214	5	30
215	5	31
216	5	32
217	5	33
218	5	34
219	5	35
220	5	36
221	5	37
222	5	38
223	5	39
224	5	40
225	5	41
226	5	42
227	5	43
228	5	44
229	5	45
230	5	46
231	5	47
232	5	48
233	5	49
234	5	50
235	5	51
236	5	52
237	5	53
238	5	54
239	5	55
240	5	56
241	5	57
242	5	58
243	5	59
244	5	60
245	5	61
246	5	62
247	5	63
248	5	64
249	5	65
250	5	66
251	5	67
252	5	68
253	5	69
254	5	70
255	5	71
256	5	72
257	5	73
258	5	74
259	5	75
260	5	76
261	6	17
262	6	18
263	6	19
264	6	20
265	6	21
266	6	22
267	6	23
268	6	24
269	6	25
270	6	26
271	6	27
272	6	28
273	6	29
274	6	30
275	6	31
276	6	32
277	6	33
278	6	34
279	6	35
280	6	36
281	6	37
282	6	38
283	6	39
284	6	40
285	6	41
286	6	42
287	6	43
288	6	44
289	6	45
290	6	46
291	6	47
292	6	48
293	6	49
294	6	50
295	6	51
296	6	52
297	6	53
298	6	54
299	6	55
300	6	56
301	6	57
302	6	58
303	6	59
304	6	60
305	6	61
306	6	62
307	6	63
308	6	64
309	6	65
310	6	66
311	6	67
312	6	68
313	6	69
314	6	70
315	6	71
316	6	72
317	6	73
318	6	74
319	6	75
320	6	76
321	7	17
322	7	18
323	7	19
324	7	20
325	7	21
326	7	22
327	7	23
328	7	24
329	7	25
330	7	26
331	7	27
332	7	28
333	7	29
334	7	30
335	7	31
336	7	32
337	7	33
338	7	34
339	7	35
340	7	36
341	7	37
342	7	38
343	7	39
344	7	40
345	7	41
346	7	42
347	7	43
348	7	44
349	7	45
350	7	46
351	7	47
352	7	48
353	7	49
354	7	50
355	7	51
356	7	52
357	7	53
358	7	54
359	7	55
360	7	56
361	7	57
362	7	58
363	7	59
364	7	60
365	7	61
366	7	62
367	7	63
368	7	64
369	7	65
370	7	66
371	7	67
372	7	68
373	7	69
374	7	70
375	7	71
376	7	72
377	7	73
378	7	74
379	7	75
380	7	76
381	8	17
382	8	18
383	8	19
384	8	20
385	8	21
386	8	22
387	8	23
388	8	24
389	8	25
390	8	26
391	8	27
392	8	28
393	8	29
394	8	30
395	8	31
396	8	32
397	8	33
398	8	34
399	8	35
400	8	36
401	8	37
402	8	38
403	8	39
404	8	40
405	8	41
406	8	42
407	8	43
408	8	44
409	8	45
410	8	46
411	8	47
412	8	48
413	8	49
414	8	50
415	8	51
416	8	52
417	8	53
418	8	54
419	8	55
420	8	56
421	8	57
422	8	58
423	8	59
424	8	60
425	8	61
426	8	62
427	8	63
428	8	64
429	8	65
430	8	66
431	8	67
432	8	68
433	8	69
434	8	70
435	8	71
436	8	72
437	8	73
438	8	74
439	8	75
440	8	76
441	9	17
442	9	18
443	9	19
444	9	20
445	9	21
446	9	22
447	9	23
448	9	24
449	9	25
450	9	26
451	9	27
452	9	28
453	9	29
454	9	30
455	9	31
456	9	32
457	9	33
458	9	34
459	9	35
460	9	36
461	9	37
462	9	38
463	9	39
464	9	40
465	9	41
466	9	42
467	9	43
468	9	44
469	9	45
470	9	46
471	9	47
472	9	48
473	9	49
474	9	50
475	9	51
476	9	52
477	9	53
478	9	54
479	9	55
480	9	56
481	9	57
482	9	58
483	9	59
484	9	60
485	9	61
486	9	62
487	9	63
488	9	64
489	9	65
490	9	66
491	9	67
492	9	68
493	9	69
494	9	70
495	9	71
496	9	72
497	9	73
498	9	74
499	9	75
500	9	76
501	10	17
502	10	18
503	10	19
504	10	20
505	10	21
506	10	22
507	10	23
508	10	24
509	10	25
510	10	26
511	10	27
512	10	28
513	10	29
514	10	30
515	10	31
516	10	32
517	10	33
518	10	34
519	10	35
520	10	36
521	10	37
522	10	38
523	10	39
524	10	40
525	10	41
526	10	42
527	10	43
528	10	44
529	10	45
530	10	46
531	10	47
532	10	48
533	10	49
534	10	50
535	10	51
536	10	52
537	10	53
538	10	54
539	10	55
540	10	56
541	10	57
542	10	58
543	10	59
544	10	60
545	10	61
546	10	62
547	10	63
548	10	64
549	10	65
550	10	66
551	10	67
552	10	68
553	10	69
554	10	70
555	10	71
556	10	72
557	10	73
558	10	74
559	10	75
560	10	76
\.


--
-- Data for Name: auth_permission; Type: TABLE DATA; Schema: public; Owner: postgres
--

COPY public.auth_permission (id, name, content_type_id, codename) FROM stdin;
1	Can add log entry	1	add_logentry
2	Can change log entry	1	change_logentry
3	Can delete log entry	1	delete_logentry
4	Can view log entry	1	view_logentry
5	Can add permission	2	add_permission
6	Can change permission	2	change_permission
7	Can delete permission	2	delete_permission
8	Can view permission	2	view_permission
9	Can add group	3	add_group
10	Can change group	3	change_group
11	Can delete group	3	delete_group
12	Can view group	3	view_group
13	Can add user	4	add_user
14	Can change user	4	change_user
15	Can delete user	4	delete_user
16	Can view user	4	view_user
17	Can add content type	5	add_contenttype
18	Can change content type	5	change_contenttype
19	Can delete content type	5	delete_contenttype
20	Can view content type	5	view_contenttype
21	Can add session	6	add_session
22	Can change session	6	change_session
23	Can delete session	6	delete_session
24	Can view session	6	view_session
25	Can add biosample	7	add_biosample
26	Can change biosample	7	change_biosample
27	Can delete biosample	7	delete_biosample
28	Can view biosample	7	view_biosample
29	Can add choice	8	add_choice
30	Can change choice	8	change_choice
31	Can delete choice	8	delete_choice
32	Can view choice	8	view_choice
33	Can add json obj	9	add_jsonobj
34	Can change json obj	9	change_jsonobj
35	Can delete json obj	9	delete_jsonobj
36	Can view json obj	9	view_jsonobj
37	Can add treatment	10	add_treatment
38	Can change treatment	10	change_treatment
39	Can delete treatment	10	delete_treatment
40	Can view treatment	10	view_treatment
41	Can add protocol	11	add_protocol
42	Can change protocol	11	change_protocol
43	Can delete protocol	11	delete_protocol
44	Can view protocol	11	view_protocol
45	Can add project	12	add_project
46	Can change project	12	change_project
47	Can delete project	12	delete_project
48	Can view project	12	view_project
49	Can add modification	13	add_modification
50	Can change modification	13	change_modification
51	Can delete modification	13	delete_modification
52	Can view modification	13	view_modification
53	Can add experiment	14	add_experiment
54	Can change experiment	14	change_experiment
55	Can delete experiment	14	delete_experiment
56	Can view experiment	14	view_experiment
57	Can add biosource	15	add_biosource
58	Can change biosource	15	change_biosource
59	Can delete biosource	15	delete_biosource
60	Can view biosource	15	view_biosource
61	Can add sequencing run	16	add_sequencingrun
62	Can change sequencing run	16	change_sequencingrun
63	Can delete sequencing run	16	delete_sequencingrun
64	Can view sequencing run	16	view_sequencingrun
65	Can add seqencing file	17	add_seqencingfile
66	Can change seqencing file	17	change_seqencingfile
67	Can delete seqencing file	17	delete_seqencingfile
68	Can view seqencing file	17	view_seqencingfile
69	Can add choice disease	18	add_choicedisease
70	Can change choice disease	18	change_choicedisease
71	Can delete choice disease	18	delete_choicedisease
72	Can view choice disease	18	view_choicedisease
73	Can add experiment tag	19	add_experimenttag
74	Can change experiment tag	19	change_experimenttag
75	Can delete experiment tag	19	delete_experimenttag
76	Can view experiment tag	19	view_experimenttag
\.


--
-- Data for Name: auth_user; Type: TABLE DATA; Schema: public; Owner: postgres
--

COPY public.auth_user (id, password, last_login, is_superuser, username, first_name, last_name, email, is_staff, is_active, date_joined) FROM stdin;
36	pbkdf2_sha256$180000$IgqIjrQP68bT$sJO/2d+WlAAEXbaMQDafE1rMkyyAchMzmOsluKIVr54=	2023-09-27 16:44:28.324399+00	f	anand	Ankita	Nand	ankita.nand@uhn.ca	f	t	2023-09-27 16:40:49+00
1	pbkdf2_sha256$180000$2Q6TbcahP4Mq$f5S0ALZeTeXvVG77J4fGA1VaQ6aHiokDLSrag00RLPE=	2023-09-27 16:44:44.926172+00	t	admin	Ankita	Nand	ankita.nand@uhnresearch.ca	t	t	2020-04-09 15:37:08+00
\.


--
-- Data for Name: auth_user_groups; Type: TABLE DATA; Schema: public; Owner: postgres
--

COPY public.auth_user_groups (id, user_id, group_id) FROM stdin;
25	1	1
26	1	4
63	36	4
\.


--
-- Data for Name: auth_user_user_permissions; Type: TABLE DATA; Schema: public; Owner: postgres
--

COPY public.auth_user_user_permissions (id, user_id, permission_id) FROM stdin;
625	36	1
626	36	2
627	36	3
628	36	4
629	36	5
630	36	6
631	36	7
632	36	8
633	36	9
634	36	10
635	36	11
636	36	12
637	36	13
638	36	14
639	36	15
640	36	16
641	36	17
642	36	18
643	36	19
644	36	20
645	36	21
646	36	22
647	36	23
648	36	24
649	36	25
650	36	26
651	36	27
652	36	28
653	36	29
654	36	30
655	36	31
656	36	32
657	36	33
658	36	34
659	36	35
660	36	36
661	36	37
662	36	38
663	36	39
664	36	40
665	36	41
666	36	42
667	36	43
668	36	44
669	36	45
670	36	46
671	36	47
672	36	48
673	36	49
674	36	50
675	36	51
676	36	52
677	36	53
678	36	54
679	36	55
680	36	56
681	36	57
682	36	58
683	36	59
684	36	60
685	36	61
686	36	62
687	36	63
688	36	64
689	36	65
690	36	66
691	36	67
692	36	68
693	36	69
694	36	70
695	36	71
696	36	72
697	36	73
698	36	74
699	36	75
700	36	76
\.


--
-- Data for Name: django_admin_log; Type: TABLE DATA; Schema: public; Owner: postgres
--

COPY public.django_admin_log (id, action_time, object_id, object_repr, action_flag, change_message, content_type_id, user_id) FROM stdin;
1	2020-04-09 19:00:15.475222+00	1	ATAC Seq	1	[{"added": {}}]	9	1
2	2020-04-09 19:00:37.215201+00	2	Hi-C	1	[{"added": {}}]	9	1
3	2020-04-09 19:00:56.857066+00	3	primary cell line	1	[{"added": {}}]	9	1
4	2020-04-09 19:01:15.012523+00	4	primary cell	1	[{"added": {}}]	9	1
5	2020-04-09 19:01:41.365031+00	5	cell culture details - Available	1	[{"added": {}}]	9	1
6	2020-04-09 19:01:57.041648+00	6	cell culture details - Not Available	1	[{"added": {}}]	9	1
7	2020-04-09 19:02:20.292633+00	7	TreatmentAgent	1	[{"added": {}}]	9	1
8	2020-04-09 19:02:36.854674+00	8	TreatmentRnai	1	[{"added": {}}]	9	1
9	2020-04-09 19:02:56.838406+00	1	Human	1	[{"added": {}}]	8	1
10	2020-04-09 19:03:05.262848+00	2	Mouse	1	[{"added": {}}]	8	1
11	2020-04-09 19:03:13.546572+00	3	Fly	1	[{"added": {}}]	8	1
12	2020-04-09 19:03:25.245161+00	4	Crispr	1	[{"added": {}}]	8	1
13	2020-04-09 19:03:37.844485+00	5	Stable Transfection	1	[{"added": {}}]	8	1
14	2020-04-09 19:03:46.140669+00	6	Other	1	[{"added": {}}]	8	1
15	2020-04-09 19:04:00.647587+00	7	job_dekker_lab	1	[{"added": {}}]	8	1
16	2020-04-09 19:04:08.49716+00	8	mathieu_lupien_lab	1	[{"added": {}}]	8	1
17	2020-04-09 19:04:21.380208+00	9	deletion	1	[{"added": {}}]	8	1
18	2020-04-09 19:05:03.826323+00	10	insertion	1	[{"added": {}}]	8	1
19	2020-04-09 19:05:11.15841+00	11	inversion	1	[{"added": {}}]	8	1
20	2020-04-09 19:05:17.347841+00	12	duplication	1	[{"added": {}}]	8	1
21	2020-04-09 19:05:24.312873+00	13	replacement	1	[{"added": {}}]	8	1
22	2020-04-09 19:05:30.679989+00	14	disruption	1	[{"added": {}}]	8	1
23	2020-04-09 19:05:46.320064+00	15	point mutation	1	[{"added": {}}]	8	1
24	2020-04-09 19:05:54.303016+00	16	complex change	1	[{"added": {}}]	8	1
25	2020-04-09 19:06:01.026356+00	17	unknown	1	[{"added": {}}]	8	1
26	2020-04-13 20:16:26.907952+00	1	test899	3		7	1
27	2020-04-13 20:16:38.681371+00	7	testjqwshbqwj	3		15	1
28	2020-04-13 20:16:38.69117+00	6	jkhkjjnbj	3		15	1
29	2020-04-13 20:16:38.695771+00	5	jkhkjjn	3		15	1
30	2020-04-13 20:16:38.701116+00	4	jkhkj	3		15	1
31	2020-04-13 20:16:38.705896+00	3	testnkjnkkk	3		15	1
32	2020-04-13 20:16:38.710723+00	2	testnkjnk	3		15	1
33	2020-04-13 20:16:38.715826+00	1	test	3		15	1
34	2020-05-08 05:13:36.674097+00	1	ATAC Seq	2	[{"changed": {"fields": ["Json fields"]}}]	9	1
35	2020-05-08 05:15:08.821977+00	1	ATAC Seq	2	[{"changed": {"fields": ["Json fields"]}}]	9	1
36	2020-05-08 05:45:14.06009+00	7	2w32	3		14	1
37	2020-05-08 05:45:14.065217+00	6	sxsdcsdcsdc	3		14	1
38	2020-05-08 05:45:14.067792+00	5	testhhhhhh	3		14	1
39	2020-05-08 05:45:14.070865+00	4	exp1	3		14	1
40	2020-05-08 05:48:49.437609+00	18	Experiment Authentication	1	[{"added": {}}]	8	1
41	2020-05-08 05:48:58.981786+00	19	Karyotyping Authentication	1	[{"added": {}}]	8	1
42	2020-05-08 05:49:07.808814+00	20	Differentiation Authentication	1	[{"added": {}}]	8	1
43	2020-05-08 05:49:15.775743+00	21	Cell cycle Authentication	1	[{"added": {}}]	8	1
44	2020-05-08 05:49:23.361125+00	22	Ploidy Authentication	1	[{"added": {}}]	8	1
45	2020-05-08 05:49:31.538163+00	23	Instrument Authentication	1	[{"added": {}}]	8	1
46	2020-05-08 05:49:40.51963+00	24	Antibody Authentication	1	[{"added": {}}]	8	1
47	2020-05-08 05:49:50.490174+00	25	Tissue Preparation Methods	1	[{"added": {}}]	8	1
48	2020-05-08 06:25:56.551266+00	2	Hi-C	2	[{"changed": {"fields": ["Json fields"]}}]	9	1
49	2020-05-08 06:27:45.645738+00	1	ATAC Seq	2	[{"changed": {"fields": ["Json fields"]}}]	9	1
50	2020-05-08 06:28:59.02315+00	1	ATAC Seq	2	[{"changed": {"fields": ["Json fields"]}}]	9	1
51	2020-05-08 06:36:43.232448+00	26	g	1	[{"added": {}}]	8	1
52	2020-05-08 06:36:50.689402+00	27	mg	1	[{"added": {}}]	8	1
53	2020-05-08 06:36:58.403963+00	28	μg	1	[{"added": {}}]	8	1
54	2020-05-08 06:37:05.953942+00	29	ml	1	[{"added": {}}]	8	1
55	2020-05-08 06:37:13.484785+00	30	cells	1	[{"added": {}}]	8	1
56	2020-05-08 06:41:24.933667+00	3	exp	3		14	1
57	2020-05-08 17:54:48.086714+00	31	UHN sequencing core	1	[{"added": {}}]	8	1
58	2020-05-08 17:56:12.154191+00	32	Illumina HiSeq 4000	1	[{"added": {}}]	8	1
59	2020-05-08 17:57:45.602885+00	33	PacBio Sequel II	1	[{"added": {}}]	8	1
60	2020-05-08 19:21:59.303431+00	2	user	1	[{"added": {}}]	4	1
61	2020-05-08 19:22:50.551337+00	2	user	2	[{"changed": {"fields": ["First name", "Last name", "Email address", "User permissions"]}}]	4	1
62	2020-05-11 18:15:34.204972+00	3	james	1	[{"added": {}}]	4	1
63	2020-05-11 18:16:11.000016+00	3	james	2	[{"changed": {"fields": ["First name", "User permissions"]}}]	4	1
64	2020-05-11 18:16:46.336385+00	4	kip	1	[{"added": {}}]	4	1
65	2020-05-11 18:17:08.546333+00	4	kip	2	[{"changed": {"fields": ["First name", "User permissions"]}}]	4	1
66	2020-06-05 22:43:51.017325+00	5	bansri	1	[{"added": {}}]	4	1
67	2020-06-05 22:44:37.953601+00	5	bansri	2	[{"changed": {"fields": ["First name", "Last name", "Email address", "User permissions"]}}]	4	1
68	2020-06-24 17:44:07.516335+00	34	fastq	1	[{"added": {}}]	8	1
69	2020-06-24 17:44:18.173292+00	35	fasta	1	[{"added": {}}]	8	1
70	2020-06-24 18:02:22.701158+00	9	tissue	1	[{"added": {}}]	9	1
71	2020-06-24 18:14:42.925534+00	9	tissue	2	[{"changed": {"fields": ["Json fields"]}}]	9	1
72	2020-06-24 18:15:52.122845+00	4	primary cell	2	[{"changed": {"fields": ["Json fields"]}}]	9	1
73	2020-06-24 18:17:11.863171+00	3	cell line	2	[{"changed": {"fields": ["Name", "Json fields"]}}]	9	1
74	2020-06-24 18:18:27.215082+00	9	tissue	2	[{"changed": {"fields": ["Json fields"]}}]	9	1
75	2020-06-25 00:55:16.134637+00	6	sarina	1	[{"added": {}}]	4	1
76	2020-06-25 00:57:11.987028+00	6	sarina	2	[{"changed": {"fields": ["First name", "Last name", "Email address", "User permissions"]}}]	4	1
77	2020-06-25 00:58:14.519389+00	3	james	2	[{"changed": {"fields": ["Last name", "Email address", "User permissions"]}}]	4	1
78	2020-06-25 00:59:17.413536+00	4	kip	2	[{"changed": {"fields": ["First name", "Last name", "Email address", "User permissions"]}}]	4	1
79	2020-06-25 00:59:50.147776+00	2	user	3		4	1
80	2020-06-25 02:03:21.108389+00	1	ATAC Seq	2	[{"changed": {"fields": ["Json fields"]}}]	9	1
81	2020-06-25 02:08:35.753126+00	36	NovaSeq 6000	1	[{"added": {}}]	8	1
82	2020-06-25 02:09:48.949382+00	37	MiSeq	1	[{"added": {}}]	8	1
83	2020-06-25 02:12:50.696896+00	38	NextSeq 550	1	[{"added": {}}]	8	1
84	2020-06-25 03:43:01.968037+00	1	admin_access	1	[{"added": {}}]	3	1
85	2020-06-25 03:52:44.578883+00	2	edit_access	1	[{"added": {}}]	3	1
86	2020-06-25 03:54:25.847751+00	3	view_access	1	[{"added": {}}]	3	1
381	2021-01-08 19:00:34.184137+00	64	scATAC_TNBC_PDX_241417_p2	3		14	1
87	2020-06-25 03:55:13.051234+00	5	bansri	2	[{"changed": {"fields": ["Groups", "User permissions"]}}]	4	1
88	2020-06-25 03:55:29.467736+00	3	james	2	[{"changed": {"fields": ["Groups", "User permissions"]}}]	4	1
89	2020-06-25 03:55:42.976298+00	4	kip	2	[{"changed": {"fields": ["Groups", "User permissions"]}}]	4	1
90	2020-06-25 03:55:56.923524+00	6	sarina	2	[{"changed": {"fields": ["Groups", "User permissions"]}}]	4	1
91	2020-06-25 03:56:50.735393+00	1	admin	2	[{"changed": {"fields": ["First name", "Last name", "Email address"]}}]	4	1
92	2020-07-09 17:33:34.746888+00	8	LNCap_FoxA1-GFP	3		7	1
93	2020-07-09 17:33:34.751192+00	7	Kip_modification_of_LnCap	3		7	1
94	2020-07-09 17:33:34.753796+00	5	xasx	3		7	1
95	2020-07-09 17:33:34.756132+00	4	sample12	3		7	1
96	2020-07-09 17:33:34.762281+00	3	testsample	3		7	1
97	2020-07-09 17:34:09.521834+00	13	LNCap_FoxA1-GFP	3		15	1
98	2020-07-09 17:34:09.525849+00	10	bio1	3		15	1
99	2020-07-09 17:34:09.528635+00	9	test-source	3		15	1
100	2020-07-09 17:34:38.584312+00	6	kips_treatment	3		10	1
101	2020-07-09 17:34:38.589+00	5	testswsqwqw	3		10	1
102	2020-07-09 17:34:38.591811+00	4	wded	3		10	1
103	2020-07-09 17:34:38.594326+00	3	eceec	3		10	1
104	2020-07-09 17:34:38.596944+00	2	CDCDCF	3		10	1
105	2020-07-09 17:34:38.599695+00	1	test	3		10	1
106	2020-07-09 17:35:07.341299+00	14	Kips_modification	3		13	1
107	2020-07-09 17:35:07.345985+00	12	test	3		13	1
108	2020-07-09 17:35:07.348611+00	11	mod	3		13	1
109	2020-07-09 17:35:07.351716+00	10	wded	3		13	1
110	2020-07-09 17:35:07.354203+00	9	testD33	3		13	1
111	2020-07-09 17:35:07.3566+00	8	dewdd	3		13	1
112	2020-07-09 17:35:07.359069+00	7	qwswdededed	3		13	1
113	2020-07-09 17:35:07.362063+00	6	qwsw	3		13	1
114	2020-07-09 17:35:07.364377+00	5	edwedewdcdc	3		13	1
115	2020-07-09 17:35:07.366836+00	4	edwedew	3		13	1
116	2020-07-09 17:35:07.369407+00	3	qsqwsqwcddsc	3		13	1
117	2020-07-09 17:35:07.371948+00	2	qsqwsqwcd	3		13	1
118	2020-07-09 17:35:07.374315+00	1	qsqwsqw	3		13	1
119	2020-07-09 17:35:48.190781+00	5	BP	3		16	1
120	2020-07-09 17:35:48.194439+00	4	this_again	3		16	1
121	2020-07-09 17:35:48.1969+00	1	run1	3		16	1
122	2020-07-09 17:37:38.380392+00	5	Bansri_test_1	3		12	1
123	2020-07-09 17:37:38.384249+00	3	Kip_Test_1	3		12	1
124	2020-07-09 17:37:38.386804+00	2	test2	3		12	1
125	2020-07-09 17:37:38.38945+00	1	test1667	3		12	1
126	2020-07-22 16:48:33.743107+00	1	ATAC Seq	2	[{"changed": {"fields": ["Json fields"]}}]	9	1
127	2020-07-22 16:55:23.341918+00	7	job_dekker_lab	3		8	1
128	2020-07-22 16:56:58.8907+00	8	mathieu_lupien_lab	2	[]	8	1
129	2020-07-22 16:57:09.05184+00	39	john_dick_lab	1	[{"added": {}}]	8	1
130	2020-07-22 16:58:11.808953+00	40	benjamin_haibe-kains_lab	1	[{"added": {}}]	8	1
131	2020-07-22 16:58:46.598102+00	41	michael_hoffman_lab	1	[{"added": {}}]	8	1
132	2020-07-22 17:01:30.369073+00	1	ATAC Seq	2	[{"changed": {"fields": ["Json fields"]}}]	9	1
133	2020-07-22 17:21:29.76183+00	1	ATAC Seq	2	[{"changed": {"fields": ["Json fields"]}}]	9	1
134	2020-07-22 20:19:00.696115+00	7	jocelyn	1	[{"added": {}}]	4	1
135	2020-07-22 20:19:32.340995+00	7	jocelyn	2	[{"changed": {"fields": ["First name", "Last name", "Email address", "Groups"]}}]	4	1
136	2020-07-22 20:19:58.188808+00	7	jocelyn	2	[{"changed": {"fields": ["First name", "Last name"]}}]	4	1
137	2020-07-22 20:20:48.389118+00	8	giacomo	1	[{"added": {}}]	4	1
138	2020-07-22 20:21:07.5723+00	8	giacomo	2	[{"changed": {"fields": ["First name", "Last name", "Email address", "Groups"]}}]	4	1
139	2020-07-22 20:21:56.201921+00	9	mathieu	1	[{"added": {}}]	4	1
140	2020-07-22 20:22:37.647447+00	9	mathieu	2	[{"changed": {"fields": ["First name", "Last name", "Email address", "Groups"]}}]	4	1
141	2020-07-22 20:22:58.559689+00	8	giacomo	2	[{"changed": {"fields": ["Email address"]}}]	4	1
142	2020-07-22 20:23:38.489345+00	10	stanley	1	[{"added": {}}]	4	1
143	2020-07-22 20:23:45.337683+00	10	stanley	2	[{"changed": {"fields": ["Groups"]}}]	4	1
144	2020-07-22 20:25:07.477736+00	10	stanley	2	[{"changed": {"fields": ["First name", "Last name", "Email address"]}}]	4	1
145	2020-07-22 20:25:52.459907+00	11	ali	1	[{"added": {}}]	4	1
146	2020-07-22 20:26:19.786198+00	11	ali	2	[{"changed": {"fields": ["First name", "Last name", "Email address", "Groups"]}}]	4	1
147	2020-07-22 20:26:23.996768+00	11	ali	2	[]	4	1
148	2020-07-22 20:27:05.794509+00	12	shalini	1	[{"added": {}}]	4	1
149	2020-07-22 20:27:33.385454+00	12	shalini	2	[{"changed": {"fields": ["First name", "Last name", "Email address", "Groups"]}}]	4	1
150	2020-07-22 20:28:20.104115+00	13	qin	1	[{"added": {}}]	4	1
151	2020-07-22 20:28:42.487054+00	13	qin	2	[{"changed": {"fields": ["First name", "Last name", "Email address", "Groups"]}}]	4	1
152	2020-07-22 22:50:20.602698+00	14	nergiz	1	[{"added": {}}]	4	1
153	2020-07-22 22:50:49.741339+00	14	nergiz	2	[{"changed": {"fields": ["First name", "Last name", "Email address", "Groups"]}}]	4	1
154	2020-07-22 22:50:53.4653+00	14	nergiz	2	[]	4	1
155	2020-07-22 22:56:36.906704+00	15	bettina	1	[{"added": {}}]	4	1
156	2020-07-22 22:56:48.648659+00	15	bettina	2	[{"changed": {"fields": ["First name", "Groups"]}}]	4	1
157	2020-07-22 22:58:17.788911+00	16	paul	1	[{"added": {}}]	4	1
158	2020-07-22 22:58:42.871212+00	16	paul	2	[{"changed": {"fields": ["First name", "Last name", "Email address", "Groups"]}}]	4	1
159	2020-07-22 22:59:33.335191+00	17	ken	1	[{"added": {}}]	4	1
160	2020-07-22 23:00:06.221303+00	17	ken	2	[{"changed": {"fields": ["First name", "Last name", "Groups"]}}]	4	1
161	2020-07-22 23:01:57.453015+00	18	alex	1	[{"added": {}}]	4	1
162	2020-07-22 23:02:19.067069+00	18	alex	2	[{"changed": {"fields": ["First name", "Last name", "Email address", "Groups"]}}]	4	1
163	2020-07-22 23:06:06.945868+00	19	genevieve	1	[{"added": {}}]	4	1
164	2020-07-22 23:06:24.106874+00	19	genevieve	2	[{"changed": {"fields": ["First name", "Last name", "Groups"]}}]	4	1
165	2020-07-22 23:08:08.214248+00	20	aditi	1	[{"added": {}}]	4	1
166	2020-07-22 23:08:26.80318+00	20	aditi	2	[{"changed": {"fields": ["First name", "Last name", "Groups"]}}]	4	1
167	2020-07-22 23:09:35.210645+00	21	parisa	1	[{"added": {}}]	4	1
168	2020-07-22 23:09:52.039335+00	21	parisa	2	[{"changed": {"fields": ["First name", "Last name", "Groups"]}}]	4	1
169	2020-08-06 20:38:16.422072+00	22		1	[{"added": {}}]	4	1
170	2020-08-06 20:38:42.87013+00	22	Tina Keshavarzian	2	[{"changed": {"fields": ["First name", "Last name", "Email address", "Groups"]}}]	4	1
171	2020-08-17 20:35:06.905356+00	23		1	[{"added": {}}]	4	1
382	2021-01-08 19:00:34.186696+00	63	scATAC_TNBC_PDX_241417_ERIB_Res_p3	3		14	1
172	2020-08-17 20:36:20.319253+00	23	Samah Ghamrasni	2	[{"changed": {"fields": ["First name", "Last name", "Email address", "Groups"]}}]	4	1
173	2020-08-17 20:51:14.936818+00	10	tissue_Xplants	1	[{"added": {}}]	9	1
174	2020-08-17 21:00:50.567998+00	9	tissue	2	[{"changed": {"fields": ["Json fields"]}}]	9	1
175	2020-08-17 21:11:13.841524+00	9	tissue	2	[{"changed": {"fields": ["Json fields"]}}]	9	1
176	2020-08-17 21:13:41.725579+00	10	tissue_Xplants	2	[{"changed": {"fields": ["Json fields"]}}]	9	1
177	2020-08-17 21:18:43.900836+00	15	Primary_Prostate_tumour_sample_1	2	[{"changed": {"fields": ["Json fields"]}}]	15	1
178	2020-08-17 21:20:32.306107+00	14	Explant	2	[{"changed": {"fields": ["Biomaterial type", "Json fields"]}}]	15	1
179	2020-08-17 21:20:40.697075+00	22	ede1	3		15	1
180	2020-08-17 21:20:40.700962+00	21	ede	3		15	1
181	2020-08-17 23:58:57.147236+00	11	ExperimentSeq	1	[{"added": {}}]	9	1
182	2020-08-17 23:59:41.055032+00	11	ExperimentSeq	2	[]	9	1
183	2020-08-18 15:07:25.505113+00	10	tissue explants	2	[{"changed": {"fields": ["Name"]}}]	9	1
184	2020-08-20 03:30:32.576611+00	11	ChIP-seq	2	[{"changed": {"fields": ["Name", "Json fields"]}}]	9	1
185	2020-08-20 03:33:46.752454+00	11	ChIP-seq	2	[{"changed": {"fields": ["Json fields"]}}]	9	1
186	2020-08-20 03:41:52.136258+00	12	RNA-Seq	1	[{"added": {}}]	9	1
187	2020-08-25 21:33:28.636527+00	31	Princess Margaret Genomics Centre	2	[{"changed": {"fields": ["Name"]}}]	8	1
188	2020-08-25 23:15:46.939569+00	6	culture details - Not Available	2	[{"changed": {"fields": ["Name", "Json type"]}}]	9	1
189	2020-08-25 23:15:57.671067+00	5	culture details - Available	2	[{"changed": {"fields": ["Name", "Json type"]}}]	9	1
190	2020-08-25 23:16:33.36556+00	6	culture details - Not Available	2	[{"changed": {"fields": ["Json type"]}}]	9	1
191	2020-08-26 03:30:47.86003+00	9	tissue	2	[{"changed": {"fields": ["Json fields"]}}]	9	1
192	2020-08-26 03:31:28.433348+00	4	primary cell	2	[{"changed": {"fields": ["Json fields"]}}]	9	1
193	2020-08-26 03:32:22.110243+00	3	cell line	2	[{"changed": {"fields": ["Json fields"]}}]	9	1
194	2020-08-26 23:42:50.531532+00	24	Primary_prostate_tumour	2	[{"changed": {"fields": ["Json fields"]}}]	15	1
195	2020-08-26 23:42:58.767997+00	23	TNBC-pdx	2	[{"changed": {"fields": ["Json fields"]}}]	15	1
196	2020-08-26 23:43:14.71375+00	19	UHN_BioBank_Primary_Prostate	2	[{"changed": {"fields": ["Json fields"]}}]	15	1
197	2020-08-26 23:43:31.457556+00	17	BT127_C	2	[{"changed": {"fields": ["Json fields"]}}]	15	1
198	2020-08-26 23:43:45.54309+00	15	Primary_Prostate_tumour_sample_1	2	[{"changed": {"fields": ["Json fields"]}}]	15	1
199	2020-08-26 23:43:53.226414+00	14	Explant	2	[{"changed": {"fields": ["Json fields"]}}]	15	1
200	2020-08-26 23:44:00.907211+00	12	CPC-GENE	2	[{"changed": {"fields": ["Json fields"]}}]	15	1
201	2020-08-26 23:45:15.472315+00	10	tissue explants	2	[{"changed": {"fields": ["Json fields"]}}]	9	1
202	2020-08-26 23:45:23.465152+00	9	tissue	2	[{"changed": {"fields": ["Json fields"]}}]	9	1
203	2020-08-26 23:45:33.26935+00	4	primary cell	2	[{"changed": {"fields": ["Json fields"]}}]	9	1
204	2020-08-27 17:29:09.499324+00	10	tissue explants	2	[{"changed": {"fields": ["Json fields"]}}]	9	1
205	2020-08-27 17:31:25.540115+00	3	cell line	2	[{"changed": {"fields": ["Json fields"]}}]	9	1
206	2020-08-27 17:41:22.572527+00	10	tissue explants	2	[{"changed": {"fields": ["Json fields"]}}]	9	1
207	2020-08-27 17:42:01.301048+00	9	tissue	2	[{"changed": {"fields": ["Json fields"]}}]	9	1
208	2020-08-27 17:42:32.804885+00	4	primary cell	2	[{"changed": {"fields": ["Json fields"]}}]	9	1
209	2020-08-27 17:42:58.05076+00	3	cell line	2	[{"changed": {"fields": ["Json fields"]}}]	9	1
210	2020-08-27 17:43:27.283077+00	10	tissue explants	2	[{"changed": {"fields": ["Json fields"]}}]	9	1
211	2020-08-27 17:44:23.208047+00	24	Primary_prostate_tumour	2	[{"changed": {"fields": ["Json fields"]}}]	15	1
212	2020-08-27 17:44:39.188185+00	23	TNBC-pdx	2	[{"changed": {"fields": ["Json fields"]}}]	15	1
213	2020-08-27 17:45:15.92276+00	19	UHN_BioBank_Primary_Prostate	2	[{"changed": {"fields": ["Json fields"]}}]	15	1
214	2020-08-27 17:45:27.572171+00	18	BT84_C	2	[{"changed": {"fields": ["Json fields"]}}]	15	1
215	2020-08-27 17:45:44.387141+00	17	BT127_C	2	[{"changed": {"fields": ["Json fields"]}}]	15	1
216	2020-08-27 17:46:08.915099+00	15	Primary_Prostate_tumour_sample_1	2	[{"changed": {"fields": ["Json fields"]}}]	15	1
217	2020-08-27 17:46:28.076964+00	14	Explant	2	[{"changed": {"fields": ["Json fields"]}}]	15	1
218	2020-08-27 17:46:42.270599+00	12	CPC-GENE	2	[{"changed": {"fields": ["Json fields"]}}]	15	1
219	2020-09-25 04:36:24.63441+00	1	Brain	1	[{"added": {}}]	18	1
220	2020-09-25 04:36:34.704774+00	2	Blood	1	[{"added": {}}]	18	1
221	2020-09-25 04:36:43.314814+00	3	Bone	1	[{"added": {}}]	18	1
222	2020-09-25 04:36:58.215902+00	4	Prostate	1	[{"added": {}}]	18	1
223	2020-09-25 04:37:10.15922+00	5	Mammary	1	[{"added": {}}]	18	1
224	2020-09-25 04:37:19.551275+00	6	Vagina	1	[{"added": {}}]	18	1
225	2020-09-25 04:37:34.519242+00	7	Lung	1	[{"added": {}}]	18	1
226	2020-09-25 04:37:54.875462+00	8	Colon	1	[{"added": {}}]	18	1
227	2020-09-25 04:47:03.738553+00	9	Breast	1	[{"added": {}}]	18	1
228	2020-09-25 04:59:27.784722+00	10	Pancreas	1	[{"added": {}}]	18	1
229	2020-09-25 05:05:48.064564+00	1	ATAC-Seq	2	[{"changed": {"fields": ["Name"]}}]	9	1
230	2020-11-17 20:42:49.062171+00	14	Nergiz Artun	2	[{"changed": {"fields": ["password"]}}]	4	1
231	2020-11-26 16:11:54.791775+00	24		1	[{"added": {}}]	4	1
232	2020-11-26 16:12:49.782892+00	24	Kira Kornienko	2	[{"changed": {"fields": ["First name", "Last name", "Email address", "Groups"]}}]	4	1
233	2020-12-01 20:10:50.599491+00	7	Jocelyn Chen	2	[{"changed": {"fields": ["password"]}}]	4	1
234	2020-12-01 20:50:23.179037+00	25	Tissue Preparation Methods	2	[]	8	1
235	2020-12-01 20:51:18.857344+00	42	Experiment protocol	1	[{"added": {}}]	8	1
236	2020-12-07 20:07:26.508746+00	7	Jocelyn Chen	2	[{"changed": {"fields": ["password"]}}]	4	1
237	2020-12-07 20:29:43.459689+00	37	MDAMB436-ctl-N5	2	[{"changed": {"fields": ["Biosample"]}}]	14	1
238	2020-12-07 20:30:00.530943+00	38	MDAMB436-gemR-A-A3	2	[{"changed": {"fields": ["Biosample"]}}]	14	1
239	2020-12-07 20:30:10.361434+00	39	MDAMB436-gemR-A-A5	2	[{"changed": {"fields": ["Biosample"]}}]	14	1
240	2020-12-07 20:30:18.560457+00	40	MDAMB436-gemR-B-B3	2	[{"changed": {"fields": ["Biosample"]}}]	14	1
241	2020-12-07 20:30:27.759533+00	41	MDAMB436-gemR-B-B5	2	[{"changed": {"fields": ["Biosample"]}}]	14	1
242	2020-12-07 20:30:36.813586+00	42	MDAMB436-gemR-C-C3	2	[{"changed": {"fields": ["Biosample"]}}]	14	1
243	2020-12-07 20:30:43.539962+00	43	MDAMB436-gemR-C-C4	2	[{"changed": {"fields": ["Biosample"]}}]	14	1
244	2020-12-08 23:04:39.645404+00	55	CB_input_12032020_rep3	2	[{"changed": {"fields": ["Biosample"]}}]	14	1
245	2020-12-08 23:04:50.947419+00	54	CB_input_12032020_rep2	2	[{"changed": {"fields": ["Biosample"]}}]	14	1
246	2020-12-08 23:05:07.27701+00	53	CB_cMyc_12032020_rep3	2	[{"changed": {"fields": ["Biosample"]}}]	14	1
247	2020-12-08 23:05:16.657418+00	52	CB_cMyc_12032020_rep2	2	[{"changed": {"fields": ["Biosample"]}}]	14	1
248	2020-12-08 23:05:28.775091+00	51	CB_cMyc_11242020_rep1	2	[{"changed": {"fields": ["Biosample"]}}]	14	1
249	2020-12-08 23:05:39.17987+00	50	CB_TFEB_12032020_rep3	2	[{"changed": {"fields": ["Biosample"]}}]	14	1
250	2020-12-08 23:05:48.79729+00	49	CB_TFEB_12032020_rep2	2	[{"changed": {"fields": ["Biosample"]}}]	14	1
251	2020-12-08 23:05:57.977455+00	48	CB_TFEB_11242020_rep1	2	[{"changed": {"fields": ["Biosample"]}}]	14	1
252	2020-12-08 23:06:13.737139+00	47	CB_H3K27ac_12032020_rep3	2	[{"changed": {"fields": ["Biosample"]}}]	14	1
253	2020-12-08 23:06:25.469235+00	46	CB_H3K27ac_12032020_rep2	2	[{"changed": {"fields": ["Biosample"]}}]	14	1
254	2020-12-08 23:06:36.499684+00	45	CB_H3K27ac_11242020_rep1	2	[{"changed": {"fields": ["Biosample"]}}]	14	1
255	2020-12-09 00:59:38.815764+00	12	RNA-Seq	2	[{"changed": {"fields": ["Json fields"]}}]	9	1
256	2020-12-09 01:00:21.435087+00	11	ChIP-seq	2	[{"changed": {"fields": ["Json fields"]}}]	9	1
257	2020-12-09 01:03:52.654897+00	55	CB_input_12032020_rep3	2	[{"changed": {"fields": ["Json fields"]}}]	14	1
258	2020-12-09 01:04:02.765082+00	54	CB_input_12032020_rep2	2	[{"changed": {"fields": ["Json fields"]}}]	14	1
259	2020-12-09 01:04:12.509219+00	53	CB_cMyc_12032020_rep3	2	[{"changed": {"fields": ["Json fields"]}}]	14	1
260	2020-12-09 01:04:22.374791+00	52	CB_cMyc_12032020_rep2	2	[{"changed": {"fields": ["Json fields"]}}]	14	1
261	2020-12-09 01:04:37.597549+00	51	CB_cMyc_11242020_rep1	2	[{"changed": {"fields": ["Json fields"]}}]	14	1
262	2020-12-09 01:05:00.453744+00	50	CB_TFEB_12032020_rep3	2	[{"changed": {"fields": ["Json fields"]}}]	14	1
263	2020-12-09 01:05:15.651707+00	49	CB_TFEB_12032020_rep2	2	[{"changed": {"fields": ["Json fields"]}}]	14	1
264	2020-12-09 01:05:30.4475+00	48	CB_TFEB_11242020_rep1	2	[{"changed": {"fields": ["Json fields"]}}]	14	1
265	2020-12-09 01:05:45.189522+00	47	CB_H3K27ac_12032020_rep3	2	[{"changed": {"fields": ["Json fields"]}}]	14	1
266	2020-12-09 01:05:59.388772+00	46	CB_H3K27ac_12032020_rep2	2	[{"changed": {"fields": ["Json fields"]}}]	14	1
267	2020-12-09 01:06:11.306525+00	45	CB_H3K27ac_11242020_rep1	2	[{"changed": {"fields": ["Json fields"]}}]	14	1
268	2020-12-09 01:06:24.199237+00	44	CB_input_11242020_rep1	2	[{"changed": {"fields": ["Json fields"]}}]	14	1
269	2020-12-09 01:06:48.312138+00	43	MDAMB436-gemR-C-C4	2	[{"changed": {"fields": ["Json fields"]}}]	14	1
270	2020-12-09 01:07:09.645541+00	42	MDAMB436-gemR-C-C3	2	[{"changed": {"fields": ["Json fields"]}}]	14	1
271	2020-12-09 01:07:28.869856+00	41	MDAMB436-gemR-B-B5	2	[{"changed": {"fields": ["Json fields"]}}]	14	1
272	2020-12-09 01:07:43.069959+00	40	MDAMB436-gemR-B-B3	2	[{"changed": {"fields": ["Json fields"]}}]	14	1
273	2020-12-09 01:07:55.306069+00	39	MDAMB436-gemR-A-A5	2	[{"changed": {"fields": ["Json fields"]}}]	14	1
274	2020-12-09 01:08:08.337367+00	38	MDAMB436-gemR-A-A3	2	[{"changed": {"fields": ["Json fields"]}}]	14	1
275	2020-12-09 01:08:26.684775+00	37	MDAMB436-ctl-N5	2	[{"changed": {"fields": ["Json fields"]}}]	14	1
276	2020-12-09 01:08:40.03119+00	36	MDAMB436-ctl-N1	2	[{"changed": {"fields": ["Json fields"]}}]	14	1
277	2020-12-09 01:08:52.739434+00	35	Benign-Prostate-3330581_RNA	2	[{"changed": {"fields": ["Json fields"]}}]	14	1
278	2020-12-09 01:09:06.674361+00	34	Benign-Prostate-3320942_RNA	2	[{"changed": {"fields": ["Json fields"]}}]	14	1
279	2020-12-09 01:09:25.3737+00	33	Benign-Prostate-1664855_RNA	2	[{"changed": {"fields": ["Json fields"]}}]	14	1
280	2020-12-09 01:09:40.245197+00	32	Benign-Prostate-1648133_RNA	2	[{"changed": {"fields": ["Json fields"]}}]	14	1
281	2020-12-09 01:09:52.335205+00	31	Benign-Prostate-1595983_RNA	2	[{"changed": {"fields": ["Json fields"]}}]	14	1
282	2020-12-09 01:10:10.215808+00	30	ATAC-seq_PDX13notch	2	[{"changed": {"fields": ["Json fields"]}}]	14	1
283	2020-12-09 01:10:25.75616+00	29	PCa1394	2	[{"changed": {"fields": ["Json fields"]}}]	14	1
284	2020-12-09 01:10:52.863331+00	21	PPTO.64b_ATAC	2	[{"changed": {"fields": ["Json fields"]}}]	14	1
285	2020-12-09 01:12:38.321335+00	1	ATAC-Seq	2	[{"changed": {"fields": ["Json fields"]}}]	9	1
286	2020-12-09 02:18:10.355781+00	34	MDA-MB-436-gemR-C-11072019	2	[{"changed": {"fields": ["Json fields"]}}]	7	1
287	2020-12-09 02:20:24.181269+00	34	MDA-MB-436-gemR-C-11072019	2	[]	7	1
288	2020-12-09 02:23:09.966628+00	34	MDA-MB-436-gemR-C-11072019	2	[{"changed": {"fields": ["Json fields"]}}]	7	1
289	2020-12-09 02:26:11.925457+00	28	MDA-MB-436-sensitive-11072019	2	[{"changed": {"fields": ["Json fields"]}}]	7	1
290	2020-12-09 02:26:36.397314+00	29	MDA-MB-436-gemR-A-10302019	2	[{"changed": {"fields": ["Json fields"]}}]	7	1
291	2020-12-09 02:26:45.323286+00	28	MDA-MB-436-sensitive-11072019	2	[{"changed": {"fields": ["Json fields"]}}]	7	1
292	2020-12-09 02:27:14.713379+00	30	MDA-MB-436-gemR-A-11072019	2	[{"changed": {"fields": ["Json fields"]}}]	7	1
293	2020-12-09 02:27:34.990194+00	31	MDA-MB-436-gemR-B-10302019	2	[{"changed": {"fields": ["Json fields"]}}]	7	1
294	2020-12-09 02:28:01.406094+00	32	MDA-MB-436-gemR-B-11072019	2	[{"changed": {"fields": ["Json fields"]}}]	7	1
295	2020-12-09 02:28:12.476786+00	31	MDA-MB-436-gemR-B-10302019	2	[{"changed": {"fields": ["Json fields"]}}]	7	1
296	2020-12-09 02:28:23.596599+00	30	MDA-MB-436-gemR-A-11072019	2	[{"changed": {"fields": ["Json fields"]}}]	7	1
297	2020-12-09 02:28:58.635088+00	33	MDA-MB-436-gemR-C-10302019	2	[{"changed": {"fields": ["Json fields"]}}]	7	1
298	2020-12-10 16:20:47.409836+00	41	michael_hoffman_lab	2	[]	8	1
299	2020-12-10 16:21:40.409243+00	43	dave_cescon_lab	1	[{"added": {}}]	8	1
300	2020-12-10 16:30:39.446242+00	1	ATAC-Seq	2	[]	9	1
301	2020-12-10 16:30:54.094721+00	13	scATAC	1	[{"added": {}}]	9	1
302	2020-12-10 16:53:34.299876+00	7	TreatmentAgent	2	[{"changed": {"fields": ["Json fields"]}}]	9	1
303	2020-12-10 16:56:11.813653+00	7	TreatmentAgent	2	[{"changed": {"fields": ["Json fields"]}}]	9	1
304	2020-12-10 17:08:25.716431+00	12	Eribulin_0.5_mg_kg	2	[{"changed": {"fields": ["Name"]}}]	10	1
305	2020-12-10 20:21:57.042689+00	56	scTNBC_PDX_73263_p2	2	[{"changed": {"fields": ["Created by", "Last edited by"]}}]	7	1
306	2020-12-10 20:22:09.174401+00	55	scTNBC_PDX_73230_p2	2	[{"changed": {"fields": ["Created by", "Last edited by"]}}]	7	1
307	2020-12-10 20:22:21.110993+00	54	scTNBC_PDX_73471_p2	2	[{"changed": {"fields": ["Created by", "Last edited by"]}}]	7	1
308	2020-12-10 20:22:32.924831+00	53	scTNBC_PDX_241417_p2	2	[{"changed": {"fields": ["Created by", "Last edited by"]}}]	7	1
309	2020-12-10 20:22:45.507817+00	52	scTNBC_PDX_73263_ERIB_Res	2	[{"changed": {"fields": ["Created by", "Last edited by"]}}]	7	1
310	2020-12-10 20:22:58.213102+00	51	scTNBC_PDX_73230_ERIB_Res	2	[{"changed": {"fields": ["Created by", "Last edited by"]}}]	7	1
311	2020-12-10 20:23:09.412685+00	50	scTNBC_PDX_73471_ERIB_Res	2	[{"changed": {"fields": ["Created by", "Last edited by"]}}]	7	1
312	2020-12-10 20:23:20.422511+00	49	scTNBC_PDX_241417_ERIB_Res_p3	2	[{"changed": {"fields": ["Created by", "Last edited by"]}}]	7	1
313	2020-12-10 20:24:54.975555+00	56	scTNBC_PDX_73263_p2	2	[{"changed": {"fields": ["Collection date"]}}]	7	1
314	2020-12-10 20:25:04.582014+00	55	scTNBC_PDX_73230_p2	2	[{"changed": {"fields": ["Collection date"]}}]	7	1
315	2020-12-10 20:25:11.925998+00	54	scTNBC_PDX_73471_p2	2	[{"changed": {"fields": ["Collection date"]}}]	7	1
316	2020-12-10 20:25:20.32982+00	53	scTNBC_PDX_241417_p2	2	[{"changed": {"fields": ["Collection date"]}}]	7	1
317	2020-12-16 21:31:17.622219+00	1	ATAC-seq	2	[{"changed": {"fields": ["Name"]}}]	9	1
318	2020-12-16 21:32:36.547315+00	12	RNA-seq	2	[{"changed": {"fields": ["Name"]}}]	9	1
319	2020-12-24 21:25:18.617271+00	44	Fresh cells	1	[{"added": {}}]	8	1
320	2020-12-24 21:25:33.722009+00	45	Frozen tissue	1	[{"added": {}}]	8	1
321	2020-12-24 21:25:42.489221+00	46	DNA	1	[{"added": {}}]	8	1
322	2020-12-24 21:25:57.449611+00	47	Libraries	1	[{"added": {}}]	8	1
323	2020-12-24 21:43:04.984288+00	15	Bettina Nadorp	2	[{"changed": {"fields": ["Last name", "Email address"]}}]	4	1
324	2020-12-24 21:44:26.748312+00	19	Genevieve Deblois	2	[{"changed": {"fields": ["Email address"]}}]	4	1
325	2020-12-24 21:51:39.580111+00	17	Ken Kron	2	[{"changed": {"fields": ["Email address"]}}]	4	1
326	2020-12-24 21:52:37.53292+00	21	Parisa Mazrooei	2	[{"changed": {"fields": ["Email address"]}}]	4	1
327	2020-12-24 21:53:38.110208+00	20	Aditi Qamra	2	[{"changed": {"fields": ["Email address"]}}]	4	1
328	2020-12-24 23:02:41.249078+00	56	scATAC_TNBC_PDX_70620_p2	2	[{"changed": {"fields": ["Uid"]}}]	14	1
329	2020-12-24 23:02:57.333065+00	55	CB_input_12032020_rep3	2	[{"changed": {"fields": ["Uid"]}}]	14	1
330	2020-12-24 23:03:15.479+00	54	CB_input_12032020_rep2	2	[{"changed": {"fields": ["Uid"]}}]	14	1
331	2020-12-24 23:03:32.24158+00	53	CB_cMyc_12032020_rep3	2	[{"changed": {"fields": ["Uid"]}}]	14	1
332	2020-12-24 23:03:46.63626+00	52	CB_cMyc_12032020_rep2	2	[{"changed": {"fields": ["Uid"]}}]	14	1
333	2020-12-24 23:04:04.125617+00	51	CB_cMyc_11242020_rep1	2	[{"changed": {"fields": ["Uid"]}}]	14	1
334	2020-12-24 23:04:21.192997+00	50	CB_TFEB_12032020_rep3	2	[{"changed": {"fields": ["Uid"]}}]	14	1
335	2020-12-24 23:04:35.778208+00	49	CB_TFEB_12032020_rep2	2	[{"changed": {"fields": ["Uid"]}}]	14	1
336	2020-12-24 23:04:50.204228+00	48	CB_TFEB_11242020_rep1	2	[{"changed": {"fields": ["Uid"]}}]	14	1
337	2020-12-24 23:05:05.63186+00	47	CB_H3K27ac_12032020_rep3	2	[{"changed": {"fields": ["Uid"]}}]	14	1
338	2020-12-24 23:05:22.222253+00	46	CB_H3K27ac_12032020_rep2	2	[{"changed": {"fields": ["Uid"]}}]	14	1
339	2020-12-24 23:05:34.177491+00	45	CB_H3K27ac_11242020_rep1	2	[{"changed": {"fields": ["Uid"]}}]	14	1
340	2020-12-24 23:05:48.918102+00	44	CB_input_11242020_rep1	2	[{"changed": {"fields": ["Uid"]}}]	14	1
341	2020-12-24 23:06:02.05537+00	43	MDAMB436-gemR-C-C4	2	[{"changed": {"fields": ["Uid"]}}]	14	1
342	2020-12-24 23:06:16.554191+00	42	MDAMB436-gemR-C-C3	2	[{"changed": {"fields": ["Uid"]}}]	14	1
343	2020-12-24 23:06:32.253922+00	41	MDAMB436-gemR-B-B5	2	[{"changed": {"fields": ["Uid"]}}]	14	1
344	2020-12-24 23:06:45.842344+00	40	MDAMB436-gemR-B-B3	2	[{"changed": {"fields": ["Uid"]}}]	14	1
345	2020-12-24 23:07:00.556361+00	39	MDAMB436-gemR-A-A5	2	[{"changed": {"fields": ["Uid"]}}]	14	1
346	2020-12-24 23:07:13.267938+00	38	MDAMB436-gemR-A-A3	2	[{"changed": {"fields": ["Uid"]}}]	14	1
347	2020-12-24 23:07:26.108225+00	37	MDAMB436-ctl-N5	2	[{"changed": {"fields": ["Uid"]}}]	14	1
348	2020-12-24 23:07:41.345341+00	36	MDAMB436-ctl-N1	2	[{"changed": {"fields": ["Uid"]}}]	14	1
349	2020-12-24 23:07:55.935078+00	35	Benign-Prostate-3330581_RNA	2	[{"changed": {"fields": ["Uid"]}}]	14	1
350	2020-12-24 23:08:13.860623+00	34	Benign-Prostate-3320942_RNA	2	[{"changed": {"fields": ["Uid"]}}]	14	1
351	2020-12-24 23:08:27.883408+00	33	Benign-Prostate-1664855_RNA	2	[{"changed": {"fields": ["Uid"]}}]	14	1
352	2020-12-24 23:08:41.032463+00	32	Benign-Prostate-1648133_RNA	2	[{"changed": {"fields": ["Uid"]}}]	14	1
353	2020-12-24 23:08:53.872583+00	31	Benign-Prostate-1595983_RNA	2	[{"changed": {"fields": ["Uid"]}}]	14	1
354	2020-12-24 23:09:12.105378+00	30	ATAC-seq_PDX13notch	2	[{"changed": {"fields": ["Uid"]}}]	14	1
355	2020-12-24 23:09:24.954601+00	29	PCa1394	2	[{"changed": {"fields": ["Uid"]}}]	14	1
356	2020-12-24 23:09:38.300843+00	28	Benign-Prostate-1664855_HiC	2	[{"changed": {"fields": ["Uid"]}}]	14	1
357	2020-12-24 23:09:50.034025+00	27	Benign-Prostate-1648133_HiC	2	[{"changed": {"fields": ["Uid"]}}]	14	1
358	2020-12-24 23:10:02.00679+00	26	Benign-Prostate-3320942_HiC	2	[{"changed": {"fields": ["Uid"]}}]	14	1
359	2020-12-24 23:10:20.796272+00	25	Benign-Prostate-1595983_HiC	2	[{"changed": {"fields": ["Uid"]}}]	14	1
360	2020-12-24 23:10:33.163058+00	24	Benign-Prostate-3330581_HiC	2	[{"changed": {"fields": ["Uid"]}}]	14	1
361	2020-12-24 23:10:49.918152+00	21	PPTO.64b_ATAC	2	[{"changed": {"fields": ["Uid"]}}]	14	1
362	2020-12-24 23:11:05.420214+00	19	LNCap_Illumina	2	[{"changed": {"fields": ["Uid"]}}]	14	1
363	2020-12-24 23:11:23.077995+00	18	LNCap_KipB	2	[{"changed": {"fields": ["Uid"]}}]	14	1
364	2020-12-24 23:11:42.07619+00	17	LNCap_KipA	2	[{"changed": {"fields": ["Uid"]}}]	14	1
365	2020-12-24 23:12:00.365311+00	16	OMNI_ATAC_BT84C	2	[{"changed": {"fields": ["Uid"]}}]	14	1
366	2020-12-24 23:12:21.577035+00	15	OMNI_ATAC_BT127	2	[{"changed": {"fields": ["Uid"]}}]	14	1
367	2020-12-24 23:12:36.895999+00	14	OMNI_ATAC	2	[{"changed": {"fields": ["Uid"]}}]	14	1
368	2020-12-24 23:12:55.773254+00	13	EZH2_inhibition	2	[{"changed": {"fields": ["Uid"]}}]	14	1
369	2020-12-24 23:13:13.659117+00	10	Primary_Prostate_Tumour_Hi-C	2	[{"changed": {"fields": ["Uid"]}}]	14	1
370	2021-01-07 20:24:34.531242+00	59	scATAC_TNBC_PDX_70620_ERIB_Res_p6	3		14	1
371	2021-01-07 20:24:34.536213+00	58	scATAC_TNBC_PDX_241417_p2	3		14	1
372	2021-01-07 20:24:34.538891+00	57	scATAC_TNBC_PDX_241417_ERIB_Res_p3	3		14	1
373	2021-01-08 18:59:52.456307+00	62	scATAC_TNBC_PDX_70620_ERIB_Res_p6	3		14	1
374	2021-01-08 18:59:52.462022+00	61	scATAC_TNBC_PDX_241417_p2	3		14	1
375	2021-01-08 18:59:52.464747+00	60	scATAC_TNBC_PDX_241417_ERIB_Res_p3	3		14	1
376	2021-01-08 19:00:34.169596+00	69	scATAC_TNBC_PDX_73263_p2	3		14	1
377	2021-01-08 19:00:34.174185+00	68	scATAC_TNBC_PDX_73263_Res	3		14	1
378	2021-01-08 19:00:34.176602+00	67	scATAC_TNBC_PDX_73230_p2	3		14	1
379	2021-01-08 19:00:34.179185+00	66	scATAC_TNBC_PDX_73230_Res	3		14	1
380	2021-01-08 19:00:34.181582+00	65	scATAC_TNBC_PDX_70620_ERIB_Res_p6	3		14	1
383	2021-01-08 19:02:18.957537+00	76	scATAC_TNBC_PDX_73263_p2	3		14	1
384	2021-01-08 19:02:18.962344+00	75	scATAC_TNBC_PDX_73263_Res	3		14	1
385	2021-01-08 19:02:18.964905+00	74	scATAC_TNBC_PDX_73230_p2	3		14	1
386	2021-01-08 19:02:18.967591+00	73	scATAC_TNBC_PDX_73230_Res	3		14	1
387	2021-01-08 19:02:18.970189+00	72	scATAC_TNBC_PDX_70620_ERIB_Res_p6	3		14	1
388	2021-01-08 19:02:18.972734+00	71	scATAC_TNBC_PDX_241417_p2	3		14	1
389	2021-01-08 19:02:18.975192+00	70	scATAC_TNBC_PDX_241417_ERIB_Res_p3	3		14	1
390	2021-01-08 19:07:39.032003+00	83	scATAC_TNBC_PDX_73263_p2	3		14	1
391	2021-01-08 19:07:39.036556+00	82	scATAC_TNBC_PDX_73263_Res	3		14	1
392	2021-01-08 19:07:39.039189+00	81	scATAC_TNBC_PDX_73230_p2	3		14	1
393	2021-01-08 19:07:39.041694+00	80	scATAC_TNBC_PDX_73230_Res	3		14	1
394	2021-01-08 19:07:39.044081+00	79	scATAC_TNBC_PDX_70620_ERIB_Res_p6	3		14	1
395	2021-01-08 19:07:39.046651+00	78	scATAC_TNBC_PDX_241417_p2	3		14	1
396	2021-01-08 19:07:39.049068+00	77	scATAC_TNBC_PDX_241417_ERIB_Res_p3	3		14	1
397	2021-01-20 21:52:17.399151+00	57	CPCG0232	3		7	1
398	2021-01-20 23:00:00.00395+00	147	H3K27ac_CPCG0547	3		14	1
399	2021-01-20 23:00:00.008065+00	146	H3K27ac_CPCG0545	3		14	1
400	2021-01-20 23:00:00.010961+00	145	H3K27ac_CPCG0540	3		14	1
401	2021-01-20 23:00:00.013858+00	144	H3K27ac_CPCG0459	3		14	1
402	2021-01-20 23:00:00.016728+00	143	H3K27ac_CPCG0458	3		14	1
403	2021-01-20 23:00:00.019571+00	142	H3K27ac_CPCG0457	3		14	1
404	2021-01-20 23:00:00.022326+00	141	H3K27ac_CPCG0450	3		14	1
405	2021-01-20 23:00:00.024985+00	140	H3K27ac_CPCG0435	3		14	1
406	2021-01-20 23:00:00.027679+00	139	H3K27ac_CPCG0434	3		14	1
407	2021-01-20 23:00:00.030123+00	138	H3K27ac_CPCG0406	3		14	1
408	2021-01-20 23:00:00.032701+00	137	H3K27ac_CPCG0397	3		14	1
409	2021-01-20 23:00:00.036506+00	136	H3K27ac_CPCG0394	3		14	1
410	2021-01-20 23:00:00.038953+00	135	H3K27ac_CPCG0366	3		14	1
411	2021-01-20 23:00:00.041335+00	134	H3K27ac_CPCG0365	3		14	1
412	2021-01-20 23:00:00.043849+00	133	H3K27ac_CPCG0364	3		14	1
413	2021-01-20 23:00:00.046316+00	132	H3K27ac_CPCG0348-benign	3		14	1
414	2021-01-20 23:00:00.04878+00	131	H3K27ac_CPCG0348	3		14	1
415	2021-01-20 23:00:00.051264+00	130	H3K27ac_CPCG0346	3		14	1
416	2021-01-20 23:00:00.053852+00	129	H3K27ac_CPCG0345	3		14	1
417	2021-01-20 23:00:00.056277+00	128	H3K27ac_CPCG0344	3		14	1
418	2021-01-20 23:00:00.058785+00	127	H3K27ac_CPCG0342	3		14	1
419	2021-01-20 23:00:00.061195+00	126	H3K27ac_CPCG0341-benign	3		14	1
420	2021-01-20 23:00:00.063725+00	125	H3K27ac_CPCG0341	3		14	1
421	2021-01-20 23:00:00.066195+00	124	H3K27ac_CPCG0340	3		14	1
422	2021-01-20 23:00:00.068598+00	123	H3K27ac_CPCG0339	3		14	1
423	2021-01-20 23:00:00.07094+00	122	H3K27ac_CPCG0336	3		14	1
424	2021-01-20 23:00:00.073279+00	121	H3K27ac_CPCG0331	3		14	1
425	2021-01-20 23:00:00.07574+00	120	H3K27ac_CPCG0324	3		14	1
426	2021-01-20 23:00:00.078125+00	119	H3K27ac_CPCG0269	3		14	1
427	2021-01-20 23:00:00.080497+00	118	H3K27ac_CPCG0268	3		14	1
428	2021-01-20 23:00:00.082832+00	117	H3K27ac_CPCG0267	3		14	1
429	2021-01-20 23:00:00.085138+00	116	H3K27ac_CPCG0266	3		14	1
430	2021-01-20 23:00:00.087525+00	115	H3K27ac_CPCG0265-benign	3		14	1
431	2021-01-20 23:00:00.08991+00	114	H3K27ac_CPCG0265	3		14	1
432	2021-01-20 23:00:00.092347+00	113	H3K27ac_CPCG0262	3		14	1
433	2021-01-20 23:00:00.094808+00	112	H3K27ac_CPCG0259	3		14	1
434	2021-01-20 23:00:00.097248+00	111	H3K27ac_CPCG0258	3		14	1
435	2021-01-20 23:00:00.099751+00	110	H3K27ac_CPCG0255	3		14	1
436	2021-01-20 23:00:00.102116+00	109	H3K27ac_CPCG0251	3		14	1
437	2021-01-20 23:00:00.104452+00	108	H3K27ac_CPCG0249-benign	3		14	1
438	2021-01-20 23:00:00.106856+00	107	H3K27ac_CPCG0249	3		14	1
439	2021-01-20 23:00:00.10928+00	106	H3K27ac_CPCG0248-benign	3		14	1
440	2021-01-20 23:00:00.111716+00	105	H3K27ac_CPCG0248	3		14	1
441	2021-01-20 23:00:00.113997+00	104	H3K27ac_CPCG0246	3		14	1
442	2021-01-20 23:00:00.116308+00	103	H3K27ac_CPCG0242	3		14	1
443	2021-01-20 23:00:00.118676+00	102	H3K27ac_CPCG0241	3		14	1
444	2021-01-20 23:00:00.121039+00	101	H3K27ac_CPCG0236-benign	3		14	1
445	2021-01-20 23:00:00.123311+00	100	H3K27ac_CPCG0236	3		14	1
446	2021-01-20 23:00:00.12564+00	99	H3K27ac_CPCG0233	3		14	1
447	2021-01-20 23:00:00.127951+00	98	H3K27ac_CPCG0232	3		14	1
448	2021-01-20 23:00:00.130263+00	97	H3K27ac_CPCG0190	3		14	1
449	2021-01-20 23:00:00.132688+00	96	H3K27ac_CPCG0188	3		14	1
450	2021-01-20 23:00:00.135213+00	95	H3K27ac_CPCG0184	3		14	1
451	2021-01-20 23:00:00.137511+00	94	H3K27ac_CPCG0182	3		14	1
452	2021-01-23 05:03:00.725701+00	203	H3K27ac_CPCG0547	2	[{"changed": {"fields": ["Biosample quantity units"]}}]	14	1
453	2021-01-23 05:03:12.974135+00	202	H3K27ac_CPCG0545	2	[{"changed": {"fields": ["Biosample quantity units"]}}]	14	1
454	2021-01-23 05:03:24.973748+00	201	H3K27ac_CPCG0540	2	[{"changed": {"fields": ["Biosample quantity units"]}}]	14	1
455	2021-01-23 05:03:35.915802+00	200	H3K27ac_CPCG0459	2	[{"changed": {"fields": ["Biosample quantity units"]}}]	14	1
456	2021-01-23 05:03:47.866306+00	199	H3K27ac_CPCG0458	2	[{"changed": {"fields": ["Biosample quantity units"]}}]	14	1
457	2021-01-23 05:03:58.80165+00	198	H3K27ac_CPCG0457	2	[{"changed": {"fields": ["Biosample quantity units"]}}]	14	1
458	2021-01-23 05:04:10.788143+00	197	H3K27ac_CPCG0450	2	[{"changed": {"fields": ["Biosample quantity units"]}}]	14	1
459	2021-01-23 05:04:20.531313+00	196	H3K27ac_CPCG0435	2	[{"changed": {"fields": ["Biosample quantity units"]}}]	14	1
460	2021-01-23 05:04:30.618728+00	195	H3K27ac_CPCG0434	2	[{"changed": {"fields": ["Biosample quantity units"]}}]	14	1
461	2021-01-23 05:04:42.493329+00	194	H3K27ac_CPCG0406	2	[{"changed": {"fields": ["Biosample quantity units"]}}]	14	1
462	2021-01-23 05:04:52.315226+00	193	H3K27ac_CPCG0397	2	[{"changed": {"fields": ["Biosample quantity units"]}}]	14	1
463	2021-01-23 05:05:17.895367+00	192	H3K27ac_CPCG0394	2	[{"changed": {"fields": ["Biosample quantity units"]}}]	14	1
464	2021-01-23 05:05:28.628152+00	191	H3K27ac_CPCG0366	2	[{"changed": {"fields": ["Biosample quantity units"]}}]	14	1
465	2021-01-23 05:05:41.003459+00	190	H3K27ac_CPCG0365	2	[{"changed": {"fields": ["Biosample quantity units"]}}]	14	1
466	2021-01-23 05:05:53.118333+00	189	H3K27ac_CPCG0364	2	[{"changed": {"fields": ["Biosample quantity units"]}}]	14	1
467	2021-01-23 05:06:03.504875+00	188	H3K27ac_CPCG0348-benign	2	[{"changed": {"fields": ["Biosample quantity units"]}}]	14	1
468	2021-01-23 05:06:12.59056+00	187	H3K27ac_CPCG0348	2	[{"changed": {"fields": ["Biosample quantity units"]}}]	14	1
469	2021-01-23 05:06:22.869302+00	186	H3K27ac_CPCG0346	2	[{"changed": {"fields": ["Biosample quantity units"]}}]	14	1
470	2021-01-23 05:06:34.506783+00	185	H3K27ac_CPCG0345	2	[{"changed": {"fields": ["Biosample quantity units"]}}]	14	1
471	2021-01-23 05:06:47.017509+00	184	H3K27ac_CPCG0344	2	[{"changed": {"fields": ["Biosample quantity units"]}}]	14	1
472	2021-01-23 05:07:00.889217+00	183	H3K27ac_CPCG0342	2	[{"changed": {"fields": ["Biosample quantity units"]}}]	14	1
473	2021-01-23 05:07:14.41086+00	182	H3K27ac_CPCG0341-benign	2	[{"changed": {"fields": ["Biosample quantity units"]}}]	14	1
474	2021-01-23 05:07:25.695445+00	181	H3K27ac_CPCG0341	2	[{"changed": {"fields": ["Biosample quantity units"]}}]	14	1
475	2021-01-23 05:07:41.149867+00	180	H3K27ac_CPCG0340	2	[{"changed": {"fields": ["Biosample quantity units"]}}]	14	1
476	2021-01-23 05:07:53.099143+00	179	H3K27ac_CPCG0339	2	[{"changed": {"fields": ["Biosample quantity units"]}}]	14	1
477	2021-01-23 05:08:04.148624+00	178	H3K27ac_CPCG0336	2	[{"changed": {"fields": ["Biosample quantity units"]}}]	14	1
478	2021-01-23 05:08:16.006384+00	177	H3K27ac_CPCG0331	2	[{"changed": {"fields": ["Biosample quantity units"]}}]	14	1
479	2021-01-23 05:08:26.993439+00	176	H3K27ac_CPCG0324	2	[{"changed": {"fields": ["Biosample quantity units"]}}]	14	1
480	2021-01-23 05:08:39.049407+00	175	H3K27ac_CPCG0269	2	[{"changed": {"fields": ["Biosample quantity units"]}}]	14	1
481	2021-01-23 05:08:51.02809+00	174	H3K27ac_CPCG0268	2	[{"changed": {"fields": ["Biosample quantity units"]}}]	14	1
482	2021-01-23 05:09:04.006803+00	173	H3K27ac_CPCG0267	2	[{"changed": {"fields": ["Biosample quantity units"]}}]	14	1
483	2021-01-23 05:09:16.158289+00	172	H3K27ac_CPCG0266	2	[{"changed": {"fields": ["Biosample quantity units"]}}]	14	1
484	2021-01-23 05:09:26.878545+00	171	H3K27ac_CPCG0265-benign	2	[{"changed": {"fields": ["Biosample quantity units"]}}]	14	1
485	2021-01-23 05:09:38.971938+00	170	H3K27ac_CPCG0265	2	[{"changed": {"fields": ["Biosample quantity units"]}}]	14	1
486	2021-01-23 05:09:49.500059+00	169	H3K27ac_CPCG0262	2	[{"changed": {"fields": ["Biosample quantity units"]}}]	14	1
487	2021-01-23 05:10:02.403685+00	168	H3K27ac_CPCG0259	2	[{"changed": {"fields": ["Biosample quantity units"]}}]	14	1
488	2021-01-23 05:10:14.147442+00	167	H3K27ac_CPCG0258	2	[{"changed": {"fields": ["Biosample quantity units"]}}]	14	1
489	2021-01-23 05:10:25.847485+00	166	H3K27ac_CPCG0255	2	[{"changed": {"fields": ["Biosample quantity units"]}}]	14	1
490	2021-01-23 05:10:36.695607+00	165	H3K27ac_CPCG0251	2	[{"changed": {"fields": ["Biosample quantity units"]}}]	14	1
491	2021-01-23 05:10:49.074859+00	164	H3K27ac_CPCG0249-benign	2	[{"changed": {"fields": ["Biosample quantity units"]}}]	14	1
492	2021-01-23 05:11:03.932089+00	163	H3K27ac_CPCG0249	2	[{"changed": {"fields": ["Biosample quantity units"]}}]	14	1
493	2021-01-23 05:11:19.658882+00	162	H3K27ac_CPCG0248-benign	2	[{"changed": {"fields": ["Biosample quantity units"]}}]	14	1
494	2021-01-23 05:11:31.460972+00	161	H3K27ac_CPCG0248	2	[{"changed": {"fields": ["Biosample quantity units"]}}]	14	1
495	2021-01-23 05:11:42.664774+00	160	H3K27ac_CPCG0246	2	[{"changed": {"fields": ["Biosample quantity units"]}}]	14	1
496	2021-01-23 05:11:53.788025+00	159	H3K27ac_CPCG0242	2	[{"changed": {"fields": ["Biosample quantity units"]}}]	14	1
497	2021-01-23 05:12:10.025019+00	158	H3K27ac_CPCG0241	2	[{"changed": {"fields": ["Biosample quantity units"]}}]	14	1
498	2021-01-23 05:12:23.037672+00	157	H3K27ac_CPCG0236-benign	2	[{"changed": {"fields": ["Biosample quantity units"]}}]	14	1
499	2021-01-23 05:12:35.187589+00	156	H3K27ac_CPCG0236	2	[{"changed": {"fields": ["Biosample quantity units"]}}]	14	1
500	2021-01-23 05:12:48.261171+00	155	H3K27ac_CPCG0233	2	[{"changed": {"fields": ["Biosample quantity units"]}}]	14	1
501	2021-01-23 05:12:59.90194+00	154	H3K27ac_CPCG0232	2	[{"changed": {"fields": ["Biosample quantity units"]}}]	14	1
502	2021-01-23 05:13:11.927451+00	153	H3K27ac_CPCG0190	2	[{"changed": {"fields": ["Biosample quantity units"]}}]	14	1
503	2021-01-23 05:13:25.104851+00	152	H3K27ac_CPCG0188	2	[{"changed": {"fields": ["Biosample quantity units"]}}]	14	1
504	2021-01-23 05:13:40.211919+00	151	H3K27ac_CPCG0184	2	[{"changed": {"fields": ["Biosample quantity units"]}}]	14	1
505	2021-01-23 05:13:53.900946+00	150	H3K27ac_CPCG0182	2	[{"changed": {"fields": ["Biosample quantity units"]}}]	14	1
506	2021-03-12 17:20:15.98056+00	6	Vagina	3		18	1
507	2021-03-23 13:32:57.171119+00	14	scATAC-RNAseq-multiome	1	[{"added": {}}]	9	1
508	2021-03-23 13:48:44.761501+00	43	dave_cescon_lab	2	[]	8	1
509	2021-03-23 13:49:10.077206+00	48	dkfz_plass	1	[{"added": {}}]	8	1
510	2021-03-23 14:53:46.020045+00	140	PCa-Patient2-ICGC10-Tu1	2	[{"changed": {"fields": ["Name"]}}]	7	1
511	2021-03-23 14:55:08.332214+00	140	PCa-Patient2_ICGC10_Tu1	2	[{"changed": {"fields": ["Name"]}}]	7	1
512	2021-03-23 17:51:31.057616+00	14	scATAC-RNAseq-multiome	2	[{"changed": {"fields": ["Json fields"]}}]	9	1
513	2021-03-31 20:03:38.834615+00	14	scATAC-RNAseq-multiome	2	[]	9	1
514	2021-03-31 20:04:09.391052+00	15	BS-seq	1	[{"added": {}}]	9	1
515	2021-03-31 20:05:29.530365+00	15	BS-seq	2	[{"changed": {"fields": ["Json fields"]}}]	9	1
516	2021-03-31 20:08:26.539504+00	2	Hi-C	2	[{"changed": {"fields": ["Json fields"]}}]	9	1
517	2021-04-17 23:29:57.912202+00	11	LAML	1	[{"added": {}}]	18	1
518	2021-04-17 23:30:09.249028+00	12	ACC	1	[{"added": {}}]	18	1
519	2021-04-17 23:30:22.560855+00	13	BLCA	1	[{"added": {}}]	18	1
520	2021-04-17 23:30:31.967312+00	14	LGG	1	[{"added": {}}]	18	1
521	2021-04-17 23:30:42.378059+00	15	BRCA	1	[{"added": {}}]	18	1
522	2021-04-17 23:30:57.68827+00	16	CESC	1	[{"added": {}}]	18	1
523	2021-04-17 23:31:05.247671+00	17	CHOL	1	[{"added": {}}]	18	1
524	2021-04-17 23:31:14.65296+00	18	LCML	1	[{"added": {}}]	18	1
525	2021-04-17 23:31:26.657231+00	19	COAD	1	[{"added": {}}]	18	1
526	2021-04-17 23:31:37.277457+00	20	CNTL	1	[{"added": {}}]	18	1
527	2021-04-17 23:31:48.155926+00	21	ESCA	1	[{"added": {}}]	18	1
528	2021-04-17 23:32:02.979681+00	22	GBM	1	[{"added": {}}]	18	1
529	2021-04-17 23:32:16.76342+00	23	HNSC	1	[{"added": {}}]	18	1
530	2021-04-17 23:32:34.864579+00	24	KICH	1	[{"added": {}}]	18	1
531	2021-04-17 23:32:40.764167+00	25	FPPP	1	[{"added": {}}]	18	1
532	2021-04-17 23:33:19.379189+00	26	KIRC	1	[{"added": {}}]	18	1
533	2021-04-17 23:33:28.625368+00	27	KIRP	1	[{"added": {}}]	18	1
534	2021-04-17 23:33:42.283419+00	28	LIHC	1	[{"added": {}}]	18	1
535	2021-04-17 23:33:53.493621+00	29	LUAD	1	[{"added": {}}]	18	1
536	2021-04-17 23:34:05.326567+00	30	LUSC	1	[{"added": {}}]	18	1
537	2021-04-17 23:34:21.231243+00	31	DLBC	1	[{"added": {}}]	18	1
538	2021-04-17 23:34:28.047543+00	32	MESO	1	[{"added": {}}]	18	1
539	2021-04-17 23:34:39.616213+00	33	MISC	1	[{"added": {}}]	18	1
540	2021-04-17 23:34:49.950379+00	34	OV	1	[{"added": {}}]	18	1
541	2021-04-17 23:34:59.14526+00	35	PAAD	1	[{"added": {}}]	18	1
542	2021-04-17 23:35:09.592681+00	36	PCPG	1	[{"added": {}}]	18	1
543	2021-04-17 23:35:20.267562+00	37	PRAD	1	[{"added": {}}]	18	1
544	2021-04-17 23:35:31.957207+00	38	READ	1	[{"added": {}}]	18	1
545	2021-04-17 23:35:43.920012+00	39	SARC	1	[{"added": {}}]	18	1
546	2021-04-17 23:35:54.265905+00	40	SKCM	1	[{"added": {}}]	18	1
547	2021-04-17 23:36:04.462705+00	41	STAD	1	[{"added": {}}]	18	1
548	2021-04-17 23:36:14.924758+00	42	TGCT	1	[{"added": {}}]	18	1
549	2021-04-17 23:36:25.766296+00	43	THYM	1	[{"added": {}}]	18	1
550	2021-04-17 23:36:37.029624+00	44	THCA	1	[{"added": {}}]	18	1
551	2021-04-17 23:36:46.756065+00	45	UCS	1	[{"added": {}}]	18	1
552	2021-04-17 23:36:56.898867+00	46	UCEC	1	[{"added": {}}]	18	1
553	2021-04-17 23:37:07.707006+00	47	UVM	1	[{"added": {}}]	18	1
554	2021-04-17 23:37:46.799172+00	49	pdx	1	[{"added": {}}]	8	1
555	2021-04-17 23:38:03.320852+00	50	cell line	1	[{"added": {}}]	8	1
556	2021-04-17 23:38:18.010611+00	51	orgonids	1	[{"added": {}}]	8	1
557	2021-04-17 23:38:30.816974+00	52	explants	1	[{"added": {}}]	8	1
558	2021-04-17 23:38:43.996898+00	53	tissue	1	[{"added": {}}]	8	1
559	2021-04-17 23:40:48.144701+00	48	pan cancer	1	[{"added": {}}]	18	1
560	2021-04-17 23:41:03.797942+00	48	Pan cancer	2	[{"changed": {"fields": ["Name"]}}]	18	1
561	2021-04-17 23:57:17.304872+00	19	BRCA_CellLine_TNBC_Dogan-Artun_2017-01-17	2	[{"changed": {"fields": ["Created by"]}}]	12	1
562	2021-04-18 00:02:00.706772+00	50	cell-line	2	[{"changed": {"fields": ["Name"]}}]	8	1
563	2021-04-18 00:02:55.111562+00	50	Cell-line	2	[{"changed": {"fields": ["Name"]}}]	8	1
564	2021-04-18 00:03:10.592689+00	53	Tissue	2	[{"changed": {"fields": ["Name"]}}]	8	1
565	2021-04-18 00:03:23.6779+00	52	Explants	2	[{"changed": {"fields": ["Name"]}}]	8	1
566	2021-04-18 00:03:34.35506+00	51	Orgonids	2	[{"changed": {"fields": ["Name"]}}]	8	1
567	2021-04-18 00:03:44.481236+00	49	Pdx	2	[{"changed": {"fields": ["Name"]}}]	8	1
568	2021-04-18 00:04:35.975785+00	19	BRCA_Cell-line_TNBC_Artun_2017-01-17	2	[{"changed": {"fields": ["Name"]}}]	12	1
569	2021-05-14 10:30:59.964862+00	47	Uveal Melanoma (UVM)	2	[{"changed": {"fields": ["Name"]}}]	18	1
570	2021-05-14 10:31:56.563638+00	46	Uterine Corpus Endometrial Carcinoma (UCEC)	2	[{"changed": {"fields": ["Name"]}}]	18	1
571	2021-05-14 10:32:24.513644+00	45	Uterine Carcinosarcoma (UCS)	2	[{"changed": {"fields": ["Name"]}}]	18	1
572	2021-05-14 10:32:47.613239+00	44	Thyroid carcinoma (THCA)	2	[{"changed": {"fields": ["Name"]}}]	18	1
573	2021-05-14 10:33:06.263611+00	43	Thymoma (THYM)	2	[{"changed": {"fields": ["Name"]}}]	18	1
574	2021-05-14 10:33:36.880134+00	42	Testicular Germ Cell Tumors (TGCT)	2	[{"changed": {"fields": ["Name"]}}]	18	1
575	2021-05-14 10:33:57.882917+00	41	Stomach adenocarcinoma (STAD)	2	[{"changed": {"fields": ["Name"]}}]	18	1
576	2021-05-14 10:34:18.91446+00	40	Skin Cutaneous Melanoma (SKCM)	2	[{"changed": {"fields": ["Name"]}}]	18	1
577	2021-05-14 10:34:37.792943+00	39	Sarcoma (SARC)	2	[{"changed": {"fields": ["Name"]}}]	18	1
578	2021-05-14 10:35:05.758339+00	38	Rectum adenocarcinoma (READ)	2	[{"changed": {"fields": ["Name"]}}]	18	1
579	2021-05-14 10:35:22.563633+00	37	Prostate adenocarcinoma (PRAD)	2	[{"changed": {"fields": ["Name"]}}]	18	1
580	2021-05-14 10:35:43.655271+00	36	Pheochromocytoma and Paraganglioma (PCPG)	2	[{"changed": {"fields": ["Name"]}}]	18	1
581	2021-05-14 10:36:12.843072+00	35	Pancreatic adenocarcinoma (PAAD)	2	[{"changed": {"fields": ["Name"]}}]	18	1
582	2021-05-14 10:36:31.212971+00	34	Ovarian serous cystadenocarcinoma (OV)	2	[{"changed": {"fields": ["Name"]}}]	18	1
583	2021-05-14 10:37:00.643564+00	33	Miscellaneous (MISC)	2	[{"changed": {"fields": ["Name"]}}]	18	1
584	2021-05-14 10:37:19.863963+00	32	Mesothelioma (MESO)	2	[{"changed": {"fields": ["Name"]}}]	18	1
585	2021-05-14 10:38:21.525691+00	31	LymphoidNeoplasmDiffuseLargeB-cell Lymphoma (DLBC)	2	[{"changed": {"fields": ["Name"]}}]	18	1
586	2021-05-14 10:39:00.242819+00	30	Lung squamous cell carcinoma (LUSC)	2	[{"changed": {"fields": ["Name"]}}]	18	1
587	2021-05-14 10:39:39.114253+00	29	Lung adenocarcinoma (LUAD)	2	[{"changed": {"fields": ["Name"]}}]	18	1
588	2021-05-14 10:40:15.144375+00	28	Liver hepatocellular carcinoma (LIHC)	2	[{"changed": {"fields": ["Name"]}}]	18	1
589	2021-05-14 10:40:40.553633+00	27	Kidney renal papillary cell carcinoma (KIRP)	2	[{"changed": {"fields": ["Name"]}}]	18	1
590	2021-05-14 10:41:15.143419+00	26	Kidney renal clear cell carcinoma (KIRC)	2	[{"changed": {"fields": ["Name"]}}]	18	1
591	2021-05-14 10:41:50.958981+00	24	Kidney Chromophobe (KICH)	2	[{"changed": {"fields": ["Name"]}}]	18	1
592	2021-05-14 10:42:28.664206+00	23	Head and Neck squamous cell carcinoma (HNSC)	2	[{"changed": {"fields": ["Name"]}}]	18	1
593	2021-05-14 10:42:47.45434+00	22	Glioblastoma multiforme (GBM)	2	[{"changed": {"fields": ["Name"]}}]	18	1
594	2021-05-14 10:43:18.878739+00	25	FFPE Pilot Phase II (FPPP)	2	[{"changed": {"fields": ["Name"]}}]	18	1
595	2021-05-14 10:43:37.424593+00	21	Esophageal carcinoma (ESCA)	2	[{"changed": {"fields": ["Name"]}}]	18	1
596	2021-05-14 10:43:57.823514+00	20	Controls (CNTL)	2	[{"changed": {"fields": ["Name"]}}]	18	1
597	2021-05-14 10:44:26.112603+00	19	Colon adenocarcinoma (COAD)	2	[{"changed": {"fields": ["Name"]}}]	18	1
598	2021-05-14 10:44:45.701896+00	18	Chronic Myelogenous Leukemia (LCML)	2	[{"changed": {"fields": ["Name"]}}]	18	1
599	2021-05-14 10:45:04.173957+00	17	Cholangiocarcinoma (CHOL)	2	[{"changed": {"fields": ["Name"]}}]	18	1
600	2021-05-14 10:48:39.086352+00	16	CervicalSquamousCellandEndocervicalCarcinoma(CESC)	2	[{"changed": {"fields": ["Name"]}}]	18	1
601	2021-05-14 10:49:09.143683+00	15	Breast invasive carcinoma (BRCA)	2	[{"changed": {"fields": ["Name"]}}]	18	1
602	2021-05-14 10:49:33.55194+00	14	Brain Lower Grade Glioma (LGG)	2	[{"changed": {"fields": ["Name"]}}]	18	1
603	2021-05-14 10:49:57.603123+00	13	Bladder Urothelial Carcinoma (BLCA)	2	[{"changed": {"fields": ["Name"]}}]	18	1
604	2021-05-14 10:50:23.14915+00	12	Adrenocortical carcinoma (ACC)	2	[{"changed": {"fields": ["Name"]}}]	18	1
605	2021-05-14 10:50:53.083326+00	11	Acute Myeloid Leukemia (LAML)	2	[{"changed": {"fields": ["Name"]}}]	18	1
606	2021-05-14 10:54:36.69262+00	11	Acute Myeloid Leukemia (LAML)	2	[]	18	1
607	2021-05-14 10:54:45.670895+00	49	Ependymoma	1	[{"added": {}}]	18	1
608	2021-05-18 12:32:42.387398+00	22	Tina Keshavarzian	2	[{"changed": {"fields": ["password"]}}]	4	1
609	2021-05-18 12:38:55.843119+00	23	BRCA_Pdx_tkbca_Keshavarzian_2021-04-01	2	[{"changed": {"fields": ["Name"]}}]	12	1
610	2021-06-08 18:14:30.32497+00	11	Acute Myeloid Leukemia (LAML)	2	[]	18	1
611	2021-06-08 18:15:55.403245+00	50	Acute Lymphoid Leukemia (LALL)	1	[{"added": {}}]	18	1
612	2021-06-08 18:22:07.466873+00	18	LALL_Tissue_Hemahier_Hawley_2021-04-17	2	[{"changed": {"fields": ["Name"]}}]	12	1
613	2021-06-08 18:22:21.265212+00	12	PRAD_Tissue_CPCGene_Grillo_2015-05-17	2	[{"changed": {"fields": ["Name"]}}]	12	1
614	2021-06-08 18:27:00.419232+00	10	PRAD_Tissue_normprad_Hawley_2019-04-01	2	[{"changed": {"fields": ["Name"]}}]	12	1
615	2021-06-08 18:27:13.537145+00	4	PRAD_Tissue_cpcgene_Hawley_2019-04-01	2	[{"changed": {"fields": ["Name"]}}]	12	1
616	2021-06-22 19:37:55.309322+00	43	dave_cescon_lab	2	[]	8	1
617	2021-06-22 19:38:21.373521+00	54	michael_taylor_lab	1	[{"added": {}}]	8	1
618	2021-06-22 19:39:43.00616+00	25		1	[{"added": {}}]	4	1
619	2021-06-22 19:40:17.666961+00	25	Antony Michealraj	2	[{"changed": {"fields": ["First name", "Last name", "Email address", "Groups"]}}]	4	1
620	2021-07-02 16:00:29.491135+00	165	PFA2	2	[{"changed": {"fields": ["Description"]}}]	15	1
621	2021-07-02 16:01:33.398579+00	166	ST1	2	[{"changed": {"fields": ["Description"]}}]	15	1
622	2021-07-02 16:01:54.848516+00	165	PFA2	2	[{"changed": {"fields": ["Description"]}}]	15	1
623	2021-07-02 16:02:53.019562+00	167	ST2	2	[{"changed": {"fields": ["Description"]}}]	15	1
624	2021-07-02 16:03:58.584847+00	168	ST4	2	[{"changed": {"fields": ["Description"]}}]	15	1
625	2021-07-02 16:04:19.069025+00	169	ST5	2	[{"changed": {"fields": ["Description"]}}]	15	1
626	2021-07-02 16:05:02.797588+00	170	PFA1	2	[{"changed": {"fields": ["Description"]}}]	15	1
627	2021-07-02 16:05:40.01704+00	171	PFA3	2	[{"changed": {"fields": ["Description"]}}]	15	1
628	2021-07-02 16:07:07.854996+00	172	PFA4	2	[{"changed": {"fields": ["Description", "Json fields"]}}]	15	1
629	2021-07-02 16:07:58.823124+00	173	PFA5	2	[{"changed": {"fields": ["Description"]}}]	15	1
630	2021-07-02 16:08:44.564835+00	174	PFA6	2	[{"changed": {"fields": ["Description"]}}]	15	1
631	2021-07-02 16:09:23.131421+00	175	PFA7	2	[{"changed": {"fields": ["Description"]}}]	15	1
632	2021-07-02 16:09:55.89931+00	176	PFA8	2	[{"changed": {"fields": ["Description"]}}]	15	1
633	2021-07-02 16:10:21.835538+00	177	PFA9	2	[{"changed": {"fields": ["Description"]}}]	15	1
634	2021-07-02 16:10:45.000903+00	178	PFA10	2	[{"changed": {"fields": ["Description"]}}]	15	1
635	2021-07-02 16:11:07.525884+00	179	PFA13	2	[{"changed": {"fields": ["Description"]}}]	15	1
636	2021-07-02 16:22:18.896684+00	242	PFA13-p7-1perhypoxia	3		7	1
637	2021-07-02 16:22:18.90074+00	241	PFA10-p7-1perhypoxia	3		7	1
638	2021-07-02 16:22:18.903296+00	240	PFA9-p7-1perhypoxia	3		7	1
639	2021-07-02 16:22:18.905835+00	239	PFA8-p7-1perhypoxia	3		7	1
640	2021-07-02 16:22:18.90851+00	238	PFA7-p7-1perhypoxia	3		7	1
641	2021-07-02 16:22:18.911106+00	237	PFA6-p7-1perhypoxia	3		7	1
642	2021-07-02 16:22:18.913601+00	236	PFA5-p7-1perhypoxia	3		7	1
643	2021-07-02 16:22:18.915929+00	235	PFA4-p7-1perhypoxia	3		7	1
644	2021-07-02 16:22:18.918429+00	234	PFA3-p7-1perhypoxia	3		7	1
645	2021-07-02 16:22:18.920831+00	233	PFA1-p7-1perhypoxia	3		7	1
646	2021-07-02 16:22:18.923245+00	232	ST5-p7-21pernormoxia	3		7	1
647	2021-07-02 16:22:18.925601+00	231	ST4-p7-1perhypoxia	3		7	1
648	2021-07-02 16:22:18.927948+00	230	ST2-p7-21pernormoxia	3		7	1
649	2021-07-02 19:36:04.894561+00	301	ST5_NOR_P7	2	[{"changed": {"fields": ["Json fields"]}}]	14	1
650	2021-07-02 19:36:15.114367+00	300	ST4_HYP_P7	2	[{"changed": {"fields": ["Json fields"]}}]	14	1
651	2021-07-02 19:36:23.733392+00	299	ST2_NOR_P7	2	[{"changed": {"fields": ["Json fields"]}}]	14	1
652	2021-08-20 16:43:04.301722+00	26		1	[{"added": {}}]	4	1
653	2021-08-20 16:43:47.997118+00	26	Yong Zeng	2	[{"changed": {"fields": ["First name", "Last name", "Email address", "Groups"]}}]	4	1
654	2021-08-27 17:13:06.670192+00	15	PRAD_Tissue_PROSPeCT_Kornienko_2021-03-01	2	[{"changed": {"fields": ["Last edited by", "Name"]}}]	12	1
655	2021-08-30 15:33:28.834628+00	5	Bansri Patel	2	[{"changed": {"fields": ["password"]}}]	4	1
656	2021-08-31 23:00:44.685776+00	4	ml_lab	1	[{"added": {}}]	3	1
657	2021-08-31 23:01:13.786968+00	1	Ankita Nand	2	[{"changed": {"fields": ["Groups"]}}]	4	1
658	2021-09-02 19:40:04.446839+00	55	SickKids Centre for Applied Genomics	1	[{"added": {}}]	8	1
659	2021-09-02 19:40:46.469748+00	56	Ontario Institute for Cancer Research	1	[{"added": {}}]	8	1
660	2021-09-02 19:41:14.708712+00	32	Illumina HiSeq 4000	2	[]	8	1
661	2021-09-02 19:41:25.600042+00	57	Illumina HiSeq 2500	1	[{"added": {}}]	8	1
662	2021-09-02 19:41:41.513045+00	58	Illumina HiSeq X	1	[{"added": {}}]	8	1
663	2021-09-02 19:42:24.039014+00	59	PacBio Sequel	1	[{"added": {}}]	8	1
664	2021-09-02 19:42:38.733067+00	60	PacBio RS	1	[{"added": {}}]	8	1
665	2021-09-02 19:42:48.614096+00	61	Oxford Nanopore MinION	1	[{"added": {}}]	8	1
666	2021-09-02 19:46:25.296761+00	36	Illumina NovaSeq 6000	2	[{"changed": {"fields": ["Name"]}}]	8	1
667	2021-09-02 19:47:24.859658+00	37	Illumina MiSeq	2	[{"changed": {"fields": ["Name"]}}]	8	1
668	2021-09-02 19:48:22.480734+00	38	Illumina NextSeq 550	2	[{"changed": {"fields": ["Name"]}}]	8	1
669	2021-09-02 19:48:36.977585+00	62	Illumina NextSeq 500	1	[{"added": {}}]	8	1
670	2021-09-02 19:52:59.351298+00	4	mathieu_lupien_lab	2	[{"changed": {"fields": ["Name"]}}]	3	1
671	2021-09-02 19:53:35.964995+00	48	dkfz_plass_lab	2	[{"changed": {"fields": ["Name"]}}]	8	1
672	2021-09-02 19:54:22.765628+00	5	john_dick_lab	1	[{"added": {}}]	3	1
673	2021-09-02 19:54:48.746627+00	6	benjamin_haibe-kains_lab	1	[{"added": {}}]	3	1
674	2021-09-02 19:55:10.870401+00	7	michael_hoffman_lab	1	[{"added": {}}]	3	1
675	2021-09-02 19:55:45.258245+00	8	dave_cescon_lab	1	[{"added": {}}]	3	1
676	2021-09-02 19:56:12.979488+00	9	dkfz_plass_lab	1	[{"added": {}}]	3	1
677	2021-09-02 19:56:33.44639+00	10	michael_taylor_lab	1	[{"added": {}}]	3	1
678	2021-09-02 19:58:01.206267+00	20	Aditi Qamra	2	[{"changed": {"fields": ["Active", "Groups"]}}]	4	1
679	2021-09-02 19:58:25.785256+00	18	Alex Murison	2	[{"changed": {"fields": ["Groups"]}}]	4	1
680	2021-09-02 19:58:42.265353+00	11	Ali Madani	2	[{"changed": {"fields": ["Active", "Groups"]}}]	4	1
681	2021-09-02 19:59:59.681149+00	25	Antony Michealraj	2	[{"changed": {"fields": ["Active", "Groups"]}}]	4	1
682	2021-09-02 20:00:14.606895+00	5	Bansri Patel	2	[{"changed": {"fields": ["Groups"]}}]	4	1
683	2021-09-02 20:00:26.363901+00	15	Bettina Nadorp	2	[{"changed": {"fields": ["Active", "Groups"]}}]	4	1
684	2021-09-02 20:01:05.875598+00	19	Genevieve Deblois	2	[{"changed": {"fields": ["Active", "Groups"]}}]	4	1
685	2021-09-02 20:01:16.125234+00	8	Giacomo Grillo	2	[{"changed": {"fields": ["Groups"]}}]	4	1
686	2021-09-02 20:01:24.059543+00	3	James Hawley	2	[{"changed": {"fields": ["Groups"]}}]	4	1
687	2021-09-02 20:01:35.20153+00	7	Jocelyn Chen	2	[{"changed": {"fields": ["Groups"]}}]	4	1
688	2021-09-02 20:01:47.894758+00	17	Ken Kron	2	[{"changed": {"fields": ["Active", "Groups"]}}]	4	1
689	2021-09-02 20:01:59.104026+00	4	Arlidge Christopher	2	[{"changed": {"fields": ["Groups"]}}]	4	1
690	2021-09-02 20:02:12.068946+00	24	Kira Kornienko	2	[{"changed": {"fields": ["Groups"]}}]	4	1
691	2021-09-02 20:02:21.640263+00	9	Mathieu Lupien	2	[{"changed": {"fields": ["Groups"]}}]	4	1
692	2021-09-02 20:02:34.527674+00	14	Nergiz Artun	2	[{"changed": {"fields": ["Groups"]}}]	4	1
693	2021-09-02 20:02:47.701466+00	21	Parisa Mazrooei	2	[{"changed": {"fields": ["Active", "Groups"]}}]	4	1
694	2021-09-02 20:03:04.779345+00	16	Paul Guilhamon	2	[{"changed": {"fields": ["Active", "Groups"]}}]	4	1
695	2021-09-02 20:03:18.021604+00	13	Qin Wu	2	[{"changed": {"fields": ["Active", "Groups"]}}]	4	1
696	2021-09-02 20:03:33.468626+00	23	Samah Ghamrasni	2	[{"changed": {"fields": ["Groups"]}}]	4	1
697	2021-09-02 20:03:43.657622+00	6	Sarina Cameron	2	[{"changed": {"fields": ["Groups"]}}]	4	1
698	2021-09-02 20:03:52.352353+00	12	Shalini Bahl	2	[{"changed": {"fields": ["Groups"]}}]	4	1
699	2021-09-02 20:04:05.721955+00	10	Stanley Zhou	2	[{"changed": {"fields": ["Active", "Groups"]}}]	4	1
700	2021-09-02 20:04:16.055266+00	22	Tina Keshavarzian	2	[{"changed": {"fields": ["Groups"]}}]	4	1
701	2021-09-02 20:04:26.182306+00	26	Yong Zeng	2	[{"changed": {"fields": ["Groups"]}}]	4	1
702	2021-09-03 22:17:05.181887+00	28	PRAD_Tissue_scPCamet_Kornienko_2021-09-03	2	[{"changed": {"fields": ["Lab name"]}}]	12	1
703	2021-09-03 22:17:11.512429+00	27	GBM_Tissue_scGBM_Bahl_2021-09-03	2	[{"changed": {"fields": ["Lab name"]}}]	12	1
704	2021-09-03 22:17:17.286564+00	26	BRCA_Cell-line_MDAMB436_Chen_2021-07-30	2	[{"changed": {"fields": ["Lab name"]}}]	12	1
705	2021-09-03 22:17:30.39936+00	25	BRCA_Tissue_BRCA_P_Keshavarzian_2021-07-06	2	[{"changed": {"fields": ["Lab name"]}}]	12	1
706	2021-09-03 22:17:42.563846+00	24	Ependymoma_Cell-line_PFA_ST_Nand_2016-08-19	2	[{"changed": {"fields": ["Lab name"]}}]	12	1
707	2021-09-03 22:17:55.014984+00	23	BRCA_Pdx_tkbca_Keshavarzian_2021-04-01	2	[{"changed": {"fields": ["Lab name"]}}]	12	1
708	2021-09-03 22:18:04.131383+00	22	GBM_Orgonids_default_Lupien_2018-05-01	2	[{"changed": {"fields": ["Lab name"]}}]	12	1
709	2021-09-03 22:18:12.750493+00	21	LAML_Tissue_m-ATAC_Grillo_2021-05-06	2	[{"changed": {"fields": ["Lab name"]}}]	12	1
710	2021-09-03 22:18:21.146349+00	20	BRCA_Cell-line_MAT2A_Chen_2021-05-04	2	[{"changed": {"fields": ["Lab name"]}}]	12	1
711	2021-09-03 22:18:30.88145+00	19	BRCA_Cell-line_TNBC_Artun_2017-01-17	2	[{"changed": {"fields": ["Lab name"]}}]	12	1
712	2021-09-03 22:18:38.91475+00	18	LALL_Tissue_Hemahier_Hawley_2021-04-17	2	[{"changed": {"fields": ["Lab name"]}}]	12	1
713	2021-09-03 22:19:44.556929+00	16	ChIP_DickLab_myc_tfeb	2	[{"changed": {"fields": ["Disease site", "Tissue type", "Lab name"]}}]	12	1
714	2021-09-03 22:19:56.871288+00	15	PRAD_Tissue_PROSPeCT_Kornienko_2021-03-01	2	[{"changed": {"fields": ["Lab name"]}}]	12	1
715	2021-09-03 22:20:17.002144+00	14	TNBC_MDAMB436_chemoresistance	2	[{"changed": {"fields": ["Disease site", "Tissue type", "Lab name"]}}]	12	1
716	2021-09-03 22:20:28.012641+00	13	TNBC_PDX_singlecell	2	[{"changed": {"fields": ["Disease site", "Tissue type", "Lab name"]}}]	12	1
717	2021-09-03 22:20:39.574113+00	12	PRAD_Tissue_CPCGene_Grillo_2015-05-17	2	[{"changed": {"fields": ["Lab name"]}}]	12	1
718	2021-09-03 22:20:51.270944+00	11	Nergiz_test	2	[{"changed": {"fields": ["Disease site", "Tissue type", "Lab name"]}}]	12	1
719	2021-09-03 22:21:13.796744+00	10	PRAD_Tissue_normprad_Hawley_2019-04-01	2	[{"changed": {"fields": ["Lab name"]}}]	12	1
720	2021-09-03 22:21:45.94769+00	9	PPTO_organoids	2	[{"changed": {"fields": ["Disease site", "Tissue type", "Lab name"]}}]	12	1
721	2021-09-03 22:22:01.791794+00	8	Testing_homebrew_Transposase_Kip	2	[{"changed": {"fields": ["Disease site", "Tissue type", "Lab name"]}}]	12	1
722	2021-09-03 22:22:11.497073+00	7	SU2C_BT_lines	2	[{"changed": {"fields": ["Disease site", "Tissue type", "Lab name"]}}]	12	1
723	2021-09-03 22:22:19.815663+00	6	Sarina_Test_1	2	[{"changed": {"fields": ["Disease site", "Tissue type", "Lab name"]}}]	12	1
724	2021-09-03 22:22:27.780111+00	4	PRAD_Tissue_cpcgene_Hawley_2019-04-01	2	[{"changed": {"fields": ["Lab name"]}}]	12	1
725	2021-09-07 16:56:03.577897+00	182	PCa-Patient1_ICGC03_Tu8	2	[{"changed": {"fields": ["Collection date", "Json fields"]}}]	7	1
726	2021-09-07 16:56:52.48397+00	183	PCa-Patient1_ICGC03_Tu9	2	[{"changed": {"fields": ["Collection date", "Json fields"]}}]	7	1
727	2021-09-07 16:57:35.774153+00	184	PCa-Patient1_ICGC03_Tu10	2	[{"changed": {"fields": ["Collection date", "Json fields"]}}]	7	1
728	2021-09-07 16:59:40.139383+00	187	PCa-Patient1_ICGC03_LN3	2	[{"changed": {"fields": ["Collection date", "Culture details", "Json fields"]}}]	7	1
729	2021-09-07 17:01:27.464746+00	189	PCa-Patient3_ICGC25_Tu2	2	[{"changed": {"fields": ["Collection date", "Culture details", "Json fields"]}}]	7	1
730	2021-09-07 17:03:15.765148+00	190	PCa-Patient3_ICGC25_Tu3	2	[{"changed": {"fields": ["Collection date", "Culture details", "Json fields"]}}]	7	1
731	2021-09-07 17:04:15.719047+00	191	PCa-Patient3_ICGC25_Tu4	2	[{"changed": {"fields": ["Collection date", "Json fields"]}}]	7	1
732	2021-09-07 17:05:10.167193+00	192	PCa-Patient3_ICGC25_Tu5	2	[{"changed": {"fields": ["Collection date", "Json fields"]}}]	7	1
733	2021-09-07 17:06:05.11565+00	193	PCa-Patient3_ICGC25_Tu6	2	[{"changed": {"fields": ["Collection date", "Culture details", "Json fields"]}}]	7	1
734	2021-09-07 17:07:20.593107+00	194	PCa-Patient3_ICGC25_Tu7	2	[{"changed": {"fields": ["Collection date", "Culture details", "Json fields"]}}]	7	1
735	2021-09-07 18:57:16.355975+00	195	PCa-Patient3_ICGC25_Tu8	2	[{"changed": {"fields": ["Collection date", "Culture details", "Json fields"]}}]	7	1
736	2021-09-07 18:57:58.901849+00	196	PCa-Patient3_ICGC25_Tu9	2	[{"changed": {"fields": ["Collection date", "Culture details", "Json fields"]}}]	7	1
737	2021-09-07 18:58:37.466635+00	197	PCa-Patient3_ICGC25_Tu10	2	[{"changed": {"fields": ["Collection date", "Culture details", "Json fields"]}}]	7	1
738	2021-09-07 18:59:35.501633+00	198	PCa-Patient3_ICGC25_LN1	2	[{"changed": {"fields": ["Collection date", "Culture details", "Json fields"]}}]	7	1
739	2021-09-07 19:17:34.854368+00	199	PCa-Patient3_ICGC25_LN2	2	[{"changed": {"fields": ["Collection date", "Culture details", "Json fields"]}}]	7	1
740	2021-09-07 19:19:45.413547+00	201	PCa-Patient4_ICGC34_Tu2	2	[{"changed": {"fields": ["Collection date", "Culture details", "Json fields"]}}]	7	1
741	2021-09-07 19:20:48.542421+00	202	PCa-Patient4_ICGC34_Tu3	2	[{"changed": {"fields": ["Collection date", "Culture details", "Json fields"]}}]	7	1
742	2021-09-07 19:21:44.92433+00	203	PCa-Patient4_ICGC34_Tu4	2	[{"changed": {"fields": ["Collection date", "Culture details", "Json fields"]}}]	7	1
743	2021-09-07 19:22:44.323058+00	204	PCa-Patient4_ICGC34_Tu5	2	[{"changed": {"fields": ["Collection date", "Culture details", "Json fields"]}}]	7	1
744	2021-09-07 19:25:47.601085+00	205	PCa-Patient4_ICGC34_Tu6	2	[{"changed": {"fields": ["Collection date", "Culture details", "Json fields"]}}]	7	1
745	2021-09-07 19:26:52.22329+00	206	PCa-Patient4_ICGC34_Tu7	2	[{"changed": {"fields": ["Collection date", "Culture details", "Json fields"]}}]	7	1
746	2021-09-07 19:28:06.961481+00	207	PCa-Patient4_ICGC34_Tu8	2	[{"changed": {"fields": ["Collection date", "Culture details", "Json fields"]}}]	7	1
747	2021-09-07 19:28:45.670218+00	208	PCa-Patient4_ICGC34_Tu9	2	[{"changed": {"fields": ["Collection date", "Culture details", "Json fields"]}}]	7	1
748	2021-09-07 19:29:23.92767+00	209	PCa-Patient4_ICGC34_Tu10	2	[{"changed": {"fields": ["Collection date", "Culture details", "Json fields"]}}]	7	1
749	2021-09-07 19:30:20.571775+00	210	PCa-Patient4_ICGC34_LN1	2	[{"changed": {"fields": ["Collection date", "Culture details", "Json fields"]}}]	7	1
750	2021-09-07 19:31:37.365587+00	212	PCa-Patient5_ICGC37_Tu2	2	[{"changed": {"fields": ["Collection date", "Culture details", "Json fields"]}}]	7	1
751	2021-09-07 19:32:57.931972+00	213	PCa-Patient5_ICGC37_Tu3	2	[{"changed": {"fields": ["Collection date", "Culture details", "Json fields"]}}]	7	1
752	2021-09-07 19:34:01.451189+00	214	PCa-Patient5_ICGC37_Tu4	2	[{"changed": {"fields": ["Collection date", "Culture details", "Json fields"]}}]	7	1
753	2021-09-07 19:35:09.327514+00	215	PCa-Patient5_ICGC37_Tu5	2	[{"changed": {"fields": ["Collection date", "Culture details", "Json fields"]}}]	7	1
754	2021-09-07 19:36:15.391764+00	216	PCa-Patient5_ICGC37_Tu6	2	[{"changed": {"fields": ["Collection date", "Culture details", "Json fields"]}}]	7	1
755	2021-09-07 19:37:21.948826+00	217	PCa-Patient5_ICGC37_Tu7	2	[{"changed": {"fields": ["Collection date", "Culture details", "Json fields"]}}]	7	1
756	2021-09-07 19:38:03.542607+00	218	PCa-Patient5_ICGC37_Tu8	2	[{"changed": {"fields": ["Collection date", "Culture details", "Json fields"]}}]	7	1
757	2021-09-07 19:38:41.263316+00	219	PCa-Patient5_ICGC37_Tu9	2	[{"changed": {"fields": ["Collection date", "Culture details", "Json fields"]}}]	7	1
758	2021-09-07 19:40:03.028745+00	220	PCa-Patient5_ICGC37_Tu10	2	[{"changed": {"fields": ["Collection date", "Culture details", "Json fields"]}}]	7	1
759	2021-09-07 19:41:07.589348+00	222	PCa-Patient5_ICGC37_LN2	2	[{"changed": {"fields": ["Collection date", "Culture details", "Json fields"]}}]	7	1
760	2021-09-07 19:42:05.259993+00	223	PCa-Patient5_ICGC37_LN3	2	[{"changed": {"fields": ["Collection date", "Culture details", "Json fields"]}}]	7	1
761	2021-09-07 19:43:06.399529+00	224	PCa-Patient5_ICGC37_LN4	2	[{"changed": {"fields": ["Collection date", "Json fields"]}}]	7	1
762	2021-10-08 20:10:35.162225+00	426	MDAMB436_sens_3_S22_L001_R1_001	2	[{"changed": {"fields": ["Experiment"]}}]	17	1
763	2021-10-08 20:11:18.983036+00	422	MDAMB436_sens_2_S12_L001_R1_001	2	[{"changed": {"fields": ["Experiment"]}}]	17	1
764	2021-10-13 15:39:55.81131+00	8	mathieu_lupien_lab	2	[]	8	1
765	2021-10-13 15:40:10.704796+00	63	zadeh_lab	1	[{"added": {}}]	8	1
766	2021-10-13 19:49:13.649562+00	27		1	[{"added": {}}]	4	1
767	2021-10-13 19:50:11.705757+00	27	Catherine Xu	2	[{"changed": {"fields": ["First name", "Last name", "Email address", "Groups", "User permissions"]}}]	4	1
768	2021-10-14 18:53:55.668707+00	28	PRAD_Tissue_scPCamet_Kornienko_2021-09-03	2	[{"changed": {"fields": ["Name"]}}]	12	1
769	2021-10-15 14:51:52.526495+00	64	scRNA-seq	1	[{"added": {}}]	8	1
770	2021-10-15 14:52:05.331715+00	65	scATAC-seq	1	[{"added": {}}]	8	1
771	2021-10-15 14:52:17.675185+00	66	ATAC-seq	1	[{"added": {}}]	8	1
772	2021-10-15 14:52:29.55289+00	67	RNA-seq	1	[{"added": {}}]	8	1
773	2021-10-15 14:53:13.716575+00	68	ChIP-seq	1	[{"added": {}}]	8	1
774	2021-10-15 14:53:33.645893+00	69	Hi-C	1	[{"added": {}}]	8	1
775	2021-10-15 15:31:22.343352+00	429	MDAMB436_sens_3_S22_L002_R2_001	2	[{"changed": {"fields": ["Assay"]}}]	17	1
776	2021-10-15 15:44:48.861153+00	373	MDAMB436_cispRC_1_S11_L002_R2_001	3		17	1
777	2021-10-15 15:44:48.864694+00	372	MDAMB436_cispRC_1_S11_L002_R1_001	3		17	1
778	2021-10-15 15:44:48.867013+00	371	MDAMB436_cispRC_1_S11_L001_R2_001	3		17	1
779	2021-10-15 15:44:48.869304+00	370	MDAMB436_cispRC_1_S11_L001_R1_001	3		17	1
780	2021-10-15 15:44:48.872718+00	369	MDAMB436_cispRB_3_S30_L002_R2_001	3		17	1
781	2021-10-15 15:44:48.874888+00	368	MDAMB436_cispRB_3_S30_L002_R1_001	3		17	1
782	2021-10-15 15:44:48.877247+00	367	MDAMB436_cispRB_3_S30_L001_R2_001	3		17	1
783	2021-10-15 15:44:48.879324+00	366	MDAMB436_cispRB_3_S30_L001_R1_001	3		17	1
784	2021-10-15 15:44:48.881233+00	365	MDAMB436_cispRB_2_S20_L002_R2_001	3		17	1
785	2021-10-15 15:44:48.883177+00	364	MDAMB436_cispRB_2_S20_L002_R1_001	3		17	1
786	2021-10-15 15:44:48.885029+00	363	MDAMB436_cispRB_2_S20_L001_R2_001	3		17	1
787	2021-10-15 15:44:48.887053+00	362	MDAMB436_cispRB_2_S20_L001_R1_001	3		17	1
788	2021-10-15 15:44:48.889079+00	361	MDAMB436_cispRB_1_S10_L002_R2_001	3		17	1
789	2021-10-15 15:44:48.891149+00	360	MDAMB436_cispRB_1_S10_L002_R1_001	3		17	1
790	2021-10-15 15:44:48.893329+00	359	MDAMB436_cispRB_1_S10_L001_R2_001	3		17	1
791	2021-10-15 15:44:48.895438+00	358	MDAMB436_cispRB_1_S10_L001_R1_001	3		17	1
792	2021-10-15 15:44:48.897421+00	357	MDAMB436_cispRA_3_S29_L002_R2_001	3		17	1
793	2021-10-15 15:44:48.89938+00	356	MDAMB436_cispRA_3_S29_L002_R1_001	3		17	1
794	2021-10-15 15:44:48.901334+00	355	MDAMB436_cispRA_3_S29_L001_R2_001	3		17	1
795	2021-10-15 15:44:48.903178+00	354	MDAMB436_cispRA_3_S29_L001_R1_001	3		17	1
796	2021-10-15 15:44:48.905327+00	353	MDAMB436_cispRA_2_S19_L002_R2_001	3		17	1
797	2021-10-15 15:44:48.907427+00	352	MDAMB436_cispRA_2_S19_L002_R1_001	3		17	1
798	2021-10-15 15:44:48.909455+00	351	MDAMB436_cispRA_2_S19_L001_R2_001	3		17	1
799	2021-10-15 15:44:48.91166+00	350	MDAMB436_cispRA_2_S19_L001_R1_001	3		17	1
800	2021-10-15 15:44:48.914054+00	349	MDAMB436_cispRA_1_S9_L002_R2_001	3		17	1
801	2021-10-15 15:44:48.916327+00	348	MDAMB436_cispRA_1_S9_L002_R1_001	3		17	1
802	2021-10-15 15:44:48.918578+00	347	MDAMB436_cispRA_1_S9_L001_R2_001	3		17	1
803	2021-10-15 15:44:48.920653+00	346	MDAMB436_cispRA_1_S9_L001_R1_001	3		17	1
804	2021-10-15 15:44:48.922784+00	345	MDAMB436_acpac_3_S23_L002_R2_001	3		17	1
805	2021-10-15 15:44:48.925025+00	344	MDAMB436_acpac_3_S23_L002_R1_001	3		17	1
806	2021-10-15 15:44:48.927362+00	343	MDAMB436_acpac_3_S23_L001_R2_001	3		17	1
807	2021-10-15 15:44:48.929598+00	342	MDAMB436_acpac_3_S23_L001_R1_001	3		17	1
808	2021-10-15 15:44:48.9321+00	341	MDAMB436_acpac_2_S13_L002_R2_001	3		17	1
809	2021-10-15 15:44:48.934497+00	340	MDAMB436_acpac_2_S13_L002_R1_001	3		17	1
810	2021-10-15 15:44:48.936833+00	339	MDAMB436_acpac_2_S13_L001_R2_001	3		17	1
811	2021-10-15 15:44:48.939114+00	338	MDAMB436_acpac_2_S13_L001_R1_001	3		17	1
812	2021-10-15 15:44:48.941239+00	337	MDAMB436_acpac_1_S3_L002_R2_001	3		17	1
813	2021-10-15 15:44:48.943429+00	336	MDAMB436_acpac_1_S3_L002_R1_001	3		17	1
814	2021-10-15 15:44:48.945484+00	335	MDAMB436_acpac_1_S3_L001_R2_001	3		17	1
815	2021-10-15 15:44:48.947579+00	334	MDAMB436_acpac_1_S3_L001_R1_001	3		17	1
816	2021-10-15 15:44:48.949787+00	333	MDAMB436_acgem_3_S25_L002_R2_001	3		17	1
817	2021-10-15 15:44:48.951818+00	332	MDAMB436_acgem_3_S25_L002_R1_001	3		17	1
818	2021-10-15 15:44:48.954076+00	331	MDAMB436_acgem_3_S25_L001_R2_001	3		17	1
819	2021-10-15 15:44:48.956376+00	330	MDAMB436_acgem_3_S25_L001_R1_001	3		17	1
820	2021-10-15 15:44:48.958319+00	329	MDAMB436_acgem_2_S15_L002_R2_001	3		17	1
821	2021-10-15 15:44:48.960229+00	328	MDAMB436_acgem_2_S15_L002_R1_001	3		17	1
822	2021-10-15 15:44:48.962315+00	327	MDAMB436_acgem_2_S15_L001_R2_001	3		17	1
823	2021-10-15 15:44:48.964359+00	326	MDAMB436_acgem_2_S15_L001_R1_001	3		17	1
824	2021-10-15 15:44:48.966352+00	325	MDAMB436_acgem_1_S5_L002_R2_001	3		17	1
825	2021-10-15 15:44:48.968317+00	324	MDAMB436_acgem_1_S5_L002_R1_001	3		17	1
826	2021-10-15 15:44:48.970345+00	323	MDAMB436_acgem_1_S5_L001_R2_001	3		17	1
827	2021-10-15 15:44:48.972439+00	322	MDAMB436_acgem_1_S5_L001_R1_001	3		17	1
828	2021-10-15 15:44:48.97442+00	321	MDAMB436_accisp_3_S24_L002_R2_001	3		17	1
829	2021-10-15 15:44:48.976439+00	320	MDAMB436_accisp_3_S24_L002_R1_001	3		17	1
830	2021-10-15 15:44:48.978338+00	319	MDAMB436_accisp_3_S24_L001_R2_001	3		17	1
831	2021-10-15 15:44:48.980309+00	318	MDAMB436_accisp_3_S24_L001_R1_001	3		17	1
832	2021-10-15 15:44:48.982244+00	317	MDAMB436_accisp_2_S14_L002_R2_001	3		17	1
833	2021-10-15 15:44:48.984418+00	316	MDAMB436_accisp_2_S14_L002_R1_001	3		17	1
834	2021-10-15 15:44:48.986434+00	315	MDAMB436_accisp_2_S14_L001_R2_001	3		17	1
835	2021-10-15 15:44:48.988412+00	314	MDAMB436_accisp_2_S14_L001_R1_001	3		17	1
836	2021-10-15 15:44:48.990422+00	313	MDAMB436_accisp_1_S4_L002_R2_001	3		17	1
837	2021-10-15 15:44:48.992416+00	312	MDAMB436_accisp_1_S4_L002_R1_001	3		17	1
838	2021-10-15 15:44:48.994431+00	311	MDAMB436_accisp_1_S4_L001_R2_001	3		17	1
839	2021-10-15 15:44:48.996326+00	310	MDAMB436_accisp_1_S4_L001_R1_001	3		17	1
840	2021-10-15 15:44:48.998377+00	309	sens_3_S21_L002_R2_001	3		17	1
841	2021-10-15 15:44:49.000304+00	308	sens_3_S21_L002_R1_001	3		17	1
842	2021-10-15 15:44:49.002298+00	307	sens_3_S21_L001_R2_001	3		17	1
843	2021-10-15 15:44:49.004257+00	306	sens_3_S21_L001_R1_001	3		17	1
844	2021-10-15 15:44:49.006309+00	305	sens_2_S11_L002_R2_001	3		17	1
845	2021-10-15 15:44:49.008402+00	304	sens_2_S11_L002_R1_001	3		17	1
846	2021-10-15 15:44:49.010327+00	303	sens_2_S11_L001_R2_001	3		17	1
847	2021-10-15 15:44:49.012347+00	302	sens_2_S11_L001_R1_001	3		17	1
848	2021-10-15 15:44:49.014242+00	301	sens_1_S1_L002_R2_001	3		17	1
849	2021-10-15 15:44:49.016214+00	300	sens_1_S1_L002_R1_001	3		17	1
850	2021-10-15 15:44:49.018132+00	299	sens_1_S1_L001_R2_001	3		17	1
851	2021-10-15 15:44:49.0202+00	298	sens_1_S1_L001_R1_001	3		17	1
852	2021-10-15 15:44:49.022309+00	297	gemR-C_3_S27_L002_R2_001	3		17	1
853	2021-10-15 15:44:49.02441+00	296	gemR-C_3_S27_L002_R1_001	3		17	1
854	2021-10-15 15:44:49.026437+00	295	gemR-C_3_S27_L001_R2_001	3		17	1
855	2021-10-15 15:44:49.028417+00	294	gemR-C_3_S27_L001_R1_001	3		17	1
856	2021-10-15 15:44:49.030432+00	293	gemR-C_2_S17_L002_R2_001	3		17	1
857	2021-10-15 15:44:49.032321+00	292	gemR-C_2_S17_L002_R1_001	3		17	1
858	2021-10-15 15:44:49.034326+00	291	gemR-C_2_S17_L001_R2_001	3		17	1
859	2021-10-15 15:44:49.036333+00	290	gemR-C_2_S17_L001_R1_001	3		17	1
860	2021-10-15 15:44:49.038355+00	289	gemR-C_1_S7_L002_R2_001	3		17	1
861	2021-10-15 15:44:49.040374+00	288	gemR-C_1_S7_L002_R1_001	3		17	1
862	2021-10-15 15:44:49.04246+00	287	gemR-C_1_S7_L001_R2_001	3		17	1
863	2021-10-15 15:44:49.044477+00	286	gemR-C_1_S7_L001_R1_001	3		17	1
864	2021-10-15 15:44:49.046536+00	285	gemR-B_3_S26_L002_R2_001	3		17	1
865	2021-10-15 15:44:49.048567+00	284	gemR-B_3_S26_L002_R1_001	3		17	1
866	2021-10-15 15:44:49.050554+00	283	gemR-B_3_S26_L001_R2_001	3		17	1
867	2021-10-15 15:44:49.052488+00	282	gemR-B_3_S26_L001_R1_001	3		17	1
868	2021-10-15 15:44:49.054482+00	281	gemR-B_2_S16_L002_R2_001	3		17	1
869	2021-10-15 15:44:49.056426+00	280	gemR-B_2_S16_L002_R1_001	3		17	1
870	2021-10-15 15:44:49.058381+00	279	gemR-B_2_S16_L001_R2_001	3		17	1
871	2021-10-15 15:44:49.060411+00	278	gemR-B_2_S16_L001_R1_001	3		17	1
872	2021-10-15 15:44:49.062434+00	277	gemR-B_1_S6_L002_R2_001	3		17	1
873	2021-10-15 15:44:49.064324+00	276	gemR-B_1_S6_L002_R1_001	3		17	1
874	2021-10-15 15:44:49.066276+00	275	gemR-B_1_S6_L001_R2_001	3		17	1
875	2021-10-15 15:44:49.068208+00	274	gemR-B_1_S6_L001_R1_001	3		17	1
876	2021-10-15 15:45:35.265774+00	273	gemR-A_3_S25_L002_R2_001	3		17	1
877	2021-10-15 15:45:35.269544+00	272	gemR-A_3_S25_L002_R1_001	3		17	1
878	2021-10-15 15:45:35.27195+00	271	gemR-A_3_S25_L001_R2_001	3		17	1
879	2021-10-15 15:45:35.27435+00	270	gemR-A_3_S25_L001_R1_001	3		17	1
880	2021-10-15 15:45:35.276849+00	269	gemR-A_2_S15_L002_R2_001	3		17	1
881	2021-10-15 15:45:35.279382+00	268	gemR-A_2_S15_L002_R1_001	3		17	1
882	2021-10-15 15:45:35.281783+00	267	gemR-A_2_S15_L001_R2_001	3		17	1
883	2021-10-15 15:45:35.284279+00	266	gemR-A_2_S15_L001_R1_001	3		17	1
884	2021-10-15 15:45:35.286645+00	265	gemR-A_1_S5_L002_R2_001	3		17	1
885	2021-10-15 15:45:35.289015+00	264	gemR-A_1_S5_L002_R1_001	3		17	1
886	2021-10-15 15:45:35.291465+00	263	gemR-A_1_S5_L001_R2_001	3		17	1
887	2021-10-15 15:45:35.293825+00	262	gemR-A_1_S5_L001_R1_001	3		17	1
888	2021-10-15 15:45:35.296226+00	261	cispR-C_3_S30_L002_R2_001	3		17	1
889	2021-10-15 15:45:35.298523+00	260	cispR-C_3_S30_L002_R1_001	3		17	1
890	2021-10-15 15:45:35.301095+00	259	cispR-C_3_S30_L001_R2_001	3		17	1
891	2021-10-15 15:45:35.303435+00	258	cispR-C_3_S30_L001_R1_001	3		17	1
892	2021-10-15 15:45:35.305945+00	257	cispR-C_2_S20_L002_R2_001	3		17	1
893	2021-10-15 15:45:35.30836+00	256	cispR-C_2_S20_L002_R1_001	3		17	1
894	2021-10-15 15:45:35.310789+00	255	cispR-C_2_S20_L001_R2_001	3		17	1
895	2021-10-15 15:45:35.313347+00	254	cispR-C_2_S20_L001_R1_001	3		17	1
896	2021-10-15 15:45:35.315803+00	253	cispR-C_1_S10_L002_R2_001	3		17	1
897	2021-10-15 15:45:35.318365+00	252	cispR-C_1_S10_L002_R1_001	3		17	1
898	2021-10-15 15:45:35.320793+00	251	cispR-C_1_S10_L001_R2_001	3		17	1
899	2021-10-15 15:45:35.323299+00	250	cispR-C_1_S10_L001_R1_001	3		17	1
900	2021-10-15 15:45:35.325865+00	249	cispR-B_3_S29_L002_R2_001	3		17	1
901	2021-10-15 15:45:35.328212+00	248	cispR-B_3_S29_L002_R1_001	3		17	1
902	2021-10-15 15:45:35.330487+00	247	cispR-B_3_S29_L001_R2_001	3		17	1
903	2021-10-15 15:45:35.332835+00	246	cispR-B_3_S29_L001_R1_001	3		17	1
904	2021-10-15 15:45:35.335333+00	245	cispR-B_2_S19_L002_R2_001	3		17	1
905	2021-10-15 15:45:35.337628+00	244	cispR-B_2_S19_L002_R1_001	3		17	1
906	2021-10-15 15:45:35.339942+00	243	cispR-B_2_S19_L001_R2_001	3		17	1
907	2021-10-15 15:45:35.342363+00	242	cispR-B_2_S19_L001_R1_001	3		17	1
908	2021-10-15 15:45:35.344718+00	241	cispR-B_1_S9_L002_R2_001	3		17	1
909	2021-10-15 15:45:35.34712+00	240	cispR-B_1_S9_L002_R1_001	3		17	1
910	2021-10-15 15:45:35.349398+00	239	cispR-B_1_S9_L001_R2_001	3		17	1
911	2021-10-15 15:45:35.351722+00	238	cispR-B_1_S9_L001_R1_001	3		17	1
912	2021-10-15 15:45:35.354134+00	237	cispR-A_3_S28_L002_R2_001	3		17	1
913	2021-10-15 15:45:35.356417+00	236	cispR-A_3_S28_L002_R1_001	3		17	1
914	2021-10-15 15:45:35.358835+00	235	cispR-A_3_S28_L001_R2_001	3		17	1
915	2021-10-15 15:45:35.361229+00	234	cispR-A_3_S28_L001_R1_001	3		17	1
916	2021-10-15 15:45:35.36351+00	233	cispR-A_2_S18_L002_R2_001	3		17	1
917	2021-10-15 15:45:35.365798+00	232	cispR-A_2_S18_L002_R1_001	3		17	1
918	2021-10-15 15:45:35.368193+00	231	cispR-A_2_S18_L001_R2_001	3		17	1
919	2021-10-15 15:45:35.370447+00	230	cispR-A_2_S18_L001_R1_001	3		17	1
920	2021-10-15 15:45:35.37272+00	229	cispR-A_1_S8_L002_R2_001	3		17	1
921	2021-10-15 15:45:35.37505+00	228	cispR-A_1_S8_L002_R1_001	3		17	1
922	2021-10-15 15:45:35.377379+00	227	cispR-A_1_S8_L001_R2_001	3		17	1
923	2021-10-15 15:45:35.379491+00	226	cispR-A_1_S8_L001_R1_001	3		17	1
924	2021-10-15 15:45:35.381716+00	225	ac-pac_3_S22_L002_R2_001	3		17	1
925	2021-10-15 15:45:35.383853+00	224	ac-pac_3_S22_L002_R1_001	3		17	1
926	2021-10-15 15:45:35.386198+00	223	ac-pac_3_S22_L001_R2_001	3		17	1
927	2021-10-15 15:45:35.388467+00	222	ac-pac_3_S22_L001_R1_001	3		17	1
928	2021-10-15 15:45:35.390749+00	221	ac-pac_2_S12_L002_R2_001	3		17	1
929	2021-10-15 15:45:35.393122+00	220	ac-pac_2_S12_L002_R1_001	3		17	1
930	2021-10-15 15:45:35.395398+00	219	ac-pac_2_S12_L001_R2_001	3		17	1
931	2021-10-15 15:45:35.397631+00	218	ac-pac_2_S12_L001_R1_001	3		17	1
932	2021-10-15 15:45:35.400237+00	217	ac-pac_1_S2_L002_R2_001	3		17	1
933	2021-10-15 15:45:35.40246+00	216	ac-pac_1_S2_L002_R1_001	3		17	1
934	2021-10-15 15:45:35.404645+00	215	ac-pac_1_S2_L001_R2_001	3		17	1
935	2021-10-15 15:45:35.40706+00	214	ac-pac_1_S2_L001_R1_001	3		17	1
936	2021-10-15 15:45:35.409386+00	213	ac-gem_3_S24_L002_R2_001	3		17	1
937	2021-10-15 15:45:35.411791+00	212	ac-gem_3_S24_L002_R1_001	3		17	1
938	2021-10-15 15:45:35.414102+00	211	ac-gem_3_S24_L001_R2_001	3		17	1
939	2021-10-15 15:45:35.416381+00	210	ac-gem_3_S24_L001_R1_001	3		17	1
940	2021-10-15 15:45:35.418729+00	209	ac-gem_2_S14_L002_R2_001	3		17	1
941	2021-10-15 15:45:35.421098+00	208	ac-gem_2_S14_L002_R1_001	3		17	1
942	2021-10-15 15:45:35.42342+00	207	ac-gem_2_S14_L001_R2_001	3		17	1
943	2021-10-15 15:45:35.425749+00	206	ac-gem_2_S14_L001_R1_001	3		17	1
944	2021-10-15 15:45:35.428177+00	205	ac-gem_1_S4_L002_R2_001	3		17	1
945	2021-10-15 15:45:35.430518+00	204	ac-gem_1_S4_L002_R1_001	3		17	1
946	2021-10-15 15:45:35.432894+00	203	ac-gem_1_S4_L001_R2_001	3		17	1
947	2021-10-15 15:45:35.435252+00	202	ac-gem_1_S4_L001_R1_001	3		17	1
948	2021-10-15 15:45:35.437525+00	201	ac-cisp_3_S23_L002_R2_001	3		17	1
949	2021-10-15 15:45:35.439878+00	200	ac-cisp_3_S23_L002_R1_001	3		17	1
950	2021-10-15 15:45:35.442222+00	199	ac-cisp_3_S23_L001_R2_001	3		17	1
951	2021-10-15 15:45:35.444435+00	198	ac-cisp_3_S23_L001_R1_001	3		17	1
952	2021-10-15 15:45:35.446687+00	197	ac-cisp_2_S13_L002_R2_001	3		17	1
953	2021-10-15 15:45:35.449096+00	196	ac-cisp_2_S13_L002_R1_001	3		17	1
954	2021-10-15 15:45:35.45151+00	195	ac-cisp_2_S13_L001_R2_001	3		17	1
955	2021-10-15 15:45:35.453879+00	194	ac-cisp_2_S13_L001_R1_001	3		17	1
956	2021-10-15 15:45:35.456323+00	193	ac-cisp_1_S3_L002_R2_001	3		17	1
957	2021-10-15 15:45:35.458685+00	192	ac-cisp_1_S3_L002_R1_001	3		17	1
958	2021-10-15 15:45:35.461089+00	191	ac-cisp_1_S3_L001_R2_001	3		17	1
959	2021-10-15 15:45:35.463431+00	190	ac-cisp_1_S3_L001_R1_001	3		17	1
960	2021-10-15 15:47:05.404436+00	429	MDAMB436_sens_3_S22_L002_R2_001	3		17	1
961	2021-10-15 15:47:05.408618+00	428	MDAMB436_sens_3_S22_L002_R1_001	3		17	1
962	2021-10-15 15:47:05.411064+00	427	MDAMB436_sens_3_S22_L001_R2_001	3		17	1
963	2021-10-15 15:47:05.413552+00	426	MDAMB436_sens_3_S22_L001_R1_001	3		17	1
964	2021-10-15 15:47:05.415885+00	425	MDAMB436_sens_2_S12_L002_R2_001	3		17	1
965	2021-10-15 15:47:05.418369+00	424	MDAMB436_sens_2_S12_L002_R1_001	3		17	1
966	2021-10-15 15:47:05.420816+00	423	MDAMB436_sens_2_S12_L001_R2_001	3		17	1
967	2021-10-15 15:47:05.423241+00	422	MDAMB436_sens_2_S12_L001_R1_001	3		17	1
968	2021-10-15 15:47:05.425476+00	421	MDAMB436_sens_1_S2_L002_R2_001	3		17	1
969	2021-10-15 15:47:05.427589+00	420	MDAMB436_sens_1_S2_L002_R1_001	3		17	1
970	2021-10-15 15:47:05.429967+00	419	MDAMB436_sens_1_S2_L001_R2_001	3		17	1
971	2021-10-15 15:47:05.43231+00	418	MDAMB436_sens_1_S2_L001_R1_001	3		17	1
972	2021-10-15 15:47:05.434482+00	417	MDAMB436_gemRC_3_S28_L002_R2_001	3		17	1
973	2021-10-15 15:47:05.43664+00	416	MDAMB436_gemRC_3_S28_L002_R1_001	3		17	1
974	2021-10-15 15:47:05.438885+00	415	MDAMB436_gemRC_3_S28_L001_R2_001	3		17	1
975	2021-10-15 15:47:05.441271+00	414	MDAMB436_gemRC_3_S28_L001_R1_001	3		17	1
976	2021-10-15 15:47:05.443458+00	413	MDAMB436_gemRC_2_S18_L002_R2_001	3		17	1
977	2021-10-15 15:47:05.44559+00	412	MDAMB436_gemRC_2_S18_L002_R1_001	3		17	1
978	2021-10-15 15:47:05.447816+00	411	MDAMB436_gemRC_2_S18_L001_R2_001	3		17	1
979	2021-10-15 15:47:05.450299+00	410	MDAMB436_gemRC_2_S18_L001_R1_001	3		17	1
980	2021-10-15 15:47:05.452622+00	409	MDAMB436_gemRC_1_S8_L002_R2_001	3		17	1
981	2021-10-15 15:47:05.454898+00	408	MDAMB436_gemRC_1_S8_L002_R1_001	3		17	1
982	2021-10-15 15:47:05.457168+00	407	MDAMB436_gemRC_1_S8_L001_R2_001	3		17	1
983	2021-10-15 15:47:05.459387+00	406	MDAMB436_gemRC_1_S8_L001_R1_001	3		17	1
984	2021-10-15 15:47:05.461642+00	405	MDAMB436_gemRB_3_S27_L002_R2_001	3		17	1
985	2021-10-15 15:47:05.463948+00	404	MDAMB436_gemRB_3_S27_L002_R1_001	3		17	1
986	2021-10-15 15:47:05.466329+00	403	MDAMB436_gemRB_3_S27_L001_R2_001	3		17	1
987	2021-10-15 15:47:05.468551+00	402	MDAMB436_gemRB_3_S27_L001_R1_001	3		17	1
988	2021-10-15 15:47:05.470803+00	401	MDAMB436_gemRB_2_S17_L002_R2_001	3		17	1
989	2021-10-15 15:47:05.473087+00	400	MDAMB436_gemRB_2_S17_L002_R1_001	3		17	1
990	2021-10-15 15:47:05.47542+00	399	MDAMB436_gemRB_2_S17_L001_R2_001	3		17	1
991	2021-10-15 15:47:05.47764+00	398	MDAMB436_gemRB_2_S17_L001_R1_001	3		17	1
992	2021-10-15 15:47:05.480003+00	397	MDAMB436_gemRB_1_S7_L002_R2_001	3		17	1
993	2021-10-15 15:47:05.482371+00	396	MDAMB436_gemRB_1_S7_L002_R1_001	3		17	1
994	2021-10-15 15:47:05.484602+00	395	MDAMB436_gemRB_1_S7_L001_R2_001	3		17	1
995	2021-10-15 15:47:05.486847+00	394	MDAMB436_gemRB_1_S7_L001_R1_001	3		17	1
996	2021-10-15 15:47:05.489308+00	393	MDAMB436_gemRA_3_S26_L002_R2_001	3		17	1
997	2021-10-15 15:47:05.491587+00	392	MDAMB436_gemRA_3_S26_L002_R1_001	3		17	1
998	2021-10-15 15:47:05.493896+00	391	MDAMB436_gemRA_3_S26_L001_R2_001	3		17	1
999	2021-10-15 15:47:05.496349+00	390	MDAMB436_gemRA_3_S26_L001_R1_001	3		17	1
1000	2021-10-15 15:47:05.498647+00	389	MDAMB436_gemRA_2_S16_L002_R2_001	3		17	1
1001	2021-10-15 15:47:05.501027+00	388	MDAMB436_gemRA_2_S16_L002_R1_001	3		17	1
1002	2021-10-15 15:47:05.503396+00	387	MDAMB436_gemRA_2_S16_L001_R2_001	3		17	1
1003	2021-10-15 15:47:05.505672+00	386	MDAMB436_gemRA_2_S16_L001_R1_001	3		17	1
1004	2021-10-15 15:47:05.507978+00	385	MDAMB436_gemRA_1_S6_L002_R2_001	3		17	1
1005	2021-10-15 15:47:05.510262+00	384	MDAMB436_gemRA_1_S6_L002_R1_001	3		17	1
1006	2021-10-15 15:47:05.512494+00	383	MDAMB436_gemRA_1_S6_L001_R2_001	3		17	1
1007	2021-10-15 15:47:05.514725+00	382	MDAMB436_gemRA_1_S6_L001_R1_001	3		17	1
1008	2021-10-15 15:47:05.517016+00	381	MDAMB436_cispRC_3_S31_L002_R2_001	3		17	1
1009	2021-10-15 15:47:05.519327+00	380	MDAMB436_cispRC_3_S31_L002_R1_001	3		17	1
1010	2021-10-15 15:47:05.521621+00	379	MDAMB436_cispRC_3_S31_L001_R2_001	3		17	1
1011	2021-10-15 15:47:05.523894+00	378	MDAMB436_cispRC_3_S31_L001_R1_001	3		17	1
1012	2021-10-15 15:47:05.526302+00	377	MDAMB436_cispRC_2_S21_L002_R2_001	3		17	1
1013	2021-10-15 15:47:05.528637+00	376	MDAMB436_cispRC_2_S21_L002_R1_001	3		17	1
1014	2021-10-15 15:47:05.530862+00	375	MDAMB436_cispRC_2_S21_L001_R2_001	3		17	1
1015	2021-10-15 15:47:05.533176+00	374	MDAMB436_cispRC_2_S21_L001_R1_001	3		17	1
1016	2021-11-06 16:45:20.954299+00	28		1	[{"added": {}}]	4	1
1017	2021-11-06 16:46:01.42939+00	28	Lisanne Mout	2	[{"changed": {"fields": ["First name", "Last name", "Email address", "Groups", "User permissions"]}}]	4	1
1018	2021-11-23 17:19:38.167862+00	6	preprocessing details - Not Available	2	[{"changed": {"fields": ["Name", "Json type"]}}]	9	1
1019	2021-11-23 17:20:58.413476+00	5	preprocessing details - Available	2	[{"changed": {"fields": ["Name", "Json type", "Json fields"]}}]	9	1
1020	2021-12-02 04:42:57.713315+00	1026	PBM08_S10_L002_R3_001	3		17	1
1021	2021-12-02 04:42:57.717724+00	1025	PBM08_S10_L002_R2_001	3		17	1
1022	2021-12-02 04:42:57.719844+00	1024	PBM08_S10_L002_R1_001	3		17	1
1023	2021-12-02 04:42:57.721886+00	1023	PBM08_S10_L002_I1_001	3		17	1
1024	2021-12-02 04:42:57.724197+00	1022	PBM08_S10_L001_R3_001	3		17	1
1025	2021-12-02 04:42:57.726378+00	1021	PBM08_S10_L001_R2_001	3		17	1
1026	2021-12-02 04:42:57.728618+00	1020	PBM08_S10_L001_R1_001	3		17	1
1027	2021-12-02 04:42:57.730647+00	1019	PBM08_S10_L001_I1_001	3		17	1
1028	2021-12-02 04:42:57.73259+00	1018	PBM07_S9_L002_R3_001	3		17	1
1029	2021-12-02 04:42:57.734512+00	1017	PBM07_S9_L002_R2_001	3		17	1
1030	2021-12-02 04:42:57.736489+00	1016	PBM07_S9_L002_R1_001	3		17	1
1031	2021-12-02 04:42:57.738576+00	1015	PBM07_S9_L002_I1_001	3		17	1
1032	2021-12-02 04:42:57.740575+00	1014	PBM07_S9_L001_R3_001	3		17	1
1033	2021-12-02 04:42:57.742604+00	1013	PBM07_S9_L001_R2_001	3		17	1
1034	2021-12-02 04:42:57.74456+00	1012	PBM07_S9_L001_R1_001	3		17	1
1035	2021-12-02 04:42:57.746686+00	1011	PBM07_S9_L001_I1_001	3		17	1
1036	2021-12-02 04:42:57.74875+00	1010	PBM03_S8_L002_R3_001	3		17	1
1037	2021-12-02 04:42:57.751017+00	1009	PBM03_S8_L002_R2_001	3		17	1
1038	2021-12-02 04:42:57.753233+00	1008	PBM03_S8_L002_R1_001	3		17	1
1039	2021-12-02 04:42:57.755441+00	1007	PBM03_S8_L002_I1_001	3		17	1
1040	2021-12-02 04:42:57.757682+00	1006	PBM03_S8_L001_R3_001	3		17	1
1041	2021-12-02 04:42:57.759789+00	1005	PBM03_S8_L001_R2_001	3		17	1
1042	2021-12-02 04:42:57.76213+00	1004	PBM03_S8_L001_R1_001	3		17	1
1043	2021-12-02 04:42:57.764332+00	1003	PBM03_S8_L001_I1_001	3		17	1
1044	2021-12-02 04:42:57.766468+00	1002	PBM02_S7_L002_R3_001	3		17	1
1045	2021-12-02 04:42:57.76861+00	1001	PBM02_S7_L002_R2_001	3		17	1
1046	2021-12-02 04:42:57.770793+00	1000	PBM02_S7_L002_R1_001	3		17	1
1047	2021-12-02 04:42:57.773016+00	999	PBM02_S7_L002_I1_001	3		17	1
1048	2021-12-02 04:42:57.775246+00	998	PBM02_S7_L001_R3_001	3		17	1
1049	2021-12-02 04:42:57.777583+00	997	PBM02_S7_L001_R2_001	3		17	1
1050	2021-12-02 04:42:57.779779+00	996	PBM02_S7_L001_R1_001	3		17	1
1051	2021-12-02 04:42:57.782132+00	995	PBM02_S7_L001_I1_001	3		17	1
1052	2021-12-02 04:42:57.784389+00	994	PBM01_S6_L002_R3_001	3		17	1
1053	2021-12-02 04:42:57.786586+00	993	PBM01_S6_L002_R2_001	3		17	1
1054	2021-12-02 04:42:57.788796+00	992	PBM01_S6_L002_R1_001	3		17	1
1055	2021-12-02 04:42:57.791225+00	991	PBM01_S6_L002_I1_001	3		17	1
1056	2021-12-02 04:42:57.793541+00	990	PBM01_S6_L001_R3_001	3		17	1
1057	2021-12-02 04:42:57.795572+00	989	PBM01_S6_L001_R2_001	3		17	1
1058	2021-12-02 04:42:57.79777+00	988	PBM01_S6_L001_R1_001	3		17	1
1059	2021-12-02 04:42:57.799893+00	987	PBM01_S6_L001_I1_001	3		17	1
1060	2021-12-02 04:42:57.802105+00	986	PBM08_GEX_S5_L002_R2_001	3		17	1
1061	2021-12-02 04:42:57.804379+00	985	PBM08_GEX_S5_L002_R1_001	3		17	1
1062	2021-12-02 04:42:57.806565+00	984	PBM08_GEX_S5_L002_I2_001	3		17	1
1063	2021-12-02 04:42:57.808756+00	983	PBM08_GEX_S5_L002_I1_001	3		17	1
1064	2021-12-02 04:42:57.81122+00	982	PBM08_GEX_S5_L001_R2_001	3		17	1
1065	2021-12-02 04:42:57.813568+00	981	PBM08_GEX_S5_L001_R1_001	3		17	1
1066	2021-12-02 04:42:57.815732+00	980	PBM08_GEX_S5_L001_I2_001	3		17	1
1067	2021-12-02 04:42:57.818036+00	979	PBM08_GEX_S5_L001_I1_001	3		17	1
1068	2021-12-02 04:42:57.820262+00	978	PBM07_GEX_S4_L002_R2_001	3		17	1
1069	2021-12-02 04:42:57.822593+00	977	PBM07_GEX_S4_L002_R1_001	3		17	1
1070	2021-12-02 04:42:57.824939+00	976	PBM07_GEX_S4_L002_I2_001	3		17	1
1071	2021-12-02 04:42:57.827264+00	975	PBM07_GEX_S4_L002_I1_001	3		17	1
1072	2021-12-02 04:42:57.829504+00	974	PBM07_GEX_S4_L001_R2_001	3		17	1
1073	2021-12-02 04:42:57.831853+00	973	PBM07_GEX_S4_L001_R1_001	3		17	1
1074	2021-12-02 04:42:57.834118+00	972	PBM07_GEX_S4_L001_I2_001	3		17	1
1075	2021-12-02 04:42:57.836433+00	971	PBM07_GEX_S4_L001_I1_001	3		17	1
1076	2021-12-02 04:42:57.838575+00	970	PBM03_GEX_S3_L002_R2_001	3		17	1
1077	2021-12-02 04:42:57.840779+00	969	PBM03_GEX_S3_L002_R1_001	3		17	1
1078	2021-12-02 04:42:57.842977+00	968	PBM03_GEX_S3_L002_I2_001	3		17	1
1079	2021-12-02 04:42:57.845311+00	967	PBM03_GEX_S3_L002_I1_001	3		17	1
1080	2021-12-02 04:42:57.847609+00	966	PBM03_GEX_S3_L001_R2_001	3		17	1
1081	2021-12-02 04:42:57.849897+00	965	PBM03_GEX_S3_L001_R1_001	3		17	1
1082	2021-12-02 04:42:57.852232+00	964	PBM03_GEX_S3_L001_I2_001	3		17	1
1083	2021-12-02 04:42:57.854561+00	963	PBM03_GEX_S3_L001_I1_001	3		17	1
1084	2021-12-02 04:42:57.856794+00	962	PBM02_GEX_S2_L002_R2_001	3		17	1
1085	2021-12-02 04:42:57.859079+00	961	PBM02_GEX_S2_L002_R1_001	3		17	1
1086	2021-12-02 04:42:57.861517+00	960	PBM02_GEX_S2_L002_I2_001	3		17	1
1087	2021-12-02 04:42:57.863726+00	959	PBM02_GEX_S2_L002_I1_001	3		17	1
1088	2021-12-02 04:42:57.865967+00	958	PBM02_GEX_S2_L001_R2_001	3		17	1
1089	2021-12-02 04:42:57.868286+00	957	PBM02_GEX_S2_L001_R1_001	3		17	1
1090	2021-12-02 04:42:57.870631+00	956	PBM02_GEX_S2_L001_I2_001	3		17	1
1091	2021-12-02 04:42:57.872952+00	955	PBM02_GEX_S2_L001_I1_001	3		17	1
1092	2021-12-02 04:42:57.875231+00	954	PBM01_GEX_S1_L002_R2_001	3		17	1
1093	2021-12-02 04:42:57.877593+00	953	PBM01_GEX_S1_L002_R1_001	3		17	1
1094	2021-12-02 04:42:57.87982+00	952	PBM01_GEX_S1_L002_I2_001	3		17	1
1095	2021-12-02 04:42:57.882125+00	951	PBM01_GEX_S1_L002_I1_001	3		17	1
1096	2021-12-02 04:42:57.884498+00	950	PBM01_GEX_S1_L001_R2_001	3		17	1
1097	2021-12-02 04:42:57.886784+00	949	PBM01_GEX_S1_L001_R1_001	3		17	1
1098	2021-12-02 04:42:57.889126+00	948	PBM01_GEX_S1_L001_I2_001	3		17	1
1099	2021-12-02 04:42:57.891388+00	947	PBM01_GEX_S1_L001_I1_001	3		17	1
1100	2021-12-02 19:19:57.061407+00	29		1	[{"added": {}}]	4	1
1101	2021-12-02 19:20:26.77944+00	29	Chu Pan	2	[{"changed": {"fields": ["First name", "Last name", "Email address", "Groups", "User permissions"]}}]	4	1
1102	2021-12-08 06:22:37.873481+00	1368	160121_A	3		7	1
1103	2021-12-08 06:22:37.878049+00	1367	161829_B	3		7	1
1104	2021-12-08 06:22:37.880415+00	1366	253192_A	3		7	1
1105	2021-12-08 06:22:37.882855+00	1365	162229_A	3		7	1
1106	2021-12-08 06:22:37.885362+00	1364	161172_A	3		7	1
1107	2021-12-08 06:22:37.887814+00	1363	151165_A	3		7	1
1108	2021-12-08 06:22:37.890253+00	1362	162002_A	3		7	1
1109	2021-12-08 06:22:37.892689+00	1361	150783_A	3		7	1
1110	2021-12-08 06:22:37.895254+00	1360	161960_B	3		7	1
1111	2021-12-08 06:22:37.897617+00	1359	150549_B	3		7	1
1112	2021-12-08 06:22:37.899839+00	1358	214137_A	3		7	1
1113	2021-12-08 06:22:37.902271+00	1357	150020_A	3		7	1
1114	2021-12-08 06:22:37.904557+00	1356	210060_A	3		7	1
1115	2021-12-08 06:22:37.906985+00	1355	211554_A	3		7	1
1116	2021-12-08 06:22:37.90939+00	1354	316382_B	3		7	1
1117	2021-12-08 06:22:37.911705+00	1353	282068_A	3		7	1
1118	2021-12-08 06:22:37.914201+00	1352	208316_A	3		7	1
1119	2021-12-08 06:22:37.916602+00	1351	275267_A	3		7	1
1120	2021-12-08 06:22:37.918949+00	1350	274116_A	3		7	1
1121	2021-12-08 06:22:37.921333+00	1349	161910_A	3		7	1
1122	2021-12-08 06:22:37.923845+00	1348	273003_B	3		7	1
1123	2021-12-08 06:22:37.926176+00	1347	161282_A	3		7	1
1124	2021-12-08 06:22:37.928548+00	1346	207222_A	3		7	1
1125	2021-12-08 06:22:37.930973+00	1345	161769_A	3		7	1
1126	2021-12-08 06:22:37.933306+00	1344	161502_B	3		7	1
1127	2021-12-08 06:22:37.935848+00	1343	161498_A	3		7	1
1128	2021-12-08 06:22:37.938237+00	1342	311947_A	3		7	1
1129	2021-12-08 06:22:37.940685+00	1341	283312	3		7	1
1130	2021-12-08 06:22:37.943043+00	1340	322659_A	3		7	1
1131	2021-12-08 06:22:37.945409+00	1339	161986_B	3		7	1
1132	2021-12-08 06:22:37.947849+00	1338	236605_B	3		7	1
1133	2021-12-08 06:22:37.950253+00	1337	236175_B	3		7	1
1134	2021-12-08 06:22:37.952671+00	1336	302404_B	3		7	1
1135	2021-12-08 06:22:37.955023+00	1335	296112_A	3		7	1
1136	2021-12-08 06:22:37.957436+00	1334	248309_A	3		7	1
1137	2021-12-08 06:22:37.959853+00	1333	248267_A	3		7	1
1138	2021-12-08 06:22:37.962295+00	1332	289034_B	3		7	1
1139	2021-12-08 06:22:37.964838+00	1331	162131_B	3		7	1
1140	2021-12-08 06:22:37.967196+00	1330	204122_A	3		7	1
1141	2021-12-08 06:22:37.969746+00	1329	162218_B	3		7	1
1142	2021-12-08 06:22:37.972175+00	1328	826339_B	3		7	1
1143	2021-12-08 06:22:37.974651+00	1327	800498_A	3		7	1
1144	2021-12-08 06:22:37.977089+00	1326	271542_A	3		7	1
1145	2021-12-08 06:22:37.979623+00	1325	194785_A	3		7	1
1146	2021-12-08 06:22:37.982045+00	1324	194388_B	3		7	1
1147	2021-12-08 06:22:37.984566+00	1323	187112_B	3		7	1
1148	2021-12-08 06:22:37.987012+00	1322	186862_A	3		7	1
1149	2021-12-08 06:22:37.989457+00	1321	186392	3		7	1
1150	2021-12-08 06:22:37.992009+00	1320	185802_B	3		7	1
1151	2021-12-08 06:22:37.994595+00	1319	162640_B	3		7	1
1152	2021-12-08 06:22:37.997067+00	1318	780325_A	3		7	1
1153	2021-12-08 06:22:37.999572+00	1317	162089_B	3		7	1
1154	2021-12-08 06:22:38.002067+00	1316	162122_A	3		7	1
1155	2021-12-08 06:22:38.004503+00	1315	10041_B	3		7	1
1156	2021-12-08 06:22:38.007048+00	1314	6471_B	3		7	1
1157	2021-12-09 02:47:30.657194+00	6	preprocessing_details - Not Available	2	[{"changed": {"fields": ["Name"]}}]	9	1
1158	2021-12-09 02:47:40.349092+00	5	preprocessing_details - Available	2	[{"changed": {"fields": ["Name"]}}]	9	1
1159	2021-12-09 02:49:05.289978+00	6	preprocessing details - Not Available	2	[{"changed": {"fields": ["Name"]}}]	9	1
1160	2021-12-09 02:49:11.221839+00	5	preprocessing details - Available	2	[{"changed": {"fields": ["Name"]}}]	9	1
1161	2021-12-09 03:39:29.604118+00	1423	160121_A	3		7	1
1162	2021-12-09 03:39:29.608094+00	1422	161829_B	3		7	1
1163	2021-12-09 03:39:29.610531+00	1421	253192_A	3		7	1
1164	2021-12-09 03:39:29.613183+00	1420	162229_A	3		7	1
1165	2021-12-09 03:39:29.615581+00	1419	161172_A	3		7	1
1166	2021-12-09 03:39:29.618103+00	1418	151165_A	3		7	1
1167	2021-12-09 03:39:29.62049+00	1417	162002_A	3		7	1
1168	2021-12-09 03:39:29.622695+00	1416	150783_A	3		7	1
1169	2021-12-09 03:39:29.625+00	1415	161960_B	3		7	1
1170	2021-12-09 03:39:29.627131+00	1414	150549_B	3		7	1
1171	2021-12-09 03:39:29.629288+00	1413	214137_A	3		7	1
1172	2021-12-09 03:39:29.631446+00	1412	150020_A	3		7	1
1173	2021-12-09 03:39:29.633653+00	1411	210060_A	3		7	1
1174	2021-12-09 03:39:29.635962+00	1410	211554_A	3		7	1
1175	2021-12-09 03:39:29.638106+00	1409	316382_B	3		7	1
1176	2021-12-09 03:39:29.640117+00	1408	282068_A	3		7	1
1177	2021-12-09 03:39:29.64213+00	1407	208316_A	3		7	1
1178	2021-12-09 03:39:29.644111+00	1406	275267_A	3		7	1
1179	2021-12-09 03:39:29.646107+00	1405	274116_A	3		7	1
1180	2021-12-09 03:39:29.64809+00	1404	161910_A	3		7	1
1181	2021-12-09 03:39:29.650101+00	1403	273003_B	3		7	1
1182	2021-12-09 03:39:29.652159+00	1402	161282_A	3		7	1
1183	2021-12-09 03:39:29.654368+00	1401	207222_A	3		7	1
1184	2021-12-09 03:39:29.656598+00	1400	161769_A	3		7	1
1185	2021-12-09 03:39:29.659026+00	1399	161502_B	3		7	1
1186	2021-12-09 03:39:29.661268+00	1398	161498_A	3		7	1
1187	2021-12-09 03:39:29.663632+00	1397	311947_A	3		7	1
1188	2021-12-09 03:39:29.665978+00	1396	283312	3		7	1
1189	2021-12-09 03:39:29.668124+00	1395	322659_A	3		7	1
1190	2021-12-09 03:39:29.670346+00	1394	161986_B	3		7	1
1191	2021-12-09 03:39:29.672704+00	1393	236605_B	3		7	1
1192	2021-12-09 03:39:29.67509+00	1392	236175_B	3		7	1
1193	2021-12-09 03:39:29.677315+00	1391	302404_B	3		7	1
1194	2021-12-09 03:39:29.67956+00	1390	296112_A	3		7	1
1195	2021-12-09 03:39:29.681837+00	1389	248309_A	3		7	1
1196	2021-12-09 03:39:29.684042+00	1388	248267_A	3		7	1
1197	2021-12-09 03:39:29.686203+00	1387	289034_B	3		7	1
1198	2021-12-09 03:39:29.688433+00	1386	162131_B	3		7	1
1199	2021-12-09 03:39:29.690689+00	1385	204122_A	3		7	1
1200	2021-12-09 03:39:29.692892+00	1384	162218_B	3		7	1
1201	2021-12-09 03:39:29.695139+00	1383	826339_B	3		7	1
1202	2021-12-09 03:39:29.697167+00	1382	800498_A	3		7	1
1203	2021-12-09 03:39:29.699295+00	1381	271542_A	3		7	1
1204	2021-12-09 03:39:29.701456+00	1380	194785_A	3		7	1
1205	2021-12-09 03:39:29.703545+00	1379	194388_B	3		7	1
1206	2021-12-09 03:39:29.705846+00	1378	187112_B	3		7	1
1207	2021-12-09 03:39:29.708145+00	1377	186862_A	3		7	1
1208	2021-12-09 03:39:29.710271+00	1376	186392	3		7	1
1209	2021-12-09 03:39:29.712576+00	1375	185802_B	3		7	1
1210	2021-12-09 03:39:29.714777+00	1374	162640_B	3		7	1
1211	2021-12-09 03:39:29.71696+00	1373	780325_A	3		7	1
1212	2021-12-09 03:39:29.719039+00	1372	162089_B	3		7	1
1213	2021-12-09 03:39:29.721105+00	1371	162122_A	3		7	1
1214	2021-12-09 03:39:29.723186+00	1370	10041_B	3		7	1
1215	2021-12-09 03:39:29.725478+00	1369	6471_B	3		7	1
1216	2021-12-09 17:28:11.741036+00	22	Tina Keshavarzian	2	[{"changed": {"fields": ["password"]}}]	4	1
1217	2022-01-17 16:19:39.973902+00	30		1	[{"added": {}}]	4	1
1218	2022-01-17 16:20:48.39413+00	30	Sarah Benamara	2	[{"changed": {"fields": ["First name", "Last name", "Email address", "Groups", "User permissions"]}}]	4	1
1219	2022-01-28 17:45:33.29928+00	22	Tina Keshavarzian	2	[{"changed": {"fields": ["password"]}}]	4	1
1220	2022-04-22 17:34:34.759109+00	31		1	[{"added": {}}]	4	1
1221	2022-04-22 17:35:16.296372+00	31	Lucie Cressot	2	[{"changed": {"fields": ["First name", "Last name", "Email address", "Groups", "User permissions"]}}]	4	1
1222	2022-05-13 00:24:06.958284+00	28	Lisanne Mout	2	[{"changed": {"fields": ["password"]}}]	4	1
1223	2022-06-17 19:38:20.471552+00	5	preprocessing details - Available	2	[{"changed": {"fields": ["Json fields"]}}]	9	1
1224	2022-06-21 18:47:01.093047+00	9	tissue	2	[]	9	1
1225	2022-06-21 18:48:40.122556+00	16	Organoids	1	[{"added": {}}]	9	1
1226	2022-06-21 18:53:17.797676+00	16	organoids	2	[{"changed": {"fields": ["Name"]}}]	9	1
1227	2022-06-21 20:37:26.764314+00	16	organoids	2	[{"changed": {"fields": ["Json fields"]}}]	9	1
1228	2022-06-21 20:39:54.216458+00	16	organoids	2	[{"changed": {"fields": ["Json fields"]}}]	9	1
1229	2022-06-21 20:40:27.18692+00	16	organoids	2	[{"changed": {"fields": ["Json fields"]}}]	9	1
1230	2022-08-03 14:18:28.743911+00	28	Lisanne Mout	2	[{"changed": {"fields": ["password"]}}]	4	1
1231	2022-08-09 19:59:12.946976+00	545	600MPE	3		15	1
1232	2022-08-10 03:17:10.209899+00	17	Cut&Run	1	[{"added": {}}]	9	1
1233	2022-08-10 03:19:51.229511+00	17	Cut&Run	2	[{"changed": {"fields": ["Json fields"]}}]	9	1
1234	2022-08-11 19:37:30.880815+00	17	Cut&Run	2	[{"changed": {"fields": ["Json fields"]}}]	9	1
1235	2022-08-11 19:38:19.231459+00	1	ATAC-seq	2	[{"changed": {"fields": ["Json fields"]}}]	9	1
1236	2022-08-11 19:39:10.048203+00	14	scATAC-RNAseq-multiome	2	[{"changed": {"fields": ["Json fields"]}}]	9	1
1237	2022-08-11 19:39:48.72057+00	13	scATAC	2	[{"changed": {"fields": ["Json fields"]}}]	9	1
1238	2022-08-11 19:42:38.72011+00	894	22Rv1_clone1_6Ctrl_H3K27ac_CA	2	[{"changed": {"fields": ["Json fields"]}}]	14	1
1239	2022-08-11 19:42:57.293491+00	895	22Rv1_clone1_6Tigger3a_H3K27ac_T2	2	[{"changed": {"fields": ["Json fields"]}}]	14	1
1240	2022-08-11 19:43:09.275849+00	896	22Rv1_clone1_6Tigger3a_H3K27ac_TA	2	[{"changed": {"fields": ["Json fields"]}}]	14	1
1241	2022-08-11 19:43:22.695996+00	897	22Rv1_clone1_6Tigger3a_Cas9_T2	2	[{"changed": {"fields": ["Json fields"]}}]	14	1
1242	2022-08-11 19:43:34.432312+00	898	22Rv1_clone1_6Tigger3a_Cas9_TA	2	[{"changed": {"fields": ["Json fields"]}}]	14	1
1243	2022-08-11 19:43:46.467044+00	899	22Rv1_clone2_6Ctrl_H3K27ac_C2	2	[{"changed": {"fields": ["Json fields"]}}]	14	1
1244	2022-08-11 19:43:58.259559+00	900	22Rv1_clone2_6Ctrl_H3K27ac_CB	2	[{"changed": {"fields": ["Json fields"]}}]	14	1
1245	2022-08-11 19:44:10.834428+00	901	22Rv1_clone2_6Tigger3a_H3K27ac_T2	2	[{"changed": {"fields": ["Json fields"]}}]	14	1
1246	2022-08-11 19:44:22.850119+00	902	22Rv1_clone2_6Tigger3a_H3K27ac_TB	2	[{"changed": {"fields": ["Json fields"]}}]	14	1
1247	2022-08-11 19:44:36.98311+00	903	22Rv1_clone2_6Tigger3a_Cas9_T2	2	[{"changed": {"fields": ["Json fields"]}}]	14	1
1248	2022-08-11 19:44:48.484715+00	904	22Rv1_clone2_6Tigger3a_Cas9_TB	2	[{"changed": {"fields": ["Json fields"]}}]	14	1
1249	2022-08-11 19:44:59.892808+00	905	22Rv1_clone3_6Ctrl_H3K27ac_C2	2	[{"changed": {"fields": ["Json fields"]}}]	14	1
1250	2022-08-11 19:45:11.753484+00	906	22Rv1_clone3_6Ctrl_H3K27ac_CA	2	[{"changed": {"fields": ["Json fields"]}}]	14	1
1251	2022-08-11 19:45:24.50875+00	907	22Rv1_clone3_6Tigger3a_H3K27ac_T2	2	[{"changed": {"fields": ["Json fields"]}}]	14	1
1252	2022-08-11 19:45:37.239713+00	908	22Rv1_clone3_6Tigger3a_H3K27ac_TA	2	[{"changed": {"fields": ["Json fields"]}}]	14	1
1253	2022-08-11 19:45:48.358924+00	909	22Rv1_clone3_6Tigger3a_Cas9_T2	2	[{"changed": {"fields": ["Json fields"]}}]	14	1
1254	2022-08-11 19:46:08.023763+00	910	22Rv1_clone3_6Tigger3a_Cas9_TA	2	[{"changed": {"fields": ["Json fields"]}}]	14	1
1255	2022-09-06 19:56:32.825242+00	68	ChIP-seq	2	[]	8	1
1256	2022-09-06 19:57:07.742913+00	70	CUT&RUN	1	[{"added": {}}]	8	1
1257	2022-10-11 18:43:43.557168+00	32		1	[{"added": {}}]	4	1
1258	2022-10-11 18:44:38.096668+00	32	Chufan Zhang	2	[{"changed": {"fields": ["First name", "Last name", "Email address", "Groups", "User permissions"]}}]	4	1
1259	2022-10-27 15:51:19.442693+00	6	Sarina Cameron	2	[{"changed": {"fields": ["password"]}}]	4	1
1260	2022-11-05 18:14:20.233358+00	17	Cut-Run	2	[{"changed": {"fields": ["Name"]}}]	9	1
1261	2023-02-16 17:32:17.839792+00	65	scATAC-seq	2	[]	8	1
1262	2023-02-16 17:32:55.049484+00	71	TargetSite_GEX	1	[{"added": {}}]	8	1
1263	2023-03-07 23:34:43.72241+00	4823	HCC202_2_S18_L002_R2_001	3		17	1
1264	2023-03-07 23:34:43.727699+00	4822	HCC202_2_S18_L002_R1_001	3		17	1
1265	2023-03-07 23:34:43.730564+00	4821	HCC1954_1_S9_L001_R2_001	3		17	1
1266	2023-03-07 23:34:43.733664+00	4820	HCC1954_1_S9_L001_R1_001	3		17	1
1267	2023-03-07 23:34:43.736649+00	4819	HCC1937_2_S3_L001_R2_001	3		17	1
1268	2023-03-07 23:34:43.739705+00	4818	HCC1937_2_S3_L001_R1_001	3		17	1
1269	2023-03-07 23:34:43.742751+00	4817	EFM-192A_1_S6_L001_R2_001	3		17	1
1270	2023-03-07 23:34:43.745538+00	4816	EFM-192A_1_S6_L001_R1_001	3		17	1
1271	2023-03-07 23:34:43.748327+00	4815	DU4475_1_S7_L001_R2_001	3		17	1
1272	2023-03-07 23:34:43.7511+00	4814	DU4475_1_S7_L001_R1_001	3		17	1
1273	2023-03-07 23:34:43.753917+00	4813	CAL51_2_S4_L001_R2_001	3		17	1
1274	2023-03-07 23:34:43.756764+00	4812	CAL51_2_S4_L001_R1_001	3		17	1
1275	2023-03-07 23:34:43.759663+00	4811	CAL148_1_S5_L001_R2_001	3		17	1
1276	2023-03-07 23:34:43.762529+00	4810	CAL148_1_S5_L001_R1_001	3		17	1
1277	2023-03-07 23:34:43.765337+00	4809	AU565_2_S16_L002_R2_001	3		17	1
1278	2023-03-07 23:34:43.768127+00	4808	AU565_2_S16_L002_R1_001	3		17	1
1279	2023-03-27 16:05:05.477209+00	4889	MDAMB436_sensDMSO_3_S20_L003_R2_001	3		17	1
1280	2023-03-27 16:05:05.483175+00	4888	MDAMB436_sensDMSO_3_S20_L003_R1_001	3		17	1
1281	2023-03-27 16:05:05.486033+00	4887	MDAMB436_sensDMSO_2_S16_L003_R2_001	3		17	1
1282	2023-03-27 16:05:05.488745+00	4886	MDAMB436_sensDMSO_2_S16_L003_R1_001	3		17	1
1283	2023-03-27 16:05:05.4915+00	4885	MDAMB436_sensDMSO_1_S12_L003_R2_001	3		17	1
1284	2023-03-27 16:05:05.49422+00	4884	MDAMB436_sensDMSO_1_S12_L003_R1_001	3		17	1
1285	2023-03-27 16:05:05.496726+00	4883	MDAMB436_eriC_3_S23_L003_R2_001	3		17	1
1286	2023-03-27 16:05:05.499039+00	4882	MDAMB436_eriC_3_S23_L003_R1_001	3		17	1
1287	2023-03-27 16:05:05.501517+00	4881	MDAMB436_eriC_2_S19_L003_R2_001	3		17	1
1288	2023-03-27 16:05:05.504045+00	4880	MDAMB436_eriC_2_S19_L003_R1_001	3		17	1
1289	2023-03-27 16:05:05.506613+00	4879	MDAMB436_eriC_1_S15_L003_R2_001	3		17	1
1290	2023-03-27 16:05:05.509218+00	4878	MDAMB436_eriC_1_S15_L003_R1_001	3		17	1
1291	2023-03-27 16:05:05.511647+00	4877	MDAMB436_eriB_3_S22_L003_R2_001	3		17	1
1292	2023-03-27 16:05:05.514157+00	4876	MDAMB436_eriB_3_S22_L003_R1_001	3		17	1
1293	2023-03-27 16:05:05.516722+00	4875	MDAMB436_eriB_2_S18_L003_R2_001	3		17	1
1294	2023-03-27 16:05:05.519092+00	4874	MDAMB436_eriB_2_S18_L003_R1_001	3		17	1
1295	2023-03-27 16:05:05.521466+00	4873	MDAMB436_eriB_1_S14_L003_R2_001	3		17	1
1296	2023-03-27 16:05:05.523884+00	4872	MDAMB436_eriB_1_S14_L003_R1_001	3		17	1
1297	2023-03-27 16:05:05.526393+00	4871	MDAMB436_eriA_3_S21_L003_R2_001	3		17	1
1298	2023-03-27 16:05:05.52885+00	4870	MDAMB436_eriA_3_S21_L003_R1_001	3		17	1
1299	2023-03-27 16:05:05.531267+00	4869	MDAMB436_eriA_2_S17_L003_R2_001	3		17	1
1300	2023-03-27 16:05:05.533713+00	4868	MDAMB436_eriA_2_S17_L003_R1_001	3		17	1
1301	2023-03-27 16:05:05.53608+00	4867	MDAMB436_eriA_1_S13_L003_R2_001	3		17	1
1302	2023-05-23 15:48:26.35819+00	50	Cell-line	2	[]	8	1
1303	2023-05-23 15:50:00.897494+00	72	Liquid biopsy	1	[{"added": {}}]	8	1
1304	2023-05-23 15:50:00.922771+00	73	Liquid biopsy	1	[{"added": {}}]	8	1
1305	2023-05-23 15:50:16.961989+00	73	Liquid biopsy	3		8	1
1306	2023-05-23 15:50:57.38853+00	51	Organoids	2	[{"changed": {"fields": ["Name"]}}]	8	1
1307	2023-05-23 15:50:57.415575+00	51	Organoids	2	[]	8	1
1308	2023-05-23 15:51:50.993338+00	41	michael_hoffman_lab	2	[]	8	1
1309	2023-05-23 15:51:51.024261+00	41	michael_hoffman_lab	2	[]	8	1
1310	2023-05-23 15:52:15.145454+00	74	hansen_he_lab	1	[{"added": {}}]	8	1
1311	2023-07-10 16:32:51.619304+00	33		1	[{"added": {}}]	4	1
1312	2023-07-10 16:36:13.779156+00	33	Parinaz Nasr	2	[{"changed": {"fields": ["First name", "Last name", "Email address", "Groups", "User permissions"]}}]	4	1
1313	2023-07-14 14:44:55.163451+00	33	Parinaz Nasr	2	[{"changed": {"fields": ["password"]}}]	4	1
1314	2023-07-26 20:08:13.95192+00	34		1	[{"added": {}}]	4	1
1315	2023-07-26 20:10:30.752318+00	34	Paul Brogee	2	[{"changed": {"fields": ["First name", "Last name", "Email address", "Groups", "User permissions"]}}]	4	1
1316	2023-09-18 14:25:34.14257+00	35		1	[{"added": {}}]	4	1
1317	2023-09-18 16:05:02.927089+00	35		3		4	1
1318	2023-09-27 16:40:49.397707+00	36		1	[{"added": {}}]	4	1
1319	2023-09-27 16:41:19.735473+00	36	Ankita Nand	2	[{"changed": {"fields": ["First name", "Last name", "Email address", "Groups", "User permissions"]}}]	4	1
1320	2023-09-27 16:46:09.511589+00	20	Aditi Qamra	3		4	1
1321	2023-09-27 16:46:09.517592+00	18	Alex Murison	3		4	1
1322	2023-09-27 16:46:09.51907+00	11	Ali Madani	3		4	1
1323	2023-09-27 16:46:09.520381+00	25	Antony Michealraj	3		4	1
1324	2023-09-27 16:46:09.521673+00	5	Bansri Patel	3		4	1
1325	2023-09-27 16:46:09.522796+00	15	Bettina Nadorp	3		4	1
1326	2023-09-27 16:46:09.523899+00	27	Catherine Xu	3		4	1
1327	2023-09-27 16:46:09.524956+00	32	Chufan Zhang	3		4	1
1328	2023-09-27 16:46:09.526237+00	29	Chu Pan	3		4	1
1329	2023-09-27 16:46:09.527339+00	19	Genevieve Deblois	3		4	1
1330	2023-09-27 16:46:09.528542+00	8	Giacomo Grillo	3		4	1
1331	2023-09-27 16:46:09.529668+00	3	James Hawley	3		4	1
1332	2023-09-27 16:46:09.530884+00	7	Jocelyn Chen	3		4	1
1333	2023-09-27 16:46:09.532019+00	17	Ken Kron	3		4	1
1334	2023-09-27 16:46:09.53319+00	4	Arlidge Christopher	3		4	1
1335	2023-09-27 16:46:09.534392+00	24	Kira Kornienko	3		4	1
1336	2023-09-27 16:46:09.535658+00	28	Lisanne Mout	3		4	1
1337	2023-09-27 16:46:09.536807+00	31	Lucie Cressot	3		4	1
1338	2023-09-27 16:46:09.537973+00	9	Mathieu Lupien	3		4	1
1339	2023-09-27 16:46:09.539114+00	14	Nergiz Artun	3		4	1
1340	2023-09-27 16:46:09.540252+00	33	Parinaz Nasr	3		4	1
1341	2023-09-27 16:46:09.541494+00	21	Parisa Mazrooei	3		4	1
1342	2023-09-27 16:46:09.542663+00	16	Paul Guilhamon	3		4	1
1343	2023-09-27 16:46:09.543951+00	34	Paul Brogee	3		4	1
1344	2023-09-27 16:46:09.545179+00	13	Qin Wu	3		4	1
1345	2023-09-27 16:46:09.546377+00	23	Samah Ghamrasni	3		4	1
1346	2023-09-27 16:46:09.547657+00	30	Sarah Benamara	3		4	1
1347	2023-09-27 16:46:09.548872+00	6	Sarina Cameron	3		4	1
1348	2023-09-27 16:46:09.550047+00	12	Shalini Bahl	3		4	1
1349	2023-09-27 16:46:09.551223+00	10	Stanley Zhou	3		4	1
1350	2023-09-27 16:46:09.552337+00	22	Tina Keshavarzian	3		4	1
1351	2023-09-27 16:46:09.553546+00	26	Yong Zeng	3		4	1
1352	2023-09-27 16:46:31.426576+00	427	Spine_metastasis_Prostate_tumor_PBM08	3		7	1
1353	2023-09-27 16:46:31.429398+00	426	Spine_metastasis_Prostate_tumor_PBM07	3		7	1
1354	2023-09-27 16:46:31.431696+00	425	Brain_metastasis_Prostate_tumor_PBM03	3		7	1
1355	2023-09-27 16:46:31.433823+00	424	Brain_metastasis_Prostate_tumor_PBM02	3		7	1
1356	2023-09-27 16:46:31.434876+00	423	Brain_metastasis_Prostate_tumor_PBM01	3		7	1
1357	2023-09-27 16:46:31.43594+00	255	PFA13-p7-1perhypoxia	3		7	1
1358	2023-09-27 16:46:31.436973+00	254	PFA10-p7-1perhypoxia	3		7	1
1359	2023-09-27 16:46:31.438818+00	253	PFA9-p7-1perhypoxia	3		7	1
1360	2023-09-27 16:46:31.440288+00	252	PFA8-p7-1perhypoxia	3		7	1
1361	2023-09-27 16:46:31.442419+00	251	PFA7-p7-1perhypoxia	3		7	1
1362	2023-09-27 16:46:31.443471+00	250	PFA6-p7-1perhypoxia	3		7	1
1363	2023-09-27 16:46:31.444505+00	249	PFA5-p7-1perhypoxia	3		7	1
1364	2023-09-27 16:46:31.445622+00	248	PFA4-p7-1perhypoxia	3		7	1
1365	2023-09-27 16:46:31.446756+00	247	PFA3-p7-1perhypoxia	3		7	1
1366	2023-09-27 16:46:31.447869+00	246	PFA1-p7-1perhypoxia	3		7	1
1367	2023-09-27 16:46:31.448972+00	245	ST5-p7-21pernormoxia	3		7	1
1368	2023-09-27 16:46:31.450032+00	244	ST4-p7-1perhypoxia	3		7	1
1369	2023-09-27 16:46:31.451178+00	243	ST2-p7-21pernormoxia	3		7	1
1370	2023-09-27 16:46:31.452634+00	229	ST1-p7-1perhypoxia	3		7	1
1371	2023-09-27 16:46:31.454334+00	228	PFA2-p7-1perhypoxia	3		7	1
1372	2023-09-27 16:46:31.455724+00	224	PCa-Patient5_ICGC37_LN4	3		7	1
1373	2023-09-27 16:46:31.457299+00	223	PCa-Patient5_ICGC37_LN3	3		7	1
1374	2023-09-27 16:46:31.458949+00	222	PCa-Patient5_ICGC37_LN2	3		7	1
1375	2023-09-27 16:46:31.460156+00	221	PCa-Patient5_ICGC37_LN1	3		7	1
1376	2023-09-27 16:46:31.461273+00	220	PCa-Patient5_ICGC37_Tu10	3		7	1
1377	2023-09-27 16:46:31.462456+00	219	PCa-Patient5_ICGC37_Tu9	3		7	1
1378	2023-09-27 16:46:31.463576+00	218	PCa-Patient5_ICGC37_Tu8	3		7	1
1379	2023-09-27 16:46:31.464544+00	217	PCa-Patient5_ICGC37_Tu7	3		7	1
1380	2023-09-27 16:46:31.465585+00	216	PCa-Patient5_ICGC37_Tu6	3		7	1
1381	2023-09-27 16:46:31.466922+00	215	PCa-Patient5_ICGC37_Tu5	3		7	1
1382	2023-09-27 16:46:31.468185+00	214	PCa-Patient5_ICGC37_Tu4	3		7	1
1383	2023-09-27 16:46:31.469749+00	213	PCa-Patient5_ICGC37_Tu3	3		7	1
1384	2023-09-27 16:46:31.470867+00	212	PCa-Patient5_ICGC37_Tu2	3		7	1
1385	2023-09-27 16:46:31.47186+00	211	PCa-Patient5_ICGC37_Tu1	3		7	1
1386	2023-09-27 16:46:31.472826+00	210	PCa-Patient4_ICGC34_LN1	3		7	1
1387	2023-09-27 16:46:31.47383+00	209	PCa-Patient4_ICGC34_Tu10	3		7	1
1388	2023-09-27 16:46:31.47475+00	208	PCa-Patient4_ICGC34_Tu9	3		7	1
1389	2023-09-27 16:46:31.475664+00	207	PCa-Patient4_ICGC34_Tu8	3		7	1
1390	2023-09-27 16:46:31.476608+00	206	PCa-Patient4_ICGC34_Tu7	3		7	1
1391	2023-09-27 16:46:31.477861+00	205	PCa-Patient4_ICGC34_Tu6	3		7	1
1392	2023-09-27 16:46:31.47919+00	204	PCa-Patient4_ICGC34_Tu5	3		7	1
1393	2023-09-27 16:46:31.480518+00	203	PCa-Patient4_ICGC34_Tu4	3		7	1
1394	2023-09-27 16:46:31.481861+00	202	PCa-Patient4_ICGC34_Tu3	3		7	1
1395	2023-09-27 16:46:31.483273+00	201	PCa-Patient4_ICGC34_Tu2	3		7	1
1396	2023-09-27 16:46:31.484356+00	200	PCa-Patient4_ICGC34_Tu1	3		7	1
1397	2023-09-27 16:46:31.485637+00	199	PCa-Patient3_ICGC25_LN2	3		7	1
1398	2023-09-27 16:46:31.486756+00	198	PCa-Patient3_ICGC25_LN1	3		7	1
1399	2023-09-27 16:46:31.487948+00	197	PCa-Patient3_ICGC25_Tu10	3		7	1
1400	2023-09-27 16:46:31.48903+00	196	PCa-Patient3_ICGC25_Tu9	3		7	1
1401	2023-09-27 16:46:31.490029+00	195	PCa-Patient3_ICGC25_Tu8	3		7	1
1402	2023-09-27 16:46:31.491205+00	194	PCa-Patient3_ICGC25_Tu7	3		7	1
1403	2023-09-27 16:46:31.49225+00	193	PCa-Patient3_ICGC25_Tu6	3		7	1
1404	2023-09-27 16:46:31.493284+00	192	PCa-Patient3_ICGC25_Tu5	3		7	1
1405	2023-09-27 16:46:31.494354+00	191	PCa-Patient3_ICGC25_Tu4	3		7	1
1406	2023-09-27 16:46:31.495536+00	190	PCa-Patient3_ICGC25_Tu3	3		7	1
1407	2023-09-27 16:46:31.496977+00	189	PCa-Patient3_ICGC25_Tu2	3		7	1
1408	2023-09-27 16:46:31.49819+00	188	PCa-Patient3_ICGC25_Tu1	3		7	1
1409	2023-09-27 16:46:31.499329+00	187	PCa-Patient1_ICGC03_LN3	3		7	1
1410	2023-09-27 16:46:31.500455+00	186	PCa-Patient1_ICGC03_LN2	3		7	1
1411	2023-09-27 16:46:31.501408+00	185	PCa-Patient1_ICGC03_LN1	3		7	1
1412	2023-09-27 16:46:31.502554+00	184	PCa-Patient1_ICGC03_Tu10	3		7	1
1413	2023-09-27 16:46:31.503499+00	183	PCa-Patient1_ICGC03_Tu9	3		7	1
1414	2023-09-27 16:46:31.50453+00	182	PCa-Patient1_ICGC03_Tu8	3		7	1
1415	2023-09-27 16:46:31.505408+00	181	PCa-Patient1_ICGC03_Tu7	3		7	1
1416	2023-09-27 16:46:31.506285+00	180	PCa-Patient1_ICGC03_Tu6	3		7	1
1417	2023-09-27 16:46:31.507237+00	179	PCa-Patient1_ICGC03_Tu5	3		7	1
1418	2023-09-27 16:46:31.508294+00	178	PCa-Patient1_ICGC03_Tu4	3		7	1
1419	2023-09-27 16:46:31.509261+00	177	PCa-Patient1_ICGC03_Tu3	3		7	1
1420	2023-09-27 16:46:31.510835+00	176	PCa-Patient1_ICGC03_Tu2	3		7	1
1421	2023-09-27 16:46:31.512521+00	175	PCa-Patient1_ICGC03_Tu1	3		7	1
1422	2023-09-27 16:46:31.5142+00	157	HCC70-p5-11082017	3		7	1
1423	2023-09-27 16:46:43.569657+00	244	Spine_metastasis_Prostate_tumor_PBM08	3		15	1
1424	2023-09-27 16:46:43.575474+00	243	Spine_metastasis_Prostate_tumor_PBM07	3		15	1
1425	2023-09-27 16:46:43.576592+00	242	Brain_metastasis_Prostate_tumor_PBM03	3		15	1
1426	2023-09-27 16:46:43.578059+00	241	Brain_metastasis_Prostate_tumor_PBM02	3		15	1
1427	2023-09-27 16:46:43.579194+00	240	Brain_metastasis_Prostate_tumor_PBM01	3		15	1
1428	2023-09-27 16:46:43.580364+00	179	PFA13	3		15	1
1429	2023-09-27 16:46:43.581559+00	178	PFA10	3		15	1
1430	2023-09-27 16:46:43.582795+00	177	PFA9	3		15	1
1431	2023-09-27 16:46:43.583897+00	176	PFA8	3		15	1
1432	2023-09-27 16:46:43.584985+00	175	PFA7	3		15	1
1433	2023-09-27 16:46:43.586129+00	174	PFA6	3		15	1
1434	2023-09-27 16:46:43.587237+00	173	PFA5	3		15	1
1435	2023-09-27 16:46:43.588348+00	172	PFA4	3		15	1
1436	2023-09-27 16:46:43.589516+00	171	PFA3	3		15	1
1437	2023-09-27 16:46:43.590595+00	170	PFA1	3		15	1
1438	2023-09-27 16:46:43.591769+00	169	ST5	3		15	1
1439	2023-09-27 16:46:43.592815+00	168	ST4	3		15	1
1440	2023-09-27 16:46:43.593864+00	167	ST2	3		15	1
1441	2023-09-27 16:46:43.59508+00	166	ST1	3		15	1
1442	2023-09-27 16:46:43.596276+00	165	PFA2	3		15	1
1443	2023-09-27 16:46:43.597394+00	161	ICGC_PCAL37	3		15	1
1444	2023-09-27 16:46:43.598468+00	160	ICGC_PCAL34	3		15	1
1445	2023-09-27 16:46:43.599964+00	159	ICGC_PCAL25	3		15	1
1446	2023-09-27 16:46:43.60112+00	158	ICGC_PCAL03	3		15	1
1447	2023-09-27 16:46:43.60215+00	118	HCC70	3		15	1
1448	2023-09-27 16:47:17.337593+00	24	Ependymoma_Cell-line_PFA_ST_Nand_2016-08-19	3		12	1
1449	2023-09-27 16:47:28.656088+00	7	10X-scATAC-scRNA-seq-protocol	3		11	1
1450	2023-09-27 16:47:43.424941+00	25	1perhypoxia	3		10	1
\.


--
-- Data for Name: django_content_type; Type: TABLE DATA; Schema: public; Owner: postgres
--

COPY public.django_content_type (id, app_label, model) FROM stdin;
1	admin	logentry
2	auth	permission
3	auth	group
4	auth	user
5	contenttypes	contenttype
6	sessions	session
7	metadata	biosample
8	metadata	choice
9	metadata	jsonobj
10	metadata	treatment
11	metadata	protocol
12	metadata	project
13	metadata	modification
14	metadata	experiment
15	metadata	biosource
16	metadata	sequencingrun
17	metadata	seqencingfile
18	metadata	choicedisease
19	metadata	experimenttag
\.


--
-- Data for Name: django_migrations; Type: TABLE DATA; Schema: public; Owner: postgres
--

COPY public.django_migrations (id, app, name, applied) FROM stdin;
1	contenttypes	0001_initial	2020-04-09 15:35:58.717174+00
2	auth	0001_initial	2020-04-09 15:35:58.833599+00
3	admin	0001_initial	2020-04-09 15:35:59.028393+00
4	admin	0002_logentry_remove_auto_add	2020-04-09 15:35:59.110813+00
5	admin	0003_logentry_add_action_flag_choices	2020-04-09 15:35:59.122606+00
6	contenttypes	0002_remove_content_type_name	2020-04-09 15:35:59.161431+00
7	auth	0002_alter_permission_name_max_length	2020-04-09 15:35:59.173093+00
8	auth	0003_alter_user_email_max_length	2020-04-09 15:35:59.185508+00
9	auth	0004_alter_user_username_opts	2020-04-09 15:35:59.199838+00
10	auth	0005_alter_user_last_login_null	2020-04-09 15:35:59.212218+00
11	auth	0006_require_contenttypes_0002	2020-04-09 15:35:59.219065+00
12	auth	0007_alter_validators_add_error_messages	2020-04-09 15:35:59.231841+00
13	auth	0008_alter_user_username_max_length	2020-04-09 15:35:59.256471+00
14	auth	0009_alter_user_last_name_max_length	2020-04-09 15:35:59.270002+00
15	auth	0010_alter_group_name_max_length	2020-04-09 15:35:59.283162+00
16	auth	0011_update_proxy_permissions	2020-04-09 15:35:59.295156+00
17	metadata	0001_initial	2020-04-09 15:35:59.777496+00
18	sessions	0001_initial	2020-04-09 15:36:00.18051+00
19	metadata	0002_auto_20200413_1620	2020-04-13 20:20:30.468352+00
20	metadata	0003_auto_20200427_2258	2020-04-28 02:58:26.925567+00
21	metadata	0002_auto_20200508_1517	2020-05-08 19:17:30.59363+00
22	metadata	0003_auto_20200522_1611	2020-05-22 20:11:58.858605+00
23	metadata	0004_auto_20200624_1820	2020-06-24 22:20:57.75054+00
24	metadata	0005_auto_20200709_1023	2020-07-09 14:23:23.594898+00
25	metadata	0006_auto_20200722_2326	2020-07-23 03:27:05.20332+00
26	metadata	0007_auto_20200724_0028	2020-07-24 04:29:11.456674+00
27	metadata	0008_auto_20200724_0049	2020-07-24 04:49:44.987783+00
28	metadata	0009_auto_20200825_1901	2020-08-25 23:01:06.129109+00
29	metadata	0010_auto_20200826_2336	2020-08-27 03:36:50.233856+00
30	metadata	0011_auto_20200925_0032	2020-09-25 04:33:08.154891+00
31	metadata	0012_auto_20201023_1932	2020-10-23 23:32:29.537543+00
32	metadata	0013_auto_20201224_1800	2020-12-24 23:00:56.994695+00
33	metadata	0014_remove_biosample_sample_type	2021-01-20 21:27:25.404454+00
34	metadata	0002_auto_20210417_1928	2021-04-17 23:28:26.215149+00
35	metadata	0003_seqencingfile_archived_path	2021-07-06 05:03:18.199697+00
36	metadata	0004_auto_20210903_1816	2021-09-03 22:16:06.890385+00
37	metadata	0005_auto_20210907_1508	2021-09-07 19:08:05.951104+00
38	metadata	0006_auto_20211015_1050	2021-10-15 14:50:05.649669+00
39	metadata	0007_auto_20211101_1357	2021-11-01 17:57:01.619811+00
40	metadata	0008_auto_20211123_1231	2021-11-23 17:31:46.072857+00
41	metadata	0009_auto_20211201_2340	2021-12-02 04:40:54.175494+00
42	metadata	0010_sequencingrun_retrieval_date	2022-02-23 17:06:54.473536+00
43	metadata	0011_seqencingfile_fastqc_html	2022-06-01 22:28:42.693871+00
44	metadata	0012_auto_20221104_1939	2022-11-04 23:39:01.597229+00
\.


--
-- Data for Name: django_session; Type: TABLE DATA; Schema: public; Owner: postgres
--

COPY public.django_session (session_key, session_data, expire_date) FROM stdin;
nuhfhttgbdvwhdwjopinynh2r479k8br	MTZkMTRlNGIwZjg0MzQ5NjMyNzEwZTZmYjc5YTk4NzU1ZTcwM2VmMDp7Il9hdXRoX3VzZXJfaWQiOiIxIiwiX2F1dGhfdXNlcl9iYWNrZW5kIjoiZGphbmdvLmNvbnRyaWIuYXV0aC5iYWNrZW5kcy5Nb2RlbEJhY2tlbmQiLCJfYXV0aF91c2VyX2hhc2giOiJmZDg0MzA5ZDlmYThjODdkNjJiNDI2YWFiNDVlODQ5YTQ4N2RmODJiIn0=	2020-04-23 15:37:17.69475+00
0a3qsmpy34wim8onqnktx0yagbw07pv4	MTZkMTRlNGIwZjg0MzQ5NjMyNzEwZTZmYjc5YTk4NzU1ZTcwM2VmMDp7Il9hdXRoX3VzZXJfaWQiOiIxIiwiX2F1dGhfdXNlcl9iYWNrZW5kIjoiZGphbmdvLmNvbnRyaWIuYXV0aC5iYWNrZW5kcy5Nb2RlbEJhY2tlbmQiLCJfYXV0aF91c2VyX2hhc2giOiJmZDg0MzA5ZDlmYThjODdkNjJiNDI2YWFiNDVlODQ5YTQ4N2RmODJiIn0=	2020-04-27 22:35:02.608382+00
g8krrgnrcqsh936l5tv01xyltvbw8lrs	MTZkMTRlNGIwZjg0MzQ5NjMyNzEwZTZmYjc5YTk4NzU1ZTcwM2VmMDp7Il9hdXRoX3VzZXJfaWQiOiIxIiwiX2F1dGhfdXNlcl9iYWNrZW5kIjoiZGphbmdvLmNvbnRyaWIuYXV0aC5iYWNrZW5kcy5Nb2RlbEJhY2tlbmQiLCJfYXV0aF91c2VyX2hhc2giOiJmZDg0MzA5ZDlmYThjODdkNjJiNDI2YWFiNDVlODQ5YTQ4N2RmODJiIn0=	2020-05-12 02:58:43.637083+00
50pnd0fnl5hszwk8jshhk5vbdmlkv0b0	MTZkMTRlNGIwZjg0MzQ5NjMyNzEwZTZmYjc5YTk4NzU1ZTcwM2VmMDp7Il9hdXRoX3VzZXJfaWQiOiIxIiwiX2F1dGhfdXNlcl9iYWNrZW5kIjoiZGphbmdvLmNvbnRyaWIuYXV0aC5iYWNrZW5kcy5Nb2RlbEJhY2tlbmQiLCJfYXV0aF91c2VyX2hhc2giOiJmZDg0MzA5ZDlmYThjODdkNjJiNDI2YWFiNDVlODQ5YTQ4N2RmODJiIn0=	2020-05-13 06:56:15.841053+00
uv8c63kxjds2beizlhndd9kw12kp112e	MTZkMTRlNGIwZjg0MzQ5NjMyNzEwZTZmYjc5YTk4NzU1ZTcwM2VmMDp7Il9hdXRoX3VzZXJfaWQiOiIxIiwiX2F1dGhfdXNlcl9iYWNrZW5kIjoiZGphbmdvLmNvbnRyaWIuYXV0aC5iYWNrZW5kcy5Nb2RlbEJhY2tlbmQiLCJfYXV0aF91c2VyX2hhc2giOiJmZDg0MzA5ZDlmYThjODdkNjJiNDI2YWFiNDVlODQ5YTQ4N2RmODJiIn0=	2020-10-03 03:08:07.562427+00
lcm5e55zeto3qo7vrn21l5u4kugv0ei8	ZGU0YTlhZDNmMTY5MzY4NmFhNDM4MjIxNGFkYzY0YTQ1ZDc0NjE2MTp7Il9hdXRoX3VzZXJfaWQiOiI0IiwiX2F1dGhfdXNlcl9iYWNrZW5kIjoiZGphbmdvLmNvbnRyaWIuYXV0aC5iYWNrZW5kcy5Nb2RlbEJhY2tlbmQiLCJfYXV0aF91c2VyX2hhc2giOiI1MTBiNDkxMjRiYWU0YzBiN2RiNTVhYzdhYzEzMWZiM2FjYzhhMTFkIn0=	2020-06-04 21:46:51.017408+00
5n0apbgyf0wl19s9uvpfk4nokx6tw3le	MTZkMTRlNGIwZjg0MzQ5NjMyNzEwZTZmYjc5YTk4NzU1ZTcwM2VmMDp7Il9hdXRoX3VzZXJfaWQiOiIxIiwiX2F1dGhfdXNlcl9iYWNrZW5kIjoiZGphbmdvLmNvbnRyaWIuYXV0aC5iYWNrZW5kcy5Nb2RlbEJhY2tlbmQiLCJfYXV0aF91c2VyX2hhc2giOiJmZDg0MzA5ZDlmYThjODdkNjJiNDI2YWFiNDVlODQ5YTQ4N2RmODJiIn0=	2020-06-05 20:12:57.692004+00
bwospfy03lvgrwuhv0vw6mywx9lfyijt	MTZkMTRlNGIwZjg0MzQ5NjMyNzEwZTZmYjc5YTk4NzU1ZTcwM2VmMDp7Il9hdXRoX3VzZXJfaWQiOiIxIiwiX2F1dGhfdXNlcl9iYWNrZW5kIjoiZGphbmdvLmNvbnRyaWIuYXV0aC5iYWNrZW5kcy5Nb2RlbEJhY2tlbmQiLCJfYXV0aF91c2VyX2hhc2giOiJmZDg0MzA5ZDlmYThjODdkNjJiNDI2YWFiNDVlODQ5YTQ4N2RmODJiIn0=	2020-06-05 20:12:57.933786+00
yft8johiest245dzwqlo9zyvnds4wd4n	MmZkODc4MGVmN2MzYmZjNDhhYTUzZjRmMTkyMzkxYzA5ZmY5NDI4Zjp7Il9hdXRoX3VzZXJfaWQiOiIzIiwiX2F1dGhfdXNlcl9iYWNrZW5kIjoiZGphbmdvLmNvbnRyaWIuYXV0aC5iYWNrZW5kcy5Nb2RlbEJhY2tlbmQiLCJfYXV0aF91c2VyX2hhc2giOiJlZTZmODYxNjhkZmY2YWE0NmI3NjIxNjY3NzRlYTI4ZWUyNmE2MjM0In0=	2020-06-10 16:18:17.465674+00
y4b680vm8f7vsfn027nn72p0796j4ex4	ZGU0YTlhZDNmMTY5MzY4NmFhNDM4MjIxNGFkYzY0YTQ1ZDc0NjE2MTp7Il9hdXRoX3VzZXJfaWQiOiI0IiwiX2F1dGhfdXNlcl9iYWNrZW5kIjoiZGphbmdvLmNvbnRyaWIuYXV0aC5iYWNrZW5kcy5Nb2RlbEJhY2tlbmQiLCJfYXV0aF91c2VyX2hhc2giOiI1MTBiNDkxMjRiYWU0YzBiN2RiNTVhYzdhYzEzMWZiM2FjYzhhMTFkIn0=	2020-06-12 00:53:28.043576+00
dbxr630oj1u5bgthbqd7gpy7b9y77agy	MGM0MGYxOTk5NmEyN2I5ZDdmNTVjNzIyMzc1YTExZGMwNjllY2FlMjp7Il9hdXRoX3VzZXJfaWQiOiI1IiwiX2F1dGhfdXNlcl9iYWNrZW5kIjoiZGphbmdvLmNvbnRyaWIuYXV0aC5iYWNrZW5kcy5Nb2RlbEJhY2tlbmQiLCJfYXV0aF91c2VyX2hhc2giOiI3MWFhYTdlMmE4OWE5M2RlMmU0YjBlYTUwY2M1YWM1Y2M0YzIzOWViIn0=	2020-07-03 16:11:58.12965+00
s8qn7kayg283fbl2hjbng32793ivqahb	MTZkMTRlNGIwZjg0MzQ5NjMyNzEwZTZmYjc5YTk4NzU1ZTcwM2VmMDp7Il9hdXRoX3VzZXJfaWQiOiIxIiwiX2F1dGhfdXNlcl9iYWNrZW5kIjoiZGphbmdvLmNvbnRyaWIuYXV0aC5iYWNrZW5kcy5Nb2RlbEJhY2tlbmQiLCJfYXV0aF91c2VyX2hhc2giOiJmZDg0MzA5ZDlmYThjODdkNjJiNDI2YWFiNDVlODQ5YTQ4N2RmODJiIn0=	2020-07-03 16:34:39.904111+00
dj6v0pr7y5nqe9r04w0gpanrrd7cregq	MTZkMTRlNGIwZjg0MzQ5NjMyNzEwZTZmYjc5YTk4NzU1ZTcwM2VmMDp7Il9hdXRoX3VzZXJfaWQiOiIxIiwiX2F1dGhfdXNlcl9iYWNrZW5kIjoiZGphbmdvLmNvbnRyaWIuYXV0aC5iYWNrZW5kcy5Nb2RlbEJhY2tlbmQiLCJfYXV0aF91c2VyX2hhc2giOiJmZDg0MzA5ZDlmYThjODdkNjJiNDI2YWFiNDVlODQ5YTQ4N2RmODJiIn0=	2020-07-03 16:55:30.452536+00
n4n5h2bj0emwmrxixb1j146mo6serai0	MmZkODc4MGVmN2MzYmZjNDhhYTUzZjRmMTkyMzkxYzA5ZmY5NDI4Zjp7Il9hdXRoX3VzZXJfaWQiOiIzIiwiX2F1dGhfdXNlcl9iYWNrZW5kIjoiZGphbmdvLmNvbnRyaWIuYXV0aC5iYWNrZW5kcy5Nb2RlbEJhY2tlbmQiLCJfYXV0aF91c2VyX2hhc2giOiJlZTZmODYxNjhkZmY2YWE0NmI3NjIxNjY3NzRlYTI4ZWUyNmE2MjM0In0=	2020-07-13 13:37:11.100784+00
hsm8r5p2czet6qecc04bht8dir3b77ct	MmJlOTU2YTc2MmY0NWRhZmFjYjc0NDVhNmZiNmEyNTNmZjY4NjMyOTp7Il9hdXRoX3VzZXJfaWQiOiI2IiwiX2F1dGhfdXNlcl9iYWNrZW5kIjoiZGphbmdvLmNvbnRyaWIuYXV0aC5iYWNrZW5kcy5Nb2RlbEJhY2tlbmQiLCJfYXV0aF91c2VyX2hhc2giOiJhZjk1OGE2ZTNiOTdlYjc2M2I5ZGNmMTZjOTFkOWM5YjZmYTMxNjlkIn0=	2020-07-14 16:50:58.116312+00
nx17exi8jgb5p1nslkmebpk2025pbnxa	MTZkMTRlNGIwZjg0MzQ5NjMyNzEwZTZmYjc5YTk4NzU1ZTcwM2VmMDp7Il9hdXRoX3VzZXJfaWQiOiIxIiwiX2F1dGhfdXNlcl9iYWNrZW5kIjoiZGphbmdvLmNvbnRyaWIuYXV0aC5iYWNrZW5kcy5Nb2RlbEJhY2tlbmQiLCJfYXV0aF91c2VyX2hhc2giOiJmZDg0MzA5ZDlmYThjODdkNjJiNDI2YWFiNDVlODQ5YTQ4N2RmODJiIn0=	2020-07-20 21:03:04.518371+00
b0rc32al1qs8p9fiejs3fjiwozhobjua	MTZkMTRlNGIwZjg0MzQ5NjMyNzEwZTZmYjc5YTk4NzU1ZTcwM2VmMDp7Il9hdXRoX3VzZXJfaWQiOiIxIiwiX2F1dGhfdXNlcl9iYWNrZW5kIjoiZGphbmdvLmNvbnRyaWIuYXV0aC5iYWNrZW5kcy5Nb2RlbEJhY2tlbmQiLCJfYXV0aF91c2VyX2hhc2giOiJmZDg0MzA5ZDlmYThjODdkNjJiNDI2YWFiNDVlODQ5YTQ4N2RmODJiIn0=	2020-07-23 14:26:28.329606+00
0evyiyuh08x31op45n2x3eru18thie58	ZGU0YTlhZDNmMTY5MzY4NmFhNDM4MjIxNGFkYzY0YTQ1ZDc0NjE2MTp7Il9hdXRoX3VzZXJfaWQiOiI0IiwiX2F1dGhfdXNlcl9iYWNrZW5kIjoiZGphbmdvLmNvbnRyaWIuYXV0aC5iYWNrZW5kcy5Nb2RlbEJhY2tlbmQiLCJfYXV0aF91c2VyX2hhc2giOiI1MTBiNDkxMjRiYWU0YzBiN2RiNTVhYzdhYzEzMWZiM2FjYzhhMTFkIn0=	2020-07-27 11:58:02.739088+00
yr9bazhweuvperq1t8kw01as5ojbscz7	ZGU0YTlhZDNmMTY5MzY4NmFhNDM4MjIxNGFkYzY0YTQ1ZDc0NjE2MTp7Il9hdXRoX3VzZXJfaWQiOiI0IiwiX2F1dGhfdXNlcl9iYWNrZW5kIjoiZGphbmdvLmNvbnRyaWIuYXV0aC5iYWNrZW5kcy5Nb2RlbEJhY2tlbmQiLCJfYXV0aF91c2VyX2hhc2giOiI1MTBiNDkxMjRiYWU0YzBiN2RiNTVhYzdhYzEzMWZiM2FjYzhhMTFkIn0=	2020-07-27 19:45:16.690814+00
i9e4jr27rk8xybqseajl83jb6ntvuyyp	MTZkMTRlNGIwZjg0MzQ5NjMyNzEwZTZmYjc5YTk4NzU1ZTcwM2VmMDp7Il9hdXRoX3VzZXJfaWQiOiIxIiwiX2F1dGhfdXNlcl9iYWNrZW5kIjoiZGphbmdvLmNvbnRyaWIuYXV0aC5iYWNrZW5kcy5Nb2RlbEJhY2tlbmQiLCJfYXV0aF91c2VyX2hhc2giOiJmZDg0MzA5ZDlmYThjODdkNjJiNDI2YWFiNDVlODQ5YTQ4N2RmODJiIn0=	2020-07-31 23:10:51.409782+00
xcfw8pvdhe81tfal0liysxuqr9fzfysf	MmZkODc4MGVmN2MzYmZjNDhhYTUzZjRmMTkyMzkxYzA5ZmY5NDI4Zjp7Il9hdXRoX3VzZXJfaWQiOiIzIiwiX2F1dGhfdXNlcl9iYWNrZW5kIjoiZGphbmdvLmNvbnRyaWIuYXV0aC5iYWNrZW5kcy5Nb2RlbEJhY2tlbmQiLCJfYXV0aF91c2VyX2hhc2giOiJlZTZmODYxNjhkZmY2YWE0NmI3NjIxNjY3NzRlYTI4ZWUyNmE2MjM0In0=	2020-08-18 17:55:41.366086+00
a5uqyulzx1trckda3ckd19axafjr2dtq	Y2U2ZjRlYzVjNzE4NWQxZjIzMmFmZDI0MGU4MjcxODVlNzY4NWVkYjp7Il9hdXRoX3VzZXJfaWQiOiI0IiwiX2F1dGhfdXNlcl9iYWNrZW5kIjoiZGphbmdvLmNvbnRyaWIuYXV0aC5iYWNrZW5kcy5Nb2RlbEJhY2tlbmQiLCJfYXV0aF91c2VyX2hhc2giOiJlN2M4OGU1MjQyNTA3OWMxZmNmYjNmZTVkYWUzYTVlNTg3NDUxZGFkIn0=	2020-08-19 14:27:16.838107+00
zxj9wpqrbmxldtkqywsrlxp9usxdcwil	OGVmZTVhMTVmZmQzZDcyOTE3YTkwNDBjMmVhYWIzNjlhYWQwOTZjMDp7Il9hdXRoX3VzZXJfaWQiOiIxNCIsIl9hdXRoX3VzZXJfYmFja2VuZCI6ImRqYW5nby5jb250cmliLmF1dGguYmFja2VuZHMuTW9kZWxCYWNrZW5kIiwiX2F1dGhfdXNlcl9oYXNoIjoiMWFjZjhmZWNkMTZmMmFlZWY3YjNmZjA5NWNhNjRiYzMyNThjN2EzNyJ9	2020-09-07 03:53:50.065067+00
ydd2tsgs3fp61q9ryo1695f2kzcbvix0	MmZkODc4MGVmN2MzYmZjNDhhYTUzZjRmMTkyMzkxYzA5ZmY5NDI4Zjp7Il9hdXRoX3VzZXJfaWQiOiIzIiwiX2F1dGhfdXNlcl9iYWNrZW5kIjoiZGphbmdvLmNvbnRyaWIuYXV0aC5iYWNrZW5kcy5Nb2RlbEJhY2tlbmQiLCJfYXV0aF91c2VyX2hhc2giOiJlZTZmODYxNjhkZmY2YWE0NmI3NjIxNjY3NzRlYTI4ZWUyNmE2MjM0In0=	2020-09-08 22:32:39.948575+00
999tb87ngzpo7roex7apztykfb3s6vey	MTZkMTRlNGIwZjg0MzQ5NjMyNzEwZTZmYjc5YTk4NzU1ZTcwM2VmMDp7Il9hdXRoX3VzZXJfaWQiOiIxIiwiX2F1dGhfdXNlcl9iYWNrZW5kIjoiZGphbmdvLmNvbnRyaWIuYXV0aC5iYWNrZW5kcy5Nb2RlbEJhY2tlbmQiLCJfYXV0aF91c2VyX2hhc2giOiJmZDg0MzA5ZDlmYThjODdkNjJiNDI2YWFiNDVlODQ5YTQ4N2RmODJiIn0=	2021-01-22 18:58:47.590963+00
3gd460fxmrli1wb0laysoefm45bka69w	MTZkMTRlNGIwZjg0MzQ5NjMyNzEwZTZmYjc5YTk4NzU1ZTcwM2VmMDp7Il9hdXRoX3VzZXJfaWQiOiIxIiwiX2F1dGhfdXNlcl9iYWNrZW5kIjoiZGphbmdvLmNvbnRyaWIuYXV0aC5iYWNrZW5kcy5Nb2RlbEJhY2tlbmQiLCJfYXV0aF91c2VyX2hhc2giOiJmZDg0MzA5ZDlmYThjODdkNjJiNDI2YWFiNDVlODQ5YTQ4N2RmODJiIn0=	2020-09-15 15:09:06.062761+00
fc0vw97qut1fcbew214krx4d3004u9uk	MTZkMTRlNGIwZjg0MzQ5NjMyNzEwZTZmYjc5YTk4NzU1ZTcwM2VmMDp7Il9hdXRoX3VzZXJfaWQiOiIxIiwiX2F1dGhfdXNlcl9iYWNrZW5kIjoiZGphbmdvLmNvbnRyaWIuYXV0aC5iYWNrZW5kcy5Nb2RlbEJhY2tlbmQiLCJfYXV0aF91c2VyX2hhc2giOiJmZDg0MzA5ZDlmYThjODdkNjJiNDI2YWFiNDVlODQ5YTQ4N2RmODJiIn0=	2020-10-18 01:50:37.131139+00
qt7flbc9rtsrd1ceyssxp46fz2q33vwc	Zjg2MDg3YjA1OTRlMDVmNWMxNDY3YWE0MDdjNmFjNDk2ODMxMmMyMzp7Il9hdXRoX3VzZXJfaWQiOiIxMiIsIl9hdXRoX3VzZXJfYmFja2VuZCI6ImRqYW5nby5jb250cmliLmF1dGguYmFja2VuZHMuTW9kZWxCYWNrZW5kIiwiX2F1dGhfdXNlcl9oYXNoIjoiNzNiZjY3NmRiOWFjODczYzcwMjgwODFlMGUzYTg2ZGRkMWEyODRiOCJ9	2020-09-09 14:52:45.034809+00
gty97pm8h1f6c08oo2iaobm4l8c2uj09	MmZkODc4MGVmN2MzYmZjNDhhYTUzZjRmMTkyMzkxYzA5ZmY5NDI4Zjp7Il9hdXRoX3VzZXJfaWQiOiIzIiwiX2F1dGhfdXNlcl9iYWNrZW5kIjoiZGphbmdvLmNvbnRyaWIuYXV0aC5iYWNrZW5kcy5Nb2RlbEJhY2tlbmQiLCJfYXV0aF91c2VyX2hhc2giOiJlZTZmODYxNjhkZmY2YWE0NmI3NjIxNjY3NzRlYTI4ZWUyNmE2MjM0In0=	2021-01-22 21:24:43.750844+00
9c3krqcfj83qad21f4mwp4cto65nzh9o	ZGY2MTY0NmNjOGJjMDBkOWFjOGIwM2FmNzMwMGE3NGIzZjU1YzA4ZDp7Il9hdXRoX3VzZXJfaWQiOiI3IiwiX2F1dGhfdXNlcl9iYWNrZW5kIjoiZGphbmdvLmNvbnRyaWIuYXV0aC5iYWNrZW5kcy5Nb2RlbEJhY2tlbmQiLCJfYXV0aF91c2VyX2hhc2giOiIwNjA0NTE0NTMwN2M4ZTg2ZWI2YTY1ZWVjZWNlOTIxN2QwY2U4YmM2In0=	2020-10-19 17:28:48.244298+00
c7j0qat47rweox66dvpw5pyjtit7fbtw	MTZkMTRlNGIwZjg0MzQ5NjMyNzEwZTZmYjc5YTk4NzU1ZTcwM2VmMDp7Il9hdXRoX3VzZXJfaWQiOiIxIiwiX2F1dGhfdXNlcl9iYWNrZW5kIjoiZGphbmdvLmNvbnRyaWIuYXV0aC5iYWNrZW5kcy5Nb2RlbEJhY2tlbmQiLCJfYXV0aF91c2VyX2hhc2giOiJmZDg0MzA5ZDlmYThjODdkNjJiNDI2YWFiNDVlODQ5YTQ4N2RmODJiIn0=	2020-11-06 23:33:29.459298+00
0n2cgf0i64hwnkry1ilk4itzs51w4lhe	NGUzYWExMjYzZDExM2NhNzA5NTYzYmRkNGE0YmM0ZGIzOWQ0MTE2OTp7Il9hdXRoX3VzZXJfaWQiOiI3IiwiX2F1dGhfdXNlcl9iYWNrZW5kIjoiZGphbmdvLmNvbnRyaWIuYXV0aC5iYWNrZW5kcy5Nb2RlbEJhY2tlbmQiLCJfYXV0aF91c2VyX2hhc2giOiI4ZTJhNmY3YjdkMGFjYmI2ZjYwYjBlZTQxNDQ5ODdjMjI0YjE0Y2ViIn0=	2021-02-04 21:19:53.856538+00
juj387qnj40yktjdfg41x3uji1h9jwg5	ZjE1NTNjNjlkYTRiMWQzMjExNTRhM2UxNjY0ODYwZDIxMDhmNGFjMDp7Il9hdXRoX3VzZXJfaWQiOiI4IiwiX2F1dGhfdXNlcl9iYWNrZW5kIjoiZGphbmdvLmNvbnRyaWIuYXV0aC5iYWNrZW5kcy5Nb2RlbEJhY2tlbmQiLCJfYXV0aF91c2VyX2hhc2giOiIzNTVmMmIyNDY1ZDM1MzkxNDY1YTA0YmMxMjc0Yjg5M2Q2N2U1NDFhIn0=	2021-02-05 20:10:45.3232+00
ea6k6xa0ovb88jwgazz6s54ju1j77t01	MTZkMTRlNGIwZjg0MzQ5NjMyNzEwZTZmYjc5YTk4NzU1ZTcwM2VmMDp7Il9hdXRoX3VzZXJfaWQiOiIxIiwiX2F1dGhfdXNlcl9iYWNrZW5kIjoiZGphbmdvLmNvbnRyaWIuYXV0aC5iYWNrZW5kcy5Nb2RlbEJhY2tlbmQiLCJfYXV0aF91c2VyX2hhc2giOiJmZDg0MzA5ZDlmYThjODdkNjJiNDI2YWFiNDVlODQ5YTQ4N2RmODJiIn0=	2021-02-05 21:02:58.813454+00
vi1ntqpc5ogaatee1h6q4dlorbv6z654	MTZkMTRlNGIwZjg0MzQ5NjMyNzEwZTZmYjc5YTk4NzU1ZTcwM2VmMDp7Il9hdXRoX3VzZXJfaWQiOiIxIiwiX2F1dGhfdXNlcl9iYWNrZW5kIjoiZGphbmdvLmNvbnRyaWIuYXV0aC5iYWNrZW5kcy5Nb2RlbEJhY2tlbmQiLCJfYXV0aF91c2VyX2hhc2giOiJmZDg0MzA5ZDlmYThjODdkNjJiNDI2YWFiNDVlODQ5YTQ4N2RmODJiIn0=	2020-12-15 20:25:59.820017+00
6macyg2jj04n9yqlccpmd8yp6r93c44w	Zjg2MDg3YjA1OTRlMDVmNWMxNDY3YWE0MDdjNmFjNDk2ODMxMmMyMzp7Il9hdXRoX3VzZXJfaWQiOiIxMiIsIl9hdXRoX3VzZXJfYmFja2VuZCI6ImRqYW5nby5jb250cmliLmF1dGguYmFja2VuZHMuTW9kZWxCYWNrZW5kIiwiX2F1dGhfdXNlcl9oYXNoIjoiNzNiZjY3NmRiOWFjODczYzcwMjgwODFlMGUzYTg2ZGRkMWEyODRiOCJ9	2020-12-16 18:06:34.246309+00
3ntupvcv3mepdvypld9a9c4gpuq9jxgu	NGUzYWExMjYzZDExM2NhNzA5NTYzYmRkNGE0YmM0ZGIzOWQ0MTE2OTp7Il9hdXRoX3VzZXJfaWQiOiI3IiwiX2F1dGhfdXNlcl9iYWNrZW5kIjoiZGphbmdvLmNvbnRyaWIuYXV0aC5iYWNrZW5kcy5Nb2RlbEJhY2tlbmQiLCJfYXV0aF91c2VyX2hhc2giOiI4ZTJhNmY3YjdkMGFjYmI2ZjYwYjBlZTQxNDQ5ODdjMjI0YjE0Y2ViIn0=	2021-02-18 22:09:17.760868+00
8h4prks4ygq9tx0tzmdot2atxdidc484	MTZkMTRlNGIwZjg0MzQ5NjMyNzEwZTZmYjc5YTk4NzU1ZTcwM2VmMDp7Il9hdXRoX3VzZXJfaWQiOiIxIiwiX2F1dGhfdXNlcl9iYWNrZW5kIjoiZGphbmdvLmNvbnRyaWIuYXV0aC5iYWNrZW5kcy5Nb2RlbEJhY2tlbmQiLCJfYXV0aF91c2VyX2hhc2giOiJmZDg0MzA5ZDlmYThjODdkNjJiNDI2YWFiNDVlODQ5YTQ4N2RmODJiIn0=	2021-02-19 16:35:14.268117+00
ibrum8knz99e6owzucdtvbjctzrg50ts	MTZkMTRlNGIwZjg0MzQ5NjMyNzEwZTZmYjc5YTk4NzU1ZTcwM2VmMDp7Il9hdXRoX3VzZXJfaWQiOiIxIiwiX2F1dGhfdXNlcl9iYWNrZW5kIjoiZGphbmdvLmNvbnRyaWIuYXV0aC5iYWNrZW5kcy5Nb2RlbEJhY2tlbmQiLCJfYXV0aF91c2VyX2hhc2giOiJmZDg0MzA5ZDlmYThjODdkNjJiNDI2YWFiNDVlODQ5YTQ4N2RmODJiIn0=	2021-03-16 16:01:34.22766+00
qzn61s70pfgjsbffpn64bhm42zoa9471	ZjE1NTNjNjlkYTRiMWQzMjExNTRhM2UxNjY0ODYwZDIxMDhmNGFjMDp7Il9hdXRoX3VzZXJfaWQiOiI4IiwiX2F1dGhfdXNlcl9iYWNrZW5kIjoiZGphbmdvLmNvbnRyaWIuYXV0aC5iYWNrZW5kcy5Nb2RlbEJhY2tlbmQiLCJfYXV0aF91c2VyX2hhc2giOiIzNTVmMmIyNDY1ZDM1MzkxNDY1YTA0YmMxMjc0Yjg5M2Q2N2U1NDFhIn0=	2021-03-26 16:28:16.625221+00
c0jywujozljmn745duxps8vb1lhu30ih	NGUzYWExMjYzZDExM2NhNzA5NTYzYmRkNGE0YmM0ZGIzOWQ0MTE2OTp7Il9hdXRoX3VzZXJfaWQiOiI3IiwiX2F1dGhfdXNlcl9iYWNrZW5kIjoiZGphbmdvLmNvbnRyaWIuYXV0aC5iYWNrZW5kcy5Nb2RlbEJhY2tlbmQiLCJfYXV0aF91c2VyX2hhc2giOiI4ZTJhNmY3YjdkMGFjYmI2ZjYwYjBlZTQxNDQ5ODdjMjI0YjE0Y2ViIn0=	2020-12-22 18:52:39.901318+00
ms8sestadz5gwwq2j0nar94k99yo4tx9	MTk0ZWMzYmFiYWI5ZGZmNzk5NWM0YjFjZTVlZDMyMGZhMTljOTBmMzp7Il9hdXRoX3VzZXJfaWQiOiIyNCIsIl9hdXRoX3VzZXJfYmFja2VuZCI6ImRqYW5nby5jb250cmliLmF1dGguYmFja2VuZHMuTW9kZWxCYWNrZW5kIiwiX2F1dGhfdXNlcl9oYXNoIjoiMTI1NDhiOThkOTZlYTQ3YjhlZTE5M2JiYTMzNTNlZDJmYWFhZTY0MSJ9	2021-04-06 01:18:46.348302+00
o0g7fghalyir41j8rdv808w7h091z6fo	MTZkMTRlNGIwZjg0MzQ5NjMyNzEwZTZmYjc5YTk4NzU1ZTcwM2VmMDp7Il9hdXRoX3VzZXJfaWQiOiIxIiwiX2F1dGhfdXNlcl9iYWNrZW5kIjoiZGphbmdvLmNvbnRyaWIuYXV0aC5iYWNrZW5kcy5Nb2RlbEJhY2tlbmQiLCJfYXV0aF91c2VyX2hhc2giOiJmZDg0MzA5ZDlmYThjODdkNjJiNDI2YWFiNDVlODQ5YTQ4N2RmODJiIn0=	2020-12-22 23:03:10.651409+00
kb71imglhabxxwf8mo4u8jmjcsq1lv89	MTk0ZWMzYmFiYWI5ZGZmNzk5NWM0YjFjZTVlZDMyMGZhMTljOTBmMzp7Il9hdXRoX3VzZXJfaWQiOiIyNCIsIl9hdXRoX3VzZXJfYmFja2VuZCI6ImRqYW5nby5jb250cmliLmF1dGguYmFja2VuZHMuTW9kZWxCYWNrZW5kIiwiX2F1dGhfdXNlcl9oYXNoIjoiMTI1NDhiOThkOTZlYTQ3YjhlZTE5M2JiYTMzNTNlZDJmYWFhZTY0MSJ9	2020-12-30 20:11:14.000311+00
p2r9lrbxxy2brv3zf1eb5ljatrgcn44t	MTZkMTRlNGIwZjg0MzQ5NjMyNzEwZTZmYjc5YTk4NzU1ZTcwM2VmMDp7Il9hdXRoX3VzZXJfaWQiOiIxIiwiX2F1dGhfdXNlcl9iYWNrZW5kIjoiZGphbmdvLmNvbnRyaWIuYXV0aC5iYWNrZW5kcy5Nb2RlbEJhY2tlbmQiLCJfYXV0aF91c2VyX2hhc2giOiJmZDg0MzA5ZDlmYThjODdkNjJiNDI2YWFiNDVlODQ5YTQ4N2RmODJiIn0=	2021-01-07 21:22:23.385189+00
2bvmssch6vluxcu0yy11s9e7vj4d4xvy	MTZkMTRlNGIwZjg0MzQ5NjMyNzEwZTZmYjc5YTk4NzU1ZTcwM2VmMDp7Il9hdXRoX3VzZXJfaWQiOiIxIiwiX2F1dGhfdXNlcl9iYWNrZW5kIjoiZGphbmdvLmNvbnRyaWIuYXV0aC5iYWNrZW5kcy5Nb2RlbEJhY2tlbmQiLCJfYXV0aF91c2VyX2hhc2giOiJmZDg0MzA5ZDlmYThjODdkNjJiNDI2YWFiNDVlODQ5YTQ4N2RmODJiIn0=	2021-04-06 13:06:14.733923+00
mfrzqhjjwcd3feb7cztkckku157i64k1	NTEyOWYyNzM5MDE0OGM1YzhmNTAzMTVlZjQ2OTZkN2M1Zjc2M2IyMjp7Il9hdXRoX3VzZXJfaWQiOiI5IiwiX2F1dGhfdXNlcl9iYWNrZW5kIjoiZGphbmdvLmNvbnRyaWIuYXV0aC5iYWNrZW5kcy5Nb2RlbEJhY2tlbmQiLCJfYXV0aF91c2VyX2hhc2giOiI2ZjQ5NzA5YTAyYzM4YTk1NGIwM2IzYjU5MzI4ZmYxODdlNDM4OTg4In0=	2021-04-06 17:54:00.685888+00
41ev57di57twcnw7sgutugmjsp08mkln	MmZkODc4MGVmN2MzYmZjNDhhYTUzZjRmMTkyMzkxYzA5ZmY5NDI4Zjp7Il9hdXRoX3VzZXJfaWQiOiIzIiwiX2F1dGhfdXNlcl9iYWNrZW5kIjoiZGphbmdvLmNvbnRyaWIuYXV0aC5iYWNrZW5kcy5Nb2RlbEJhY2tlbmQiLCJfYXV0aF91c2VyX2hhc2giOiJlZTZmODYxNjhkZmY2YWE0NmI3NjIxNjY3NzRlYTI4ZWUyNmE2MjM0In0=	2021-04-14 21:40:18.528443+00
9kilxlp06cwdmmsx1qnc8ltezfwyl8cc	MTZkMTRlNGIwZjg0MzQ5NjMyNzEwZTZmYjc5YTk4NzU1ZTcwM2VmMDp7Il9hdXRoX3VzZXJfaWQiOiIxIiwiX2F1dGhfdXNlcl9iYWNrZW5kIjoiZGphbmdvLmNvbnRyaWIuYXV0aC5iYWNrZW5kcy5Nb2RlbEJhY2tlbmQiLCJfYXV0aF91c2VyX2hhc2giOiJmZDg0MzA5ZDlmYThjODdkNjJiNDI2YWFiNDVlODQ5YTQ4N2RmODJiIn0=	2021-04-21 14:16:03.722919+00
ubnsje0rq1p0qxqz7g3in87m2samgqwi	MWRjMmE3YzliMzUzMmNjYTQwNjFlNDExODc4NTJjNDY3OWE4NzIyNzp7Il9hdXRoX3VzZXJfaWQiOiIxNCIsIl9hdXRoX3VzZXJfYmFja2VuZCI6ImRqYW5nby5jb250cmliLmF1dGguYmFja2VuZHMuTW9kZWxCYWNrZW5kIiwiX2F1dGhfdXNlcl9oYXNoIjoiOGVjOGYyZmFhODkxMDAwZDJlMjYxNWNlMmExNmM5ZGNiYjNkMjhiYSJ9	2021-04-21 15:09:40.410397+00
j80n2c39c5cli7lma1kgtua09h85xoi0	MTk0ZWMzYmFiYWI5ZGZmNzk5NWM0YjFjZTVlZDMyMGZhMTljOTBmMzp7Il9hdXRoX3VzZXJfaWQiOiIyNCIsIl9hdXRoX3VzZXJfYmFja2VuZCI6ImRqYW5nby5jb250cmliLmF1dGguYmFja2VuZHMuTW9kZWxCYWNrZW5kIiwiX2F1dGhfdXNlcl9oYXNoIjoiMTI1NDhiOThkOTZlYTQ3YjhlZTE5M2JiYTMzNTNlZDJmYWFhZTY0MSJ9	2021-09-21 16:18:59.07206+00
xnms4bud27av7cczzko3jjqoichfzko6	NTEyOWYyNzM5MDE0OGM1YzhmNTAzMTVlZjQ2OTZkN2M1Zjc2M2IyMjp7Il9hdXRoX3VzZXJfaWQiOiI5IiwiX2F1dGhfdXNlcl9iYWNrZW5kIjoiZGphbmdvLmNvbnRyaWIuYXV0aC5iYWNrZW5kcy5Nb2RlbEJhY2tlbmQiLCJfYXV0aF91c2VyX2hhc2giOiI2ZjQ5NzA5YTAyYzM4YTk1NGIwM2IzYjU5MzI4ZmYxODdlNDM4OTg4In0=	2021-05-14 17:57:27.471927+00
0ndov7ljvp07qavn5fp3pu0s8iz9lo97	MTk0ZWMzYmFiYWI5ZGZmNzk5NWM0YjFjZTVlZDMyMGZhMTljOTBmMzp7Il9hdXRoX3VzZXJfaWQiOiIyNCIsIl9hdXRoX3VzZXJfYmFja2VuZCI6ImRqYW5nby5jb250cmliLmF1dGguYmFja2VuZHMuTW9kZWxCYWNrZW5kIiwiX2F1dGhfdXNlcl9oYXNoIjoiMTI1NDhiOThkOTZlYTQ3YjhlZTE5M2JiYTMzNTNlZDJmYWFhZTY0MSJ9	2021-05-14 19:09:24.404294+00
rxwtr6xlwmp24xb7832bat0wh3wf7qby	NTEyOWYyNzM5MDE0OGM1YzhmNTAzMTVlZjQ2OTZkN2M1Zjc2M2IyMjp7Il9hdXRoX3VzZXJfaWQiOiI5IiwiX2F1dGhfdXNlcl9iYWNrZW5kIjoiZGphbmdvLmNvbnRyaWIuYXV0aC5iYWNrZW5kcy5Nb2RlbEJhY2tlbmQiLCJfYXV0aF91c2VyX2hhc2giOiI2ZjQ5NzA5YTAyYzM4YTk1NGIwM2IzYjU5MzI4ZmYxODdlNDM4OTg4In0=	2021-05-17 19:43:38.547107+00
xmuybapt4njvau8gncsxz5q2pt3xz1tp	Zjg2MDg3YjA1OTRlMDVmNWMxNDY3YWE0MDdjNmFjNDk2ODMxMmMyMzp7Il9hdXRoX3VzZXJfaWQiOiIxMiIsIl9hdXRoX3VzZXJfYmFja2VuZCI6ImRqYW5nby5jb250cmliLmF1dGguYmFja2VuZHMuTW9kZWxCYWNrZW5kIiwiX2F1dGhfdXNlcl9oYXNoIjoiNzNiZjY3NmRiOWFjODczYzcwMjgwODFlMGUzYTg2ZGRkMWEyODRiOCJ9	2021-05-19 00:10:57.233235+00
rjdi8fkmpp1m2pc7t640j653hsavpwyy	NTEyOWYyNzM5MDE0OGM1YzhmNTAzMTVlZjQ2OTZkN2M1Zjc2M2IyMjp7Il9hdXRoX3VzZXJfaWQiOiI5IiwiX2F1dGhfdXNlcl9iYWNrZW5kIjoiZGphbmdvLmNvbnRyaWIuYXV0aC5iYWNrZW5kcy5Nb2RlbEJhY2tlbmQiLCJfYXV0aF91c2VyX2hhc2giOiI2ZjQ5NzA5YTAyYzM4YTk1NGIwM2IzYjU5MzI4ZmYxODdlNDM4OTg4In0=	2021-05-19 13:46:52.867376+00
3pn6qjvgtlddveijykeyxab60cgk969l	NTEyOWYyNzM5MDE0OGM1YzhmNTAzMTVlZjQ2OTZkN2M1Zjc2M2IyMjp7Il9hdXRoX3VzZXJfaWQiOiI5IiwiX2F1dGhfdXNlcl9iYWNrZW5kIjoiZGphbmdvLmNvbnRyaWIuYXV0aC5iYWNrZW5kcy5Nb2RlbEJhY2tlbmQiLCJfYXV0aF91c2VyX2hhc2giOiI2ZjQ5NzA5YTAyYzM4YTk1NGIwM2IzYjU5MzI4ZmYxODdlNDM4OTg4In0=	2021-05-20 14:20:29.449312+00
o9qrzh1tss549lj13vsdhunntlrgrjt2	NTEyOWYyNzM5MDE0OGM1YzhmNTAzMTVlZjQ2OTZkN2M1Zjc2M2IyMjp7Il9hdXRoX3VzZXJfaWQiOiI5IiwiX2F1dGhfdXNlcl9iYWNrZW5kIjoiZGphbmdvLmNvbnRyaWIuYXV0aC5iYWNrZW5kcy5Nb2RlbEJhY2tlbmQiLCJfYXV0aF91c2VyX2hhc2giOiI2ZjQ5NzA5YTAyYzM4YTk1NGIwM2IzYjU5MzI4ZmYxODdlNDM4OTg4In0=	2021-05-21 15:13:57.159574+00
c1gowwfz8giufi3emt832exz47v08ze7	NTEyOWYyNzM5MDE0OGM1YzhmNTAzMTVlZjQ2OTZkN2M1Zjc2M2IyMjp7Il9hdXRoX3VzZXJfaWQiOiI5IiwiX2F1dGhfdXNlcl9iYWNrZW5kIjoiZGphbmdvLmNvbnRyaWIuYXV0aC5iYWNrZW5kcy5Nb2RlbEJhY2tlbmQiLCJfYXV0aF91c2VyX2hhc2giOiI2ZjQ5NzA5YTAyYzM4YTk1NGIwM2IzYjU5MzI4ZmYxODdlNDM4OTg4In0=	2021-05-21 20:10:35.394269+00
ml206k3pjcuvi7feog342v078lj1bsdg	MTk0ZWMzYmFiYWI5ZGZmNzk5NWM0YjFjZTVlZDMyMGZhMTljOTBmMzp7Il9hdXRoX3VzZXJfaWQiOiIyNCIsIl9hdXRoX3VzZXJfYmFja2VuZCI6ImRqYW5nby5jb250cmliLmF1dGguYmFja2VuZHMuTW9kZWxCYWNrZW5kIiwiX2F1dGhfdXNlcl9oYXNoIjoiMTI1NDhiOThkOTZlYTQ3YjhlZTE5M2JiYTMzNTNlZDJmYWFhZTY0MSJ9	2021-05-27 13:59:35.133277+00
s1sf31sn1ezspqqtng6vejaehd2uv59t	MTk0ZWMzYmFiYWI5ZGZmNzk5NWM0YjFjZTVlZDMyMGZhMTljOTBmMzp7Il9hdXRoX3VzZXJfaWQiOiIyNCIsIl9hdXRoX3VzZXJfYmFja2VuZCI6ImRqYW5nby5jb250cmliLmF1dGguYmFja2VuZHMuTW9kZWxCYWNrZW5kIiwiX2F1dGhfdXNlcl9oYXNoIjoiMTI1NDhiOThkOTZlYTQ3YjhlZTE5M2JiYTMzNTNlZDJmYWFhZTY0MSJ9	2021-05-28 16:13:35.36573+00
6lu04ssi6vdzm5xynh9hu6ebjew5d1r7	NTEyOWYyNzM5MDE0OGM1YzhmNTAzMTVlZjQ2OTZkN2M1Zjc2M2IyMjp7Il9hdXRoX3VzZXJfaWQiOiI5IiwiX2F1dGhfdXNlcl9iYWNrZW5kIjoiZGphbmdvLmNvbnRyaWIuYXV0aC5iYWNrZW5kcy5Nb2RlbEJhY2tlbmQiLCJfYXV0aF91c2VyX2hhc2giOiI2ZjQ5NzA5YTAyYzM4YTk1NGIwM2IzYjU5MzI4ZmYxODdlNDM4OTg4In0=	2021-05-28 19:07:15.999733+00
jhymcmlusb28w4qvrps8q04jmcolhbp9	MTZkMTRlNGIwZjg0MzQ5NjMyNzEwZTZmYjc5YTk4NzU1ZTcwM2VmMDp7Il9hdXRoX3VzZXJfaWQiOiIxIiwiX2F1dGhfdXNlcl9iYWNrZW5kIjoiZGphbmdvLmNvbnRyaWIuYXV0aC5iYWNrZW5kcy5Nb2RlbEJhY2tlbmQiLCJfYXV0aF91c2VyX2hhc2giOiJmZDg0MzA5ZDlmYThjODdkNjJiNDI2YWFiNDVlODQ5YTQ4N2RmODJiIn0=	2021-06-01 12:32:42.398256+00
yhbl1lmy5js4w6hr070c3x33q5eihj5r	MWUyZGNlYzQ2NWIwNzQyNmRhNWRmZDkzOWJhMTZlNDJmYjc1OGVmNjp7Il9hdXRoX3VzZXJfaWQiOiIyMiIsIl9hdXRoX3VzZXJfYmFja2VuZCI6ImRqYW5nby5jb250cmliLmF1dGguYmFja2VuZHMuTW9kZWxCYWNrZW5kIiwiX2F1dGhfdXNlcl9oYXNoIjoiMDg3MzVmNTk3MmUyZjI4ZmE5YWQyZGVmOGNmNWM4MmY4Zjc5OTlmOCJ9	2021-06-01 12:35:13.848931+00
aji09b2y7b0is5agh6c9y6bgzn1i1r2b	ZjE1NTNjNjlkYTRiMWQzMjExNTRhM2UxNjY0ODYwZDIxMDhmNGFjMDp7Il9hdXRoX3VzZXJfaWQiOiI4IiwiX2F1dGhfdXNlcl9iYWNrZW5kIjoiZGphbmdvLmNvbnRyaWIuYXV0aC5iYWNrZW5kcy5Nb2RlbEJhY2tlbmQiLCJfYXV0aF91c2VyX2hhc2giOiIzNTVmMmIyNDY1ZDM1MzkxNDY1YTA0YmMxMjc0Yjg5M2Q2N2U1NDFhIn0=	2021-06-02 17:13:31.789293+00
xfqeewwgsb8vba290rb9zu90rqg23kip	MTZkMTRlNGIwZjg0MzQ5NjMyNzEwZTZmYjc5YTk4NzU1ZTcwM2VmMDp7Il9hdXRoX3VzZXJfaWQiOiIxIiwiX2F1dGhfdXNlcl9iYWNrZW5kIjoiZGphbmdvLmNvbnRyaWIuYXV0aC5iYWNrZW5kcy5Nb2RlbEJhY2tlbmQiLCJfYXV0aF91c2VyX2hhc2giOiJmZDg0MzA5ZDlmYThjODdkNjJiNDI2YWFiNDVlODQ5YTQ4N2RmODJiIn0=	2021-06-15 19:53:42.817767+00
7gvxqfjdbjsg8wu5dj07ku98dl4c3qj1	NGUzYWExMjYzZDExM2NhNzA5NTYzYmRkNGE0YmM0ZGIzOWQ0MTE2OTp7Il9hdXRoX3VzZXJfaWQiOiI3IiwiX2F1dGhfdXNlcl9iYWNrZW5kIjoiZGphbmdvLmNvbnRyaWIuYXV0aC5iYWNrZW5kcy5Nb2RlbEJhY2tlbmQiLCJfYXV0aF91c2VyX2hhc2giOiI4ZTJhNmY3YjdkMGFjYmI2ZjYwYjBlZTQxNDQ5ODdjMjI0YjE0Y2ViIn0=	2021-06-21 14:56:11.475397+00
ih7xzpv3dy3n9biuk2wzz4s496z4q8z1	MTZkMTRlNGIwZjg0MzQ5NjMyNzEwZTZmYjc5YTk4NzU1ZTcwM2VmMDp7Il9hdXRoX3VzZXJfaWQiOiIxIiwiX2F1dGhfdXNlcl9iYWNrZW5kIjoiZGphbmdvLmNvbnRyaWIuYXV0aC5iYWNrZW5kcy5Nb2RlbEJhY2tlbmQiLCJfYXV0aF91c2VyX2hhc2giOiJmZDg0MzA5ZDlmYThjODdkNjJiNDI2YWFiNDVlODQ5YTQ4N2RmODJiIn0=	2021-06-21 15:33:54.40085+00
it2jtln9dpxafk606vk3b74ls56mt3zl	MmZkODc4MGVmN2MzYmZjNDhhYTUzZjRmMTkyMzkxYzA5ZmY5NDI4Zjp7Il9hdXRoX3VzZXJfaWQiOiIzIiwiX2F1dGhfdXNlcl9iYWNrZW5kIjoiZGphbmdvLmNvbnRyaWIuYXV0aC5iYWNrZW5kcy5Nb2RlbEJhY2tlbmQiLCJfYXV0aF91c2VyX2hhc2giOiJlZTZmODYxNjhkZmY2YWE0NmI3NjIxNjY3NzRlYTI4ZWUyNmE2MjM0In0=	2021-06-22 18:23:55.046023+00
rtb14rrr9sdy5m612kkuufadcx217l34	NGUzYWExMjYzZDExM2NhNzA5NTYzYmRkNGE0YmM0ZGIzOWQ0MTE2OTp7Il9hdXRoX3VzZXJfaWQiOiI3IiwiX2F1dGhfdXNlcl9iYWNrZW5kIjoiZGphbmdvLmNvbnRyaWIuYXV0aC5iYWNrZW5kcy5Nb2RlbEJhY2tlbmQiLCJfYXV0aF91c2VyX2hhc2giOiI4ZTJhNmY3YjdkMGFjYmI2ZjYwYjBlZTQxNDQ5ODdjMjI0YjE0Y2ViIn0=	2021-06-23 15:10:55.110272+00
wrjzt3cgg6ci431odsfvcjtc0nzgug4j	MTZkMTRlNGIwZjg0MzQ5NjMyNzEwZTZmYjc5YTk4NzU1ZTcwM2VmMDp7Il9hdXRoX3VzZXJfaWQiOiIxIiwiX2F1dGhfdXNlcl9iYWNrZW5kIjoiZGphbmdvLmNvbnRyaWIuYXV0aC5iYWNrZW5kcy5Nb2RlbEJhY2tlbmQiLCJfYXV0aF91c2VyX2hhc2giOiJmZDg0MzA5ZDlmYThjODdkNjJiNDI2YWFiNDVlODQ5YTQ4N2RmODJiIn0=	2021-07-04 15:08:51.623957+00
ao4kobvhrcrwsrbjz8vj8bfe9iuwpm6i	MTZkMTRlNGIwZjg0MzQ5NjMyNzEwZTZmYjc5YTk4NzU1ZTcwM2VmMDp7Il9hdXRoX3VzZXJfaWQiOiIxIiwiX2F1dGhfdXNlcl9iYWNrZW5kIjoiZGphbmdvLmNvbnRyaWIuYXV0aC5iYWNrZW5kcy5Nb2RlbEJhY2tlbmQiLCJfYXV0aF91c2VyX2hhc2giOiJmZDg0MzA5ZDlmYThjODdkNjJiNDI2YWFiNDVlODQ5YTQ4N2RmODJiIn0=	2021-07-20 05:03:28.754488+00
lrvwqxjow0t5we8pfexba8lezgea6ymi	MWUyZGNlYzQ2NWIwNzQyNmRhNWRmZDkzOWJhMTZlNDJmYjc1OGVmNjp7Il9hdXRoX3VzZXJfaWQiOiIyMiIsIl9hdXRoX3VzZXJfYmFja2VuZCI6ImRqYW5nby5jb250cmliLmF1dGguYmFja2VuZHMuTW9kZWxCYWNrZW5kIiwiX2F1dGhfdXNlcl9oYXNoIjoiMDg3MzVmNTk3MmUyZjI4ZmE5YWQyZGVmOGNmNWM4MmY4Zjc5OTlmOCJ9	2021-07-20 14:01:21.551352+00
odeo2jyjs8kdpyapssd7v9f3z76f3ovi	MTZkMTRlNGIwZjg0MzQ5NjMyNzEwZTZmYjc5YTk4NzU1ZTcwM2VmMDp7Il9hdXRoX3VzZXJfaWQiOiIxIiwiX2F1dGhfdXNlcl9iYWNrZW5kIjoiZGphbmdvLmNvbnRyaWIuYXV0aC5iYWNrZW5kcy5Nb2RlbEJhY2tlbmQiLCJfYXV0aF91c2VyX2hhc2giOiJmZDg0MzA5ZDlmYThjODdkNjJiNDI2YWFiNDVlODQ5YTQ4N2RmODJiIn0=	2021-09-29 18:17:17.774648+00
4oce0d4yut83lgs0f0xcu67h0zam0mij	MmZkODc4MGVmN2MzYmZjNDhhYTUzZjRmMTkyMzkxYzA5ZmY5NDI4Zjp7Il9hdXRoX3VzZXJfaWQiOiIzIiwiX2F1dGhfdXNlcl9iYWNrZW5kIjoiZGphbmdvLmNvbnRyaWIuYXV0aC5iYWNrZW5kcy5Nb2RlbEJhY2tlbmQiLCJfYXV0aF91c2VyX2hhc2giOiJlZTZmODYxNjhkZmY2YWE0NmI3NjIxNjY3NzRlYTI4ZWUyNmE2MjM0In0=	2021-07-21 18:08:02.099153+00
xz4vmq56t9ufc0rgkv0i0jxrp0gwmsc0	NTEyOWYyNzM5MDE0OGM1YzhmNTAzMTVlZjQ2OTZkN2M1Zjc2M2IyMjp7Il9hdXRoX3VzZXJfaWQiOiI5IiwiX2F1dGhfdXNlcl9iYWNrZW5kIjoiZGphbmdvLmNvbnRyaWIuYXV0aC5iYWNrZW5kcy5Nb2RlbEJhY2tlbmQiLCJfYXV0aF91c2VyX2hhc2giOiI2ZjQ5NzA5YTAyYzM4YTk1NGIwM2IzYjU5MzI4ZmYxODdlNDM4OTg4In0=	2021-10-06 15:57:20.860608+00
9fz8n6cymkyggsq2cltf7c5xs1gr8zyv	MTZkMTRlNGIwZjg0MzQ5NjMyNzEwZTZmYjc5YTk4NzU1ZTcwM2VmMDp7Il9hdXRoX3VzZXJfaWQiOiIxIiwiX2F1dGhfdXNlcl9iYWNrZW5kIjoiZGphbmdvLmNvbnRyaWIuYXV0aC5iYWNrZW5kcy5Nb2RlbEJhY2tlbmQiLCJfYXV0aF91c2VyX2hhc2giOiJmZDg0MzA5ZDlmYThjODdkNjJiNDI2YWFiNDVlODQ5YTQ4N2RmODJiIn0=	2021-08-07 04:00:10.127352+00
kru61mpoi5h1e6bdyeba2ephy96w2x3v	NGUzYWExMjYzZDExM2NhNzA5NTYzYmRkNGE0YmM0ZGIzOWQ0MTE2OTp7Il9hdXRoX3VzZXJfaWQiOiI3IiwiX2F1dGhfdXNlcl9iYWNrZW5kIjoiZGphbmdvLmNvbnRyaWIuYXV0aC5iYWNrZW5kcy5Nb2RlbEJhY2tlbmQiLCJfYXV0aF91c2VyX2hhc2giOiI4ZTJhNmY3YjdkMGFjYmI2ZjYwYjBlZTQxNDQ5ODdjMjI0YjE0Y2ViIn0=	2021-08-13 19:07:24.704095+00
96qbj2g38x8zykm3p7xygegm5gge4glv	MWUyZGNlYzQ2NWIwNzQyNmRhNWRmZDkzOWJhMTZlNDJmYjc1OGVmNjp7Il9hdXRoX3VzZXJfaWQiOiIyMiIsIl9hdXRoX3VzZXJfYmFja2VuZCI6ImRqYW5nby5jb250cmliLmF1dGguYmFja2VuZHMuTW9kZWxCYWNrZW5kIiwiX2F1dGhfdXNlcl9oYXNoIjoiMDg3MzVmNTk3MmUyZjI4ZmE5YWQyZGVmOGNmNWM4MmY4Zjc5OTlmOCJ9	2021-10-11 16:05:28.793617+00
rv230zwqzqfcdf1aijyobtcj7h8voqqf	NTEyOWYyNzM5MDE0OGM1YzhmNTAzMTVlZjQ2OTZkN2M1Zjc2M2IyMjp7Il9hdXRoX3VzZXJfaWQiOiI5IiwiX2F1dGhfdXNlcl9iYWNrZW5kIjoiZGphbmdvLmNvbnRyaWIuYXV0aC5iYWNrZW5kcy5Nb2RlbEJhY2tlbmQiLCJfYXV0aF91c2VyX2hhc2giOiI2ZjQ5NzA5YTAyYzM4YTk1NGIwM2IzYjU5MzI4ZmYxODdlNDM4OTg4In0=	2021-08-16 16:53:34.364391+00
hjbopiz8lxsrniicr1o71bl48623gqid	MTZkMTRlNGIwZjg0MzQ5NjMyNzEwZTZmYjc5YTk4NzU1ZTcwM2VmMDp7Il9hdXRoX3VzZXJfaWQiOiIxIiwiX2F1dGhfdXNlcl9iYWNrZW5kIjoiZGphbmdvLmNvbnRyaWIuYXV0aC5iYWNrZW5kcy5Nb2RlbEJhY2tlbmQiLCJfYXV0aF91c2VyX2hhc2giOiJmZDg0MzA5ZDlmYThjODdkNjJiNDI2YWFiNDVlODQ5YTQ4N2RmODJiIn0=	2021-10-11 16:25:51.620776+00
k0w8qzvcgbxnhqa1722dammfwau4xd9y	MWUyZGNlYzQ2NWIwNzQyNmRhNWRmZDkzOWJhMTZlNDJmYjc1OGVmNjp7Il9hdXRoX3VzZXJfaWQiOiIyMiIsIl9hdXRoX3VzZXJfYmFja2VuZCI6ImRqYW5nby5jb250cmliLmF1dGguYmFja2VuZHMuTW9kZWxCYWNrZW5kIiwiX2F1dGhfdXNlcl9oYXNoIjoiMDg3MzVmNTk3MmUyZjI4ZmE5YWQyZGVmOGNmNWM4MmY4Zjc5OTlmOCJ9	2021-10-12 15:50:08.818022+00
58k87fol2bzftw5fqqq8m82z7lsvk33x	NGUzYWExMjYzZDExM2NhNzA5NTYzYmRkNGE0YmM0ZGIzOWQ0MTE2OTp7Il9hdXRoX3VzZXJfaWQiOiI3IiwiX2F1dGhfdXNlcl9iYWNrZW5kIjoiZGphbmdvLmNvbnRyaWIuYXV0aC5iYWNrZW5kcy5Nb2RlbEJhY2tlbmQiLCJfYXV0aF91c2VyX2hhc2giOiI4ZTJhNmY3YjdkMGFjYmI2ZjYwYjBlZTQxNDQ5ODdjMjI0YjE0Y2ViIn0=	2021-10-14 15:36:56.779511+00
wsraqnsjd1qld7dcp7nvg9xzxzrre74u	MTZkMTRlNGIwZjg0MzQ5NjMyNzEwZTZmYjc5YTk4NzU1ZTcwM2VmMDp7Il9hdXRoX3VzZXJfaWQiOiIxIiwiX2F1dGhfdXNlcl9iYWNrZW5kIjoiZGphbmdvLmNvbnRyaWIuYXV0aC5iYWNrZW5kcy5Nb2RlbEJhY2tlbmQiLCJfYXV0aF91c2VyX2hhc2giOiJmZDg0MzA5ZDlmYThjODdkNjJiNDI2YWFiNDVlODQ5YTQ4N2RmODJiIn0=	2021-10-14 15:38:53.258799+00
oxq5xtukydn00hmztmjgivs5lt7r5xaa	Zjg2MDg3YjA1OTRlMDVmNWMxNDY3YWE0MDdjNmFjNDk2ODMxMmMyMzp7Il9hdXRoX3VzZXJfaWQiOiIxMiIsIl9hdXRoX3VzZXJfYmFja2VuZCI6ImRqYW5nby5jb250cmliLmF1dGguYmFja2VuZHMuTW9kZWxCYWNrZW5kIiwiX2F1dGhfdXNlcl9oYXNoIjoiNzNiZjY3NmRiOWFjODczYzcwMjgwODFlMGUzYTg2ZGRkMWEyODRiOCJ9	2021-10-15 16:22:19.60964+00
6ossuoop5tomuw1rn6oq931xze0thle1	ZjE1NTNjNjlkYTRiMWQzMjExNTRhM2UxNjY0ODYwZDIxMDhmNGFjMDp7Il9hdXRoX3VzZXJfaWQiOiI4IiwiX2F1dGhfdXNlcl9iYWNrZW5kIjoiZGphbmdvLmNvbnRyaWIuYXV0aC5iYWNrZW5kcy5Nb2RlbEJhY2tlbmQiLCJfYXV0aF91c2VyX2hhc2giOiIzNTVmMmIyNDY1ZDM1MzkxNDY1YTA0YmMxMjc0Yjg5M2Q2N2U1NDFhIn0=	2021-10-18 18:04:52.577771+00
6uikg3mq9a2ncpkzkowfs6emmbc0ah8x	OWJkNmVmNzYwNGQwZGQ2NTZmMjU1ZDUwMWJjMGRmNjhhYzZiMWVjMzp7Il9hdXRoX3VzZXJfaWQiOiI1IiwiX2F1dGhfdXNlcl9iYWNrZW5kIjoiZGphbmdvLmNvbnRyaWIuYXV0aC5iYWNrZW5kcy5Nb2RlbEJhY2tlbmQiLCJfYXV0aF91c2VyX2hhc2giOiI2MmMzMzFjNzgwOGIyNWU4MjQ1YTJjYjRmOTdkMzBmY2NiMDRlNmNkIn0=	2021-09-13 16:26:01.058225+00
iqj90rchc6mui2nnvdrm44j0lsnp0gta	MTZkMTRlNGIwZjg0MzQ5NjMyNzEwZTZmYjc5YTk4NzU1ZTcwM2VmMDp7Il9hdXRoX3VzZXJfaWQiOiIxIiwiX2F1dGhfdXNlcl9iYWNrZW5kIjoiZGphbmdvLmNvbnRyaWIuYXV0aC5iYWNrZW5kcy5Nb2RlbEJhY2tlbmQiLCJfYXV0aF91c2VyX2hhc2giOiJmZDg0MzA5ZDlmYThjODdkNjJiNDI2YWFiNDVlODQ5YTQ4N2RmODJiIn0=	2021-09-14 23:07:19.715626+00
7o6pkd2u61wcckdg8lk1j9rn167xe0w8	ZjE1NTNjNjlkYTRiMWQzMjExNTRhM2UxNjY0ODYwZDIxMDhmNGFjMDp7Il9hdXRoX3VzZXJfaWQiOiI4IiwiX2F1dGhfdXNlcl9iYWNrZW5kIjoiZGphbmdvLmNvbnRyaWIuYXV0aC5iYWNrZW5kcy5Nb2RlbEJhY2tlbmQiLCJfYXV0aF91c2VyX2hhc2giOiIzNTVmMmIyNDY1ZDM1MzkxNDY1YTA0YmMxMjc0Yjg5M2Q2N2U1NDFhIn0=	2021-09-15 15:45:46.135182+00
pnq8hrdl20ske05l5slo5egoxj0lf1s7	NGUzYWExMjYzZDExM2NhNzA5NTYzYmRkNGE0YmM0ZGIzOWQ0MTE2OTp7Il9hdXRoX3VzZXJfaWQiOiI3IiwiX2F1dGhfdXNlcl9iYWNrZW5kIjoiZGphbmdvLmNvbnRyaWIuYXV0aC5iYWNrZW5kcy5Nb2RlbEJhY2tlbmQiLCJfYXV0aF91c2VyX2hhc2giOiI4ZTJhNmY3YjdkMGFjYmI2ZjYwYjBlZTQxNDQ5ODdjMjI0YjE0Y2ViIn0=	2021-10-21 14:06:11.047023+00
8m14j473a3mog1stinscacn186rked2h	ZWY0Mzk5NmY3OGRkODQxNTVkZmE4MTI3Mzg5NDEwMDFmMmQzMWNlYzp7Il9hdXRoX3VzZXJfaWQiOiIyNiIsIl9hdXRoX3VzZXJfYmFja2VuZCI6ImRqYW5nby5jb250cmliLmF1dGguYmFja2VuZHMuTW9kZWxCYWNrZW5kIiwiX2F1dGhfdXNlcl9oYXNoIjoiMGI0ZDhhY2VkOGE3YWM4ZGM3NTFkNDNiNTRiMTE4N2YzNmY3M2I4YiJ9	2021-09-16 20:41:37.552709+00
fz0a7nr9xo23ouxerflnygb5kf3eyg6v	MTk0ZWMzYmFiYWI5ZGZmNzk5NWM0YjFjZTVlZDMyMGZhMTljOTBmMzp7Il9hdXRoX3VzZXJfaWQiOiIyNCIsIl9hdXRoX3VzZXJfYmFja2VuZCI6ImRqYW5nby5jb250cmliLmF1dGguYmFja2VuZHMuTW9kZWxCYWNrZW5kIiwiX2F1dGhfdXNlcl9oYXNoIjoiMTI1NDhiOThkOTZlYTQ3YjhlZTE5M2JiYTMzNTNlZDJmYWFhZTY0MSJ9	2021-10-27 18:48:31.365001+00
7q4t5ykv3yyvydnd1atz2i48jjxg5brw	MTk0ZWMzYmFiYWI5ZGZmNzk5NWM0YjFjZTVlZDMyMGZhMTljOTBmMzp7Il9hdXRoX3VzZXJfaWQiOiIyNCIsIl9hdXRoX3VzZXJfYmFja2VuZCI6ImRqYW5nby5jb250cmliLmF1dGguYmFja2VuZHMuTW9kZWxCYWNrZW5kIiwiX2F1dGhfdXNlcl9oYXNoIjoiMTI1NDhiOThkOTZlYTQ3YjhlZTE5M2JiYTMzNTNlZDJmYWFhZTY0MSJ9	2021-09-17 14:06:14.178107+00
871qavmqz099hes894ynavcritop4ufz	Zjg2MDg3YjA1OTRlMDVmNWMxNDY3YWE0MDdjNmFjNDk2ODMxMmMyMzp7Il9hdXRoX3VzZXJfaWQiOiIxMiIsIl9hdXRoX3VzZXJfYmFja2VuZCI6ImRqYW5nby5jb250cmliLmF1dGguYmFja2VuZHMuTW9kZWxCYWNrZW5kIiwiX2F1dGhfdXNlcl9oYXNoIjoiNzNiZjY3NmRiOWFjODczYzcwMjgwODFlMGUzYTg2ZGRkMWEyODRiOCJ9	2021-09-18 00:08:59.920704+00
m3cecyf2jw3z4abzz17etggmwbvox3mu	MDUzNmYzZjcxMTcwOTQzZDYyMjgxODgwNWVlYmEwMmQyZjlmYjBkMzp7Il9hdXRoX3VzZXJfaWQiOiIyNyIsIl9hdXRoX3VzZXJfYmFja2VuZCI6ImRqYW5nby5jb250cmliLmF1dGguYmFja2VuZHMuTW9kZWxCYWNrZW5kIiwiX2F1dGhfdXNlcl9oYXNoIjoiOTBiMDllM2NlNTY1ZDM2NzE0NDQxZjY3Y2UwZTg5NGE5MGIzZjMxNyJ9	2021-10-27 20:47:04.854487+00
bfaexrkjl1q9xk55md0wkvsm2z7n5qcq	MTZkMTRlNGIwZjg0MzQ5NjMyNzEwZTZmYjc5YTk4NzU1ZTcwM2VmMDp7Il9hdXRoX3VzZXJfaWQiOiIxIiwiX2F1dGhfdXNlcl9iYWNrZW5kIjoiZGphbmdvLmNvbnRyaWIuYXV0aC5iYWNrZW5kcy5Nb2RlbEJhY2tlbmQiLCJfYXV0aF91c2VyX2hhc2giOiJmZDg0MzA5ZDlmYThjODdkNjJiNDI2YWFiNDVlODQ5YTQ4N2RmODJiIn0=	2021-10-28 17:55:40.027579+00
30xui6wwgeg15gdxicgvmn9zhj27s0s1	MTZkMTRlNGIwZjg0MzQ5NjMyNzEwZTZmYjc5YTk4NzU1ZTcwM2VmMDp7Il9hdXRoX3VzZXJfaWQiOiIxIiwiX2F1dGhfdXNlcl9iYWNrZW5kIjoiZGphbmdvLmNvbnRyaWIuYXV0aC5iYWNrZW5kcy5Nb2RlbEJhY2tlbmQiLCJfYXV0aF91c2VyX2hhc2giOiJmZDg0MzA5ZDlmYThjODdkNjJiNDI2YWFiNDVlODQ5YTQ4N2RmODJiIn0=	2023-03-15 18:48:47.719183+00
61ni29w6q99ycom4qkt0ejm3u1ma8dsy	MDUzNmYzZjcxMTcwOTQzZDYyMjgxODgwNWVlYmEwMmQyZjlmYjBkMzp7Il9hdXRoX3VzZXJfaWQiOiIyNyIsIl9hdXRoX3VzZXJfYmFja2VuZCI6ImRqYW5nby5jb250cmliLmF1dGguYmFja2VuZHMuTW9kZWxCYWNrZW5kIiwiX2F1dGhfdXNlcl9oYXNoIjoiOTBiMDllM2NlNTY1ZDM2NzE0NDQxZjY3Y2UwZTg5NGE5MGIzZjMxNyJ9	2021-11-02 14:41:11.29386+00
kd6k5ji4xbv8g5s6d362k9mqiu1urzye	MWUyZGNlYzQ2NWIwNzQyNmRhNWRmZDkzOWJhMTZlNDJmYjc1OGVmNjp7Il9hdXRoX3VzZXJfaWQiOiIyMiIsIl9hdXRoX3VzZXJfYmFja2VuZCI6ImRqYW5nby5jb250cmliLmF1dGguYmFja2VuZHMuTW9kZWxCYWNrZW5kIiwiX2F1dGhfdXNlcl9oYXNoIjoiMDg3MzVmNTk3MmUyZjI4ZmE5YWQyZGVmOGNmNWM4MmY4Zjc5OTlmOCJ9	2021-11-04 16:01:55.581194+00
ntmwvvdoar07a6dv42uy4xyv64uhxngn	ZjE1NTNjNjlkYTRiMWQzMjExNTRhM2UxNjY0ODYwZDIxMDhmNGFjMDp7Il9hdXRoX3VzZXJfaWQiOiI4IiwiX2F1dGhfdXNlcl9iYWNrZW5kIjoiZGphbmdvLmNvbnRyaWIuYXV0aC5iYWNrZW5kcy5Nb2RlbEJhY2tlbmQiLCJfYXV0aF91c2VyX2hhc2giOiIzNTVmMmIyNDY1ZDM1MzkxNDY1YTA0YmMxMjc0Yjg5M2Q2N2U1NDFhIn0=	2021-11-05 01:50:50.40813+00
w1c4irornqjmlcugs1aafjc0vqlr1fli	ZjE1NTNjNjlkYTRiMWQzMjExNTRhM2UxNjY0ODYwZDIxMDhmNGFjMDp7Il9hdXRoX3VzZXJfaWQiOiI4IiwiX2F1dGhfdXNlcl9iYWNrZW5kIjoiZGphbmdvLmNvbnRyaWIuYXV0aC5iYWNrZW5kcy5Nb2RlbEJhY2tlbmQiLCJfYXV0aF91c2VyX2hhc2giOiIzNTVmMmIyNDY1ZDM1MzkxNDY1YTA0YmMxMjc0Yjg5M2Q2N2U1NDFhIn0=	2021-11-05 13:42:55.493671+00
dn8uvwpq48g47iwjbgw0ss915rehdjon	MWUyZGNlYzQ2NWIwNzQyNmRhNWRmZDkzOWJhMTZlNDJmYjc1OGVmNjp7Il9hdXRoX3VzZXJfaWQiOiIyMiIsIl9hdXRoX3VzZXJfYmFja2VuZCI6ImRqYW5nby5jb250cmliLmF1dGguYmFja2VuZHMuTW9kZWxCYWNrZW5kIiwiX2F1dGhfdXNlcl9oYXNoIjoiMDg3MzVmNTk3MmUyZjI4ZmE5YWQyZGVmOGNmNWM4MmY4Zjc5OTlmOCJ9	2021-11-10 22:29:52.163859+00
1eu0f06wmwd97o1g3f6nz1z3o7wh4r6r	MmZkODc4MGVmN2MzYmZjNDhhYTUzZjRmMTkyMzkxYzA5ZmY5NDI4Zjp7Il9hdXRoX3VzZXJfaWQiOiIzIiwiX2F1dGhfdXNlcl9iYWNrZW5kIjoiZGphbmdvLmNvbnRyaWIuYXV0aC5iYWNrZW5kcy5Nb2RlbEJhY2tlbmQiLCJfYXV0aF91c2VyX2hhc2giOiJlZTZmODYxNjhkZmY2YWE0NmI3NjIxNjY3NzRlYTI4ZWUyNmE2MjM0In0=	2021-11-15 13:27:37.441679+00
5nt0uladvx4ga2db5pynpze55jmj8gl0	MTZkMTRlNGIwZjg0MzQ5NjMyNzEwZTZmYjc5YTk4NzU1ZTcwM2VmMDp7Il9hdXRoX3VzZXJfaWQiOiIxIiwiX2F1dGhfdXNlcl9iYWNrZW5kIjoiZGphbmdvLmNvbnRyaWIuYXV0aC5iYWNrZW5kcy5Nb2RlbEJhY2tlbmQiLCJfYXV0aF91c2VyX2hhc2giOiJmZDg0MzA5ZDlmYThjODdkNjJiNDI2YWFiNDVlODQ5YTQ4N2RmODJiIn0=	2021-11-15 14:25:43.658847+00
hi0s0kclsookg7crszqmkg7z9gg5tszn	MTZkMTRlNGIwZjg0MzQ5NjMyNzEwZTZmYjc5YTk4NzU1ZTcwM2VmMDp7Il9hdXRoX3VzZXJfaWQiOiIxIiwiX2F1dGhfdXNlcl9iYWNrZW5kIjoiZGphbmdvLmNvbnRyaWIuYXV0aC5iYWNrZW5kcy5Nb2RlbEJhY2tlbmQiLCJfYXV0aF91c2VyX2hhc2giOiJmZDg0MzA5ZDlmYThjODdkNjJiNDI2YWFiNDVlODQ5YTQ4N2RmODJiIn0=	2021-11-29 17:32:31.91259+00
6j8vb2v8njvdq90t693q9exxd83u7i7j	ZjE1NTNjNjlkYTRiMWQzMjExNTRhM2UxNjY0ODYwZDIxMDhmNGFjMDp7Il9hdXRoX3VzZXJfaWQiOiI4IiwiX2F1dGhfdXNlcl9iYWNrZW5kIjoiZGphbmdvLmNvbnRyaWIuYXV0aC5iYWNrZW5kcy5Nb2RlbEJhY2tlbmQiLCJfYXV0aF91c2VyX2hhc2giOiIzNTVmMmIyNDY1ZDM1MzkxNDY1YTA0YmMxMjc0Yjg5M2Q2N2U1NDFhIn0=	2021-12-01 17:41:39.575104+00
b4gv8vqi4zab2s54x3dwmw1lqptli2b5	MDUzNmYzZjcxMTcwOTQzZDYyMjgxODgwNWVlYmEwMmQyZjlmYjBkMzp7Il9hdXRoX3VzZXJfaWQiOiIyNyIsIl9hdXRoX3VzZXJfYmFja2VuZCI6ImRqYW5nby5jb250cmliLmF1dGguYmFja2VuZHMuTW9kZWxCYWNrZW5kIiwiX2F1dGhfdXNlcl9oYXNoIjoiOTBiMDllM2NlNTY1ZDM2NzE0NDQxZjY3Y2UwZTg5NGE5MGIzZjMxNyJ9	2021-12-03 02:30:18.759352+00
ixtpq1tws53p8sm12iuyz63v7an7sqp7	MDUzNmYzZjcxMTcwOTQzZDYyMjgxODgwNWVlYmEwMmQyZjlmYjBkMzp7Il9hdXRoX3VzZXJfaWQiOiIyNyIsIl9hdXRoX3VzZXJfYmFja2VuZCI6ImRqYW5nby5jb250cmliLmF1dGguYmFja2VuZHMuTW9kZWxCYWNrZW5kIiwiX2F1dGhfdXNlcl9oYXNoIjoiOTBiMDllM2NlNTY1ZDM2NzE0NDQxZjY3Y2UwZTg5NGE5MGIzZjMxNyJ9	2021-12-03 18:23:36.637427+00
cxlojfjmfcy8fgsu3s455b6u94ueuhu1	NDllMTNkNDlkZGUwZjgzMzM0ZjczNzk0MzdiZjY2ZGI1MzM5Y2JmMzp7Il9hdXRoX3VzZXJfaWQiOiIyOSIsIl9hdXRoX3VzZXJfYmFja2VuZCI6ImRqYW5nby5jb250cmliLmF1dGguYmFja2VuZHMuTW9kZWxCYWNrZW5kIiwiX2F1dGhfdXNlcl9oYXNoIjoiOWEzZjM5YzFmZTZmMjExYTZlMDMwYWRkNWFiMmE3NzkzMDM1MjVhMSJ9	2021-12-16 19:22:24.309998+00
dqomnyr3oyyo1ftr8hb6mjccx4g7jwm8	MWUyZGNlYzQ2NWIwNzQyNmRhNWRmZDkzOWJhMTZlNDJmYjc1OGVmNjp7Il9hdXRoX3VzZXJfaWQiOiIyMiIsIl9hdXRoX3VzZXJfYmFja2VuZCI6ImRqYW5nby5jb250cmliLmF1dGguYmFja2VuZHMuTW9kZWxCYWNrZW5kIiwiX2F1dGhfdXNlcl9oYXNoIjoiMDg3MzVmNTk3MmUyZjI4ZmE5YWQyZGVmOGNmNWM4MmY4Zjc5OTlmOCJ9	2021-12-23 17:05:16.852843+00
1jxcb8qfyhuucoi3xfl07tz0ito9vrgn	MTZkMTRlNGIwZjg0MzQ5NjMyNzEwZTZmYjc5YTk4NzU1ZTcwM2VmMDp7Il9hdXRoX3VzZXJfaWQiOiIxIiwiX2F1dGhfdXNlcl9iYWNrZW5kIjoiZGphbmdvLmNvbnRyaWIuYXV0aC5iYWNrZW5kcy5Nb2RlbEJhY2tlbmQiLCJfYXV0aF91c2VyX2hhc2giOiJmZDg0MzA5ZDlmYThjODdkNjJiNDI2YWFiNDVlODQ5YTQ4N2RmODJiIn0=	2021-12-23 17:28:11.751614+00
t0xg0nysq7ap0cr9s27neekqf9nm628m	NzZkNWJjYjg0ZDA0MWI0MTdmZjM1YzlhMjhlYmViOGNiOGM2NmQzMTp7Il9hdXRoX3VzZXJfaWQiOiIyMiIsIl9hdXRoX3VzZXJfYmFja2VuZCI6ImRqYW5nby5jb250cmliLmF1dGguYmFja2VuZHMuTW9kZWxCYWNrZW5kIiwiX2F1dGhfdXNlcl9oYXNoIjoiMGIwNDdmYzQ2ZmI5MDI0MGRlYTNjMzAwMjA0NzM3YTRhNDEzNTYwOCJ9	2021-12-23 17:28:23.75001+00
47ipbxibnlq6exkmk91s5vly09d41ua9	NTEyOWYyNzM5MDE0OGM1YzhmNTAzMTVlZjQ2OTZkN2M1Zjc2M2IyMjp7Il9hdXRoX3VzZXJfaWQiOiI5IiwiX2F1dGhfdXNlcl9iYWNrZW5kIjoiZGphbmdvLmNvbnRyaWIuYXV0aC5iYWNrZW5kcy5Nb2RlbEJhY2tlbmQiLCJfYXV0aF91c2VyX2hhc2giOiI2ZjQ5NzA5YTAyYzM4YTk1NGIwM2IzYjU5MzI4ZmYxODdlNDM4OTg4In0=	2021-12-23 18:48:25.825712+00
1vh5aj2uhjem3vekt7sjnjmdex6tvlbc	MDUzNmYzZjcxMTcwOTQzZDYyMjgxODgwNWVlYmEwMmQyZjlmYjBkMzp7Il9hdXRoX3VzZXJfaWQiOiIyNyIsIl9hdXRoX3VzZXJfYmFja2VuZCI6ImRqYW5nby5jb250cmliLmF1dGguYmFja2VuZHMuTW9kZWxCYWNrZW5kIiwiX2F1dGhfdXNlcl9oYXNoIjoiOTBiMDllM2NlNTY1ZDM2NzE0NDQxZjY3Y2UwZTg5NGE5MGIzZjMxNyJ9	2021-12-24 15:40:30.448265+00
87rzo3k0t0gkm6ze6ienz59lrk2tny96	ZjE1NTNjNjlkYTRiMWQzMjExNTRhM2UxNjY0ODYwZDIxMDhmNGFjMDp7Il9hdXRoX3VzZXJfaWQiOiI4IiwiX2F1dGhfdXNlcl9iYWNrZW5kIjoiZGphbmdvLmNvbnRyaWIuYXV0aC5iYWNrZW5kcy5Nb2RlbEJhY2tlbmQiLCJfYXV0aF91c2VyX2hhc2giOiIzNTVmMmIyNDY1ZDM1MzkxNDY1YTA0YmMxMjc0Yjg5M2Q2N2U1NDFhIn0=	2021-12-27 18:17:36.766754+00
d4jh6v2e5mkj1pgonanqn2c2cl0q9urp	NTEyOWYyNzM5MDE0OGM1YzhmNTAzMTVlZjQ2OTZkN2M1Zjc2M2IyMjp7Il9hdXRoX3VzZXJfaWQiOiI5IiwiX2F1dGhfdXNlcl9iYWNrZW5kIjoiZGphbmdvLmNvbnRyaWIuYXV0aC5iYWNrZW5kcy5Nb2RlbEJhY2tlbmQiLCJfYXV0aF91c2VyX2hhc2giOiI2ZjQ5NzA5YTAyYzM4YTk1NGIwM2IzYjU5MzI4ZmYxODdlNDM4OTg4In0=	2021-12-30 18:39:19.982688+00
k0iut8enpuh0y3l9namawwwo3crua2v0	MDUzNmYzZjcxMTcwOTQzZDYyMjgxODgwNWVlYmEwMmQyZjlmYjBkMzp7Il9hdXRoX3VzZXJfaWQiOiIyNyIsIl9hdXRoX3VzZXJfYmFja2VuZCI6ImRqYW5nby5jb250cmliLmF1dGguYmFja2VuZHMuTW9kZWxCYWNrZW5kIiwiX2F1dGhfdXNlcl9oYXNoIjoiOTBiMDllM2NlNTY1ZDM2NzE0NDQxZjY3Y2UwZTg5NGE5MGIzZjMxNyJ9	2021-12-30 18:39:37.260779+00
a4h9vxpivfa4da4a2k4cdg2q510j013r	Zjg2MDg3YjA1OTRlMDVmNWMxNDY3YWE0MDdjNmFjNDk2ODMxMmMyMzp7Il9hdXRoX3VzZXJfaWQiOiIxMiIsIl9hdXRoX3VzZXJfYmFja2VuZCI6ImRqYW5nby5jb250cmliLmF1dGguYmFja2VuZHMuTW9kZWxCYWNrZW5kIiwiX2F1dGhfdXNlcl9oYXNoIjoiNzNiZjY3NmRiOWFjODczYzcwMjgwODFlMGUzYTg2ZGRkMWEyODRiOCJ9	2021-12-31 21:43:08.292245+00
73kir9eol7c2gqalo8yv8ii2rv8dct7i	MTZkMTRlNGIwZjg0MzQ5NjMyNzEwZTZmYjc5YTk4NzU1ZTcwM2VmMDp7Il9hdXRoX3VzZXJfaWQiOiIxIiwiX2F1dGhfdXNlcl9iYWNrZW5kIjoiZGphbmdvLmNvbnRyaWIuYXV0aC5iYWNrZW5kcy5Nb2RlbEJhY2tlbmQiLCJfYXV0aF91c2VyX2hhc2giOiJmZDg0MzA5ZDlmYThjODdkNjJiNDI2YWFiNDVlODQ5YTQ4N2RmODJiIn0=	2022-01-03 23:15:31.441427+00
kc6soraga04hhjxkh3pv9q6go6c41jl8	MmZkODc4MGVmN2MzYmZjNDhhYTUzZjRmMTkyMzkxYzA5ZmY5NDI4Zjp7Il9hdXRoX3VzZXJfaWQiOiIzIiwiX2F1dGhfdXNlcl9iYWNrZW5kIjoiZGphbmdvLmNvbnRyaWIuYXV0aC5iYWNrZW5kcy5Nb2RlbEJhY2tlbmQiLCJfYXV0aF91c2VyX2hhc2giOiJlZTZmODYxNjhkZmY2YWE0NmI3NjIxNjY3NzRlYTI4ZWUyNmE2MjM0In0=	2022-01-04 21:34:07.854424+00
8faq1ws19dhps7tp0bjnj3abvmhf6uvy	MDUzNmYzZjcxMTcwOTQzZDYyMjgxODgwNWVlYmEwMmQyZjlmYjBkMzp7Il9hdXRoX3VzZXJfaWQiOiIyNyIsIl9hdXRoX3VzZXJfYmFja2VuZCI6ImRqYW5nby5jb250cmliLmF1dGguYmFja2VuZHMuTW9kZWxCYWNrZW5kIiwiX2F1dGhfdXNlcl9oYXNoIjoiOTBiMDllM2NlNTY1ZDM2NzE0NDQxZjY3Y2UwZTg5NGE5MGIzZjMxNyJ9	2022-01-07 15:47:18.178641+00
74ikv013bab68f0sqchrx4ygw0t2b24i	MTZkMTRlNGIwZjg0MzQ5NjMyNzEwZTZmYjc5YTk4NzU1ZTcwM2VmMDp7Il9hdXRoX3VzZXJfaWQiOiIxIiwiX2F1dGhfdXNlcl9iYWNrZW5kIjoiZGphbmdvLmNvbnRyaWIuYXV0aC5iYWNrZW5kcy5Nb2RlbEJhY2tlbmQiLCJfYXV0aF91c2VyX2hhc2giOiJmZDg0MzA5ZDlmYThjODdkNjJiNDI2YWFiNDVlODQ5YTQ4N2RmODJiIn0=	2022-01-07 19:33:08.171273+00
al7eoip8isezoz2rdy0k67957e8rwmn7	ZjE1NTNjNjlkYTRiMWQzMjExNTRhM2UxNjY0ODYwZDIxMDhmNGFjMDp7Il9hdXRoX3VzZXJfaWQiOiI4IiwiX2F1dGhfdXNlcl9iYWNrZW5kIjoiZGphbmdvLmNvbnRyaWIuYXV0aC5iYWNrZW5kcy5Nb2RlbEJhY2tlbmQiLCJfYXV0aF91c2VyX2hhc2giOiIzNTVmMmIyNDY1ZDM1MzkxNDY1YTA0YmMxMjc0Yjg5M2Q2N2U1NDFhIn0=	2022-01-18 14:53:32.739729+00
d22m6utws52ekurnbc58grw2xmbsmwap	MDUzNmYzZjcxMTcwOTQzZDYyMjgxODgwNWVlYmEwMmQyZjlmYjBkMzp7Il9hdXRoX3VzZXJfaWQiOiIyNyIsIl9hdXRoX3VzZXJfYmFja2VuZCI6ImRqYW5nby5jb250cmliLmF1dGguYmFja2VuZHMuTW9kZWxCYWNrZW5kIiwiX2F1dGhfdXNlcl9oYXNoIjoiOTBiMDllM2NlNTY1ZDM2NzE0NDQxZjY3Y2UwZTg5NGE5MGIzZjMxNyJ9	2022-01-24 16:40:00.429789+00
po4lalgmhbf1i0cypcl8jc61pvmjnj2k	ZDM4YTU2ZGU0NzEyZmFmZGI3NDAxYmQxODhhNzBiMDVhNWNjOTU5Mzp7Il9hdXRoX3VzZXJfaWQiOiIyMiIsIl9hdXRoX3VzZXJfYmFja2VuZCI6ImRqYW5nby5jb250cmliLmF1dGguYmFja2VuZHMuTW9kZWxCYWNrZW5kIiwiX2F1dGhfdXNlcl9oYXNoIjoiODhkZmJiYmNmZTQyNmY2ZWEwOTIzYjU0MTZmMmY3MWY2YzAzOTQwNiJ9	2022-02-11 17:50:19.950511+00
50tkvjfydfed07ilb86vyghgf7cxevbm	MTZkMTRlNGIwZjg0MzQ5NjMyNzEwZTZmYjc5YTk4NzU1ZTcwM2VmMDp7Il9hdXRoX3VzZXJfaWQiOiIxIiwiX2F1dGhfdXNlcl9iYWNrZW5kIjoiZGphbmdvLmNvbnRyaWIuYXV0aC5iYWNrZW5kcy5Nb2RlbEJhY2tlbmQiLCJfYXV0aF91c2VyX2hhc2giOiJmZDg0MzA5ZDlmYThjODdkNjJiNDI2YWFiNDVlODQ5YTQ4N2RmODJiIn0=	2022-01-27 18:37:13.772527+00
7hloqldcedotcqxk3vpmingjfgd5frt1	ZDM4YTU2ZGU0NzEyZmFmZGI3NDAxYmQxODhhNzBiMDVhNWNjOTU5Mzp7Il9hdXRoX3VzZXJfaWQiOiIyMiIsIl9hdXRoX3VzZXJfYmFja2VuZCI6ImRqYW5nby5jb250cmliLmF1dGguYmFja2VuZHMuTW9kZWxCYWNrZW5kIiwiX2F1dGhfdXNlcl9oYXNoIjoiODhkZmJiYmNmZTQyNmY2ZWEwOTIzYjU0MTZmMmY3MWY2YzAzOTQwNiJ9	2022-02-11 17:55:52.465794+00
wuugb31mthk10pyg38ehh4y0097j2cy6	MTk0ZWMzYmFiYWI5ZGZmNzk5NWM0YjFjZTVlZDMyMGZhMTljOTBmMzp7Il9hdXRoX3VzZXJfaWQiOiIyNCIsIl9hdXRoX3VzZXJfYmFja2VuZCI6ImRqYW5nby5jb250cmliLmF1dGguYmFja2VuZHMuTW9kZWxCYWNrZW5kIiwiX2F1dGhfdXNlcl9oYXNoIjoiMTI1NDhiOThkOTZlYTQ3YjhlZTE5M2JiYTMzNTNlZDJmYWFhZTY0MSJ9	2022-01-28 09:24:00.431872+00
puao6yt7ou0bl5ps0fn6bg9cxtd52u26	ZDM4YTU2ZGU0NzEyZmFmZGI3NDAxYmQxODhhNzBiMDVhNWNjOTU5Mzp7Il9hdXRoX3VzZXJfaWQiOiIyMiIsIl9hdXRoX3VzZXJfYmFja2VuZCI6ImRqYW5nby5jb250cmliLmF1dGguYmFja2VuZHMuTW9kZWxCYWNrZW5kIiwiX2F1dGhfdXNlcl9oYXNoIjoiODhkZmJiYmNmZTQyNmY2ZWEwOTIzYjU0MTZmMmY3MWY2YzAzOTQwNiJ9	2022-02-15 17:07:00.889855+00
38p5aqr3bd2lcbe1xjclqf6amjpfcvjp	NTEyOWYyNzM5MDE0OGM1YzhmNTAzMTVlZjQ2OTZkN2M1Zjc2M2IyMjp7Il9hdXRoX3VzZXJfaWQiOiI5IiwiX2F1dGhfdXNlcl9iYWNrZW5kIjoiZGphbmdvLmNvbnRyaWIuYXV0aC5iYWNrZW5kcy5Nb2RlbEJhY2tlbmQiLCJfYXV0aF91c2VyX2hhc2giOiI2ZjQ5NzA5YTAyYzM4YTk1NGIwM2IzYjU5MzI4ZmYxODdlNDM4OTg4In0=	2022-01-31 14:02:38.554368+00
9kl8fu2xzz18wz1yzbnpawgw02b4b26b	ZjE1NTNjNjlkYTRiMWQzMjExNTRhM2UxNjY0ODYwZDIxMDhmNGFjMDp7Il9hdXRoX3VzZXJfaWQiOiI4IiwiX2F1dGhfdXNlcl9iYWNrZW5kIjoiZGphbmdvLmNvbnRyaWIuYXV0aC5iYWNrZW5kcy5Nb2RlbEJhY2tlbmQiLCJfYXV0aF91c2VyX2hhc2giOiIzNTVmMmIyNDY1ZDM1MzkxNDY1YTA0YmMxMjc0Yjg5M2Q2N2U1NDFhIn0=	2022-02-07 15:35:38.499725+00
l2wa3bv6k83j0vso319ttsbif4t5byga	MDUzNmYzZjcxMTcwOTQzZDYyMjgxODgwNWVlYmEwMmQyZjlmYjBkMzp7Il9hdXRoX3VzZXJfaWQiOiIyNyIsIl9hdXRoX3VzZXJfYmFja2VuZCI6ImRqYW5nby5jb250cmliLmF1dGguYmFja2VuZHMuTW9kZWxCYWNrZW5kIiwiX2F1dGhfdXNlcl9oYXNoIjoiOTBiMDllM2NlNTY1ZDM2NzE0NDQxZjY3Y2UwZTg5NGE5MGIzZjMxNyJ9	2022-02-08 22:11:05.854276+00
9sb5n8pjsanocfmv27lxmkfrvnqpwfn0	MDUzNmYzZjcxMTcwOTQzZDYyMjgxODgwNWVlYmEwMmQyZjlmYjBkMzp7Il9hdXRoX3VzZXJfaWQiOiIyNyIsIl9hdXRoX3VzZXJfYmFja2VuZCI6ImRqYW5nby5jb250cmliLmF1dGguYmFja2VuZHMuTW9kZWxCYWNrZW5kIiwiX2F1dGhfdXNlcl9oYXNoIjoiOTBiMDllM2NlNTY1ZDM2NzE0NDQxZjY3Y2UwZTg5NGE5MGIzZjMxNyJ9	2022-02-08 22:11:06.03928+00
qmhqzyc7naq1ez2rmn40clbfcc9ay8cu	MTZkMTRlNGIwZjg0MzQ5NjMyNzEwZTZmYjc5YTk4NzU1ZTcwM2VmMDp7Il9hdXRoX3VzZXJfaWQiOiIxIiwiX2F1dGhfdXNlcl9iYWNrZW5kIjoiZGphbmdvLmNvbnRyaWIuYXV0aC5iYWNrZW5kcy5Nb2RlbEJhY2tlbmQiLCJfYXV0aF91c2VyX2hhc2giOiJmZDg0MzA5ZDlmYThjODdkNjJiNDI2YWFiNDVlODQ5YTQ4N2RmODJiIn0=	2022-02-18 16:29:23.505107+00
ukbiprtu85qp59t3k7ml08kzt05iupg5	MDUzNmYzZjcxMTcwOTQzZDYyMjgxODgwNWVlYmEwMmQyZjlmYjBkMzp7Il9hdXRoX3VzZXJfaWQiOiIyNyIsIl9hdXRoX3VzZXJfYmFja2VuZCI6ImRqYW5nby5jb250cmliLmF1dGguYmFja2VuZHMuTW9kZWxCYWNrZW5kIiwiX2F1dGhfdXNlcl9oYXNoIjoiOTBiMDllM2NlNTY1ZDM2NzE0NDQxZjY3Y2UwZTg5NGE5MGIzZjMxNyJ9	2022-02-24 15:40:06.090393+00
cr8yxkdfibevc92kxjavy9nmpdoqu0da	ZjE1NTNjNjlkYTRiMWQzMjExNTRhM2UxNjY0ODYwZDIxMDhmNGFjMDp7Il9hdXRoX3VzZXJfaWQiOiI4IiwiX2F1dGhfdXNlcl9iYWNrZW5kIjoiZGphbmdvLmNvbnRyaWIuYXV0aC5iYWNrZW5kcy5Nb2RlbEJhY2tlbmQiLCJfYXV0aF91c2VyX2hhc2giOiIzNTVmMmIyNDY1ZDM1MzkxNDY1YTA0YmMxMjc0Yjg5M2Q2N2U1NDFhIn0=	2022-02-28 03:18:56.440437+00
sryrqho9s74pu5c5jcaabsvuhkdfo7hv	ZjE1NTNjNjlkYTRiMWQzMjExNTRhM2UxNjY0ODYwZDIxMDhmNGFjMDp7Il9hdXRoX3VzZXJfaWQiOiI4IiwiX2F1dGhfdXNlcl9iYWNrZW5kIjoiZGphbmdvLmNvbnRyaWIuYXV0aC5iYWNrZW5kcy5Nb2RlbEJhY2tlbmQiLCJfYXV0aF91c2VyX2hhc2giOiIzNTVmMmIyNDY1ZDM1MzkxNDY1YTA0YmMxMjc0Yjg5M2Q2N2U1NDFhIn0=	2022-03-01 03:20:48.81188+00
65wsjon6wb8yv25zjzrcnu7b9zkhpspp	MTZkMTRlNGIwZjg0MzQ5NjMyNzEwZTZmYjc5YTk4NzU1ZTcwM2VmMDp7Il9hdXRoX3VzZXJfaWQiOiIxIiwiX2F1dGhfdXNlcl9iYWNrZW5kIjoiZGphbmdvLmNvbnRyaWIuYXV0aC5iYWNrZW5kcy5Nb2RlbEJhY2tlbmQiLCJfYXV0aF91c2VyX2hhc2giOiJmZDg0MzA5ZDlmYThjODdkNjJiNDI2YWFiNDVlODQ5YTQ4N2RmODJiIn0=	2022-03-08 16:29:08.686693+00
oy7lc29og5vc29my6cc8ph8js7e3y1sm	MTk0ZWMzYmFiYWI5ZGZmNzk5NWM0YjFjZTVlZDMyMGZhMTljOTBmMzp7Il9hdXRoX3VzZXJfaWQiOiIyNCIsIl9hdXRoX3VzZXJfYmFja2VuZCI6ImRqYW5nby5jb250cmliLmF1dGguYmFja2VuZHMuTW9kZWxCYWNrZW5kIiwiX2F1dGhfdXNlcl9oYXNoIjoiMTI1NDhiOThkOTZlYTQ3YjhlZTE5M2JiYTMzNTNlZDJmYWFhZTY0MSJ9	2022-03-09 10:03:18.90311+00
9r0vlcatf7jum0weyz27hlooob2t2syn	MDUzNmYzZjcxMTcwOTQzZDYyMjgxODgwNWVlYmEwMmQyZjlmYjBkMzp7Il9hdXRoX3VzZXJfaWQiOiIyNyIsIl9hdXRoX3VzZXJfYmFja2VuZCI6ImRqYW5nby5jb250cmliLmF1dGguYmFja2VuZHMuTW9kZWxCYWNrZW5kIiwiX2F1dGhfdXNlcl9oYXNoIjoiOTBiMDllM2NlNTY1ZDM2NzE0NDQxZjY3Y2UwZTg5NGE5MGIzZjMxNyJ9	2022-03-10 19:42:49.370314+00
4v1h222pxctur49lqw4im140p2xpeinm	NGUzYWExMjYzZDExM2NhNzA5NTYzYmRkNGE0YmM0ZGIzOWQ0MTE2OTp7Il9hdXRoX3VzZXJfaWQiOiI3IiwiX2F1dGhfdXNlcl9iYWNrZW5kIjoiZGphbmdvLmNvbnRyaWIuYXV0aC5iYWNrZW5kcy5Nb2RlbEJhY2tlbmQiLCJfYXV0aF91c2VyX2hhc2giOiI4ZTJhNmY3YjdkMGFjYmI2ZjYwYjBlZTQxNDQ5ODdjMjI0YjE0Y2ViIn0=	2022-03-10 19:51:11.110641+00
dzsgjjb96cu2mg6rwmswzldqhosfxhcz	MTZkMTRlNGIwZjg0MzQ5NjMyNzEwZTZmYjc5YTk4NzU1ZTcwM2VmMDp7Il9hdXRoX3VzZXJfaWQiOiIxIiwiX2F1dGhfdXNlcl9iYWNrZW5kIjoiZGphbmdvLmNvbnRyaWIuYXV0aC5iYWNrZW5kcy5Nb2RlbEJhY2tlbmQiLCJfYXV0aF91c2VyX2hhc2giOiJmZDg0MzA5ZDlmYThjODdkNjJiNDI2YWFiNDVlODQ5YTQ4N2RmODJiIn0=	2022-03-14 18:57:16.903365+00
ryw804g19956a4hh3f7j818ievoyxtpi	ZjE1NTNjNjlkYTRiMWQzMjExNTRhM2UxNjY0ODYwZDIxMDhmNGFjMDp7Il9hdXRoX3VzZXJfaWQiOiI4IiwiX2F1dGhfdXNlcl9iYWNrZW5kIjoiZGphbmdvLmNvbnRyaWIuYXV0aC5iYWNrZW5kcy5Nb2RlbEJhY2tlbmQiLCJfYXV0aF91c2VyX2hhc2giOiIzNTVmMmIyNDY1ZDM1MzkxNDY1YTA0YmMxMjc0Yjg5M2Q2N2U1NDFhIn0=	2022-03-18 03:24:59.534135+00
0yw0l814pwqhxsy74h8nx6pzsynzn9oa	MTk0ZWMzYmFiYWI5ZGZmNzk5NWM0YjFjZTVlZDMyMGZhMTljOTBmMzp7Il9hdXRoX3VzZXJfaWQiOiIyNCIsIl9hdXRoX3VzZXJfYmFja2VuZCI6ImRqYW5nby5jb250cmliLmF1dGguYmFja2VuZHMuTW9kZWxCYWNrZW5kIiwiX2F1dGhfdXNlcl9oYXNoIjoiMTI1NDhiOThkOTZlYTQ3YjhlZTE5M2JiYTMzNTNlZDJmYWFhZTY0MSJ9	2022-03-23 11:12:14.143713+00
gpwnvcz65d94vzkoddp4ijontd6t1x94	MTZkMTRlNGIwZjg0MzQ5NjMyNzEwZTZmYjc5YTk4NzU1ZTcwM2VmMDp7Il9hdXRoX3VzZXJfaWQiOiIxIiwiX2F1dGhfdXNlcl9iYWNrZW5kIjoiZGphbmdvLmNvbnRyaWIuYXV0aC5iYWNrZW5kcy5Nb2RlbEJhY2tlbmQiLCJfYXV0aF91c2VyX2hhc2giOiJmZDg0MzA5ZDlmYThjODdkNjJiNDI2YWFiNDVlODQ5YTQ4N2RmODJiIn0=	2022-03-23 23:38:28.5423+00
e8n53z8s07sduz18m01imk3dp3zy57y9	NGUzYWExMjYzZDExM2NhNzA5NTYzYmRkNGE0YmM0ZGIzOWQ0MTE2OTp7Il9hdXRoX3VzZXJfaWQiOiI3IiwiX2F1dGhfdXNlcl9iYWNrZW5kIjoiZGphbmdvLmNvbnRyaWIuYXV0aC5iYWNrZW5kcy5Nb2RlbEJhY2tlbmQiLCJfYXV0aF91c2VyX2hhc2giOiI4ZTJhNmY3YjdkMGFjYmI2ZjYwYjBlZTQxNDQ5ODdjMjI0YjE0Y2ViIn0=	2022-03-28 20:46:35.488863+00
qwrug92rm6apxyoff8d6ule6589ln61r	MDUzNmYzZjcxMTcwOTQzZDYyMjgxODgwNWVlYmEwMmQyZjlmYjBkMzp7Il9hdXRoX3VzZXJfaWQiOiIyNyIsIl9hdXRoX3VzZXJfYmFja2VuZCI6ImRqYW5nby5jb250cmliLmF1dGguYmFja2VuZHMuTW9kZWxCYWNrZW5kIiwiX2F1dGhfdXNlcl9oYXNoIjoiOTBiMDllM2NlNTY1ZDM2NzE0NDQxZjY3Y2UwZTg5NGE5MGIzZjMxNyJ9	2022-04-04 16:06:26.031491+00
uhfe39ljcundd548tzslxjcn10cl7cxb	MDUzNmYzZjcxMTcwOTQzZDYyMjgxODgwNWVlYmEwMmQyZjlmYjBkMzp7Il9hdXRoX3VzZXJfaWQiOiIyNyIsIl9hdXRoX3VzZXJfYmFja2VuZCI6ImRqYW5nby5jb250cmliLmF1dGguYmFja2VuZHMuTW9kZWxCYWNrZW5kIiwiX2F1dGhfdXNlcl9oYXNoIjoiOTBiMDllM2NlNTY1ZDM2NzE0NDQxZjY3Y2UwZTg5NGE5MGIzZjMxNyJ9	2022-04-04 16:06:26.205344+00
un9ftul82ab7w30mlfh6v6bpgjnig8gz	ZjE1NTNjNjlkYTRiMWQzMjExNTRhM2UxNjY0ODYwZDIxMDhmNGFjMDp7Il9hdXRoX3VzZXJfaWQiOiI4IiwiX2F1dGhfdXNlcl9iYWNrZW5kIjoiZGphbmdvLmNvbnRyaWIuYXV0aC5iYWNrZW5kcy5Nb2RlbEJhY2tlbmQiLCJfYXV0aF91c2VyX2hhc2giOiIzNTVmMmIyNDY1ZDM1MzkxNDY1YTA0YmMxMjc0Yjg5M2Q2N2U1NDFhIn0=	2022-05-05 02:20:04.887941+00
ypzpt0mpcl6g18y0mchnqh8prhvre20s	MTk0ZWMzYmFiYWI5ZGZmNzk5NWM0YjFjZTVlZDMyMGZhMTljOTBmMzp7Il9hdXRoX3VzZXJfaWQiOiIyNCIsIl9hdXRoX3VzZXJfYmFja2VuZCI6ImRqYW5nby5jb250cmliLmF1dGguYmFja2VuZHMuTW9kZWxCYWNrZW5kIiwiX2F1dGhfdXNlcl9oYXNoIjoiMTI1NDhiOThkOTZlYTQ3YjhlZTE5M2JiYTMzNTNlZDJmYWFhZTY0MSJ9	2022-05-05 07:33:53.688157+00
bw7jk3zg8c9oe07fd5naozx1ome5owm5	ZjE1NTNjNjlkYTRiMWQzMjExNTRhM2UxNjY0ODYwZDIxMDhmNGFjMDp7Il9hdXRoX3VzZXJfaWQiOiI4IiwiX2F1dGhfdXNlcl9iYWNrZW5kIjoiZGphbmdvLmNvbnRyaWIuYXV0aC5iYWNrZW5kcy5Nb2RlbEJhY2tlbmQiLCJfYXV0aF91c2VyX2hhc2giOiIzNTVmMmIyNDY1ZDM1MzkxNDY1YTA0YmMxMjc0Yjg5M2Q2N2U1NDFhIn0=	2022-05-05 13:13:22.497554+00
1e9zref8biysnt9jn2ja8f1rz06do9dd	NWFmOWNhNGQ3ZTIwNTBmMDZlMzMxZGJjNDNiZDlkZTc4YTdhZmJjYzp7Il9hdXRoX3VzZXJfaWQiOiIzMSIsIl9hdXRoX3VzZXJfYmFja2VuZCI6ImRqYW5nby5jb250cmliLmF1dGguYmFja2VuZHMuTW9kZWxCYWNrZW5kIiwiX2F1dGhfdXNlcl9oYXNoIjoiYjNmNWZmYmU0MzM4ZDRjMTVkMjU3NDdlNmFlNDlmZDYxYTJkZDliOSJ9	2022-05-10 19:03:19.395554+00
psfzdeac8k6vgjjyvg5x9pdsvh081oo7	MDUzNmYzZjcxMTcwOTQzZDYyMjgxODgwNWVlYmEwMmQyZjlmYjBkMzp7Il9hdXRoX3VzZXJfaWQiOiIyNyIsIl9hdXRoX3VzZXJfYmFja2VuZCI6ImRqYW5nby5jb250cmliLmF1dGguYmFja2VuZHMuTW9kZWxCYWNrZW5kIiwiX2F1dGhfdXNlcl9oYXNoIjoiOTBiMDllM2NlNTY1ZDM2NzE0NDQxZjY3Y2UwZTg5NGE5MGIzZjMxNyJ9	2022-05-12 14:52:00.263498+00
dftj0wl1vd4zdxzb1gbp6uhu2tzo8539	ZjE1NTNjNjlkYTRiMWQzMjExNTRhM2UxNjY0ODYwZDIxMDhmNGFjMDp7Il9hdXRoX3VzZXJfaWQiOiI4IiwiX2F1dGhfdXNlcl9iYWNrZW5kIjoiZGphbmdvLmNvbnRyaWIuYXV0aC5iYWNrZW5kcy5Nb2RlbEJhY2tlbmQiLCJfYXV0aF91c2VyX2hhc2giOiIzNTVmMmIyNDY1ZDM1MzkxNDY1YTA0YmMxMjc0Yjg5M2Q2N2U1NDFhIn0=	2022-05-17 02:05:00.683692+00
kp1j3dzzw6p5m6tdg7odjoe6z4s6azjn	MTk0ZWMzYmFiYWI5ZGZmNzk5NWM0YjFjZTVlZDMyMGZhMTljOTBmMzp7Il9hdXRoX3VzZXJfaWQiOiIyNCIsIl9hdXRoX3VzZXJfYmFja2VuZCI6ImRqYW5nby5jb250cmliLmF1dGguYmFja2VuZHMuTW9kZWxCYWNrZW5kIiwiX2F1dGhfdXNlcl9oYXNoIjoiMTI1NDhiOThkOTZlYTQ3YjhlZTE5M2JiYTMzNTNlZDJmYWFhZTY0MSJ9	2022-05-19 14:27:51.052163+00
e7xfm1yckjq7kz8lhtadm4ktoxa1w91w	ZjE1NTNjNjlkYTRiMWQzMjExNTRhM2UxNjY0ODYwZDIxMDhmNGFjMDp7Il9hdXRoX3VzZXJfaWQiOiI4IiwiX2F1dGhfdXNlcl9iYWNrZW5kIjoiZGphbmdvLmNvbnRyaWIuYXV0aC5iYWNrZW5kcy5Nb2RlbEJhY2tlbmQiLCJfYXV0aF91c2VyX2hhc2giOiIzNTVmMmIyNDY1ZDM1MzkxNDY1YTA0YmMxMjc0Yjg5M2Q2N2U1NDFhIn0=	2022-05-25 15:05:26.16762+00
ru7sma4oqubvduh3m9xqzeuprximi0dx	NWFmOWNhNGQ3ZTIwNTBmMDZlMzMxZGJjNDNiZDlkZTc4YTdhZmJjYzp7Il9hdXRoX3VzZXJfaWQiOiIzMSIsIl9hdXRoX3VzZXJfYmFja2VuZCI6ImRqYW5nby5jb250cmliLmF1dGguYmFja2VuZHMuTW9kZWxCYWNrZW5kIiwiX2F1dGhfdXNlcl9oYXNoIjoiYjNmNWZmYmU0MzM4ZDRjMTVkMjU3NDdlNmFlNDlmZDYxYTJkZDliOSJ9	2022-05-26 17:01:48.856128+00
p8gk26nr2nz67iypiai1fyoiiun44rhh	NWFmOWNhNGQ3ZTIwNTBmMDZlMzMxZGJjNDNiZDlkZTc4YTdhZmJjYzp7Il9hdXRoX3VzZXJfaWQiOiIzMSIsIl9hdXRoX3VzZXJfYmFja2VuZCI6ImRqYW5nby5jb250cmliLmF1dGguYmFja2VuZHMuTW9kZWxCYWNrZW5kIiwiX2F1dGhfdXNlcl9oYXNoIjoiYjNmNWZmYmU0MzM4ZDRjMTVkMjU3NDdlNmFlNDlmZDYxYTJkZDliOSJ9	2022-05-30 15:56:25.357149+00
vnl3g481u7ndbl2nb9ofgw49u0zivsww	MTZkMTRlNGIwZjg0MzQ5NjMyNzEwZTZmYjc5YTk4NzU1ZTcwM2VmMDp7Il9hdXRoX3VzZXJfaWQiOiIxIiwiX2F1dGhfdXNlcl9iYWNrZW5kIjoiZGphbmdvLmNvbnRyaWIuYXV0aC5iYWNrZW5kcy5Nb2RlbEJhY2tlbmQiLCJfYXV0aF91c2VyX2hhc2giOiJmZDg0MzA5ZDlmYThjODdkNjJiNDI2YWFiNDVlODQ5YTQ4N2RmODJiIn0=	2022-05-30 18:02:11.501999+00
5b7ryc8hextr1csozq7awruel76yu9yb	NWFmOWNhNGQ3ZTIwNTBmMDZlMzMxZGJjNDNiZDlkZTc4YTdhZmJjYzp7Il9hdXRoX3VzZXJfaWQiOiIzMSIsIl9hdXRoX3VzZXJfYmFja2VuZCI6ImRqYW5nby5jb250cmliLmF1dGguYmFja2VuZHMuTW9kZWxCYWNrZW5kIiwiX2F1dGhfdXNlcl9oYXNoIjoiYjNmNWZmYmU0MzM4ZDRjMTVkMjU3NDdlNmFlNDlmZDYxYTJkZDliOSJ9	2022-05-31 20:11:14.494271+00
6b7qrcw4bkgl2ppgojf8p4t97afjcp9r	MDUzNmYzZjcxMTcwOTQzZDYyMjgxODgwNWVlYmEwMmQyZjlmYjBkMzp7Il9hdXRoX3VzZXJfaWQiOiIyNyIsIl9hdXRoX3VzZXJfYmFja2VuZCI6ImRqYW5nby5jb250cmliLmF1dGguYmFja2VuZHMuTW9kZWxCYWNrZW5kIiwiX2F1dGhfdXNlcl9oYXNoIjoiOTBiMDllM2NlNTY1ZDM2NzE0NDQxZjY3Y2UwZTg5NGE5MGIzZjMxNyJ9	2022-06-07 20:00:42.046618+00
9de713rsbb9npr02r7pvzhor2y76mntj	NWFmOWNhNGQ3ZTIwNTBmMDZlMzMxZGJjNDNiZDlkZTc4YTdhZmJjYzp7Il9hdXRoX3VzZXJfaWQiOiIzMSIsIl9hdXRoX3VzZXJfYmFja2VuZCI6ImRqYW5nby5jb250cmliLmF1dGguYmFja2VuZHMuTW9kZWxCYWNrZW5kIiwiX2F1dGhfdXNlcl9oYXNoIjoiYjNmNWZmYmU0MzM4ZDRjMTVkMjU3NDdlNmFlNDlmZDYxYTJkZDliOSJ9	2022-06-15 20:14:54.705981+00
x0d3bsn2mw8aygi45t680k0nhti46j5p	MTZkMTRlNGIwZjg0MzQ5NjMyNzEwZTZmYjc5YTk4NzU1ZTcwM2VmMDp7Il9hdXRoX3VzZXJfaWQiOiIxIiwiX2F1dGhfdXNlcl9iYWNrZW5kIjoiZGphbmdvLmNvbnRyaWIuYXV0aC5iYWNrZW5kcy5Nb2RlbEJhY2tlbmQiLCJfYXV0aF91c2VyX2hhc2giOiJmZDg0MzA5ZDlmYThjODdkNjJiNDI2YWFiNDVlODQ5YTQ4N2RmODJiIn0=	2022-06-15 22:29:02.776011+00
2ppa44mujy1i7k87anf8vpiaxkjlujmm	ZjE1NTNjNjlkYTRiMWQzMjExNTRhM2UxNjY0ODYwZDIxMDhmNGFjMDp7Il9hdXRoX3VzZXJfaWQiOiI4IiwiX2F1dGhfdXNlcl9iYWNrZW5kIjoiZGphbmdvLmNvbnRyaWIuYXV0aC5iYWNrZW5kcy5Nb2RlbEJhY2tlbmQiLCJfYXV0aF91c2VyX2hhc2giOiIzNTVmMmIyNDY1ZDM1MzkxNDY1YTA0YmMxMjc0Yjg5M2Q2N2U1NDFhIn0=	2022-06-28 14:16:25.59024+00
oz4l3wwzdoaq6984amazm2xod99blshj	OGQ5MDExMzcxOTA2MzM5NTFmMDlkMjhjOGUxZWQ1YWMzNTRhMGM5Mzp7Il9hdXRoX3VzZXJfaWQiOiIyOCIsIl9hdXRoX3VzZXJfYmFja2VuZCI6ImRqYW5nby5jb250cmliLmF1dGguYmFja2VuZHMuTW9kZWxCYWNrZW5kIiwiX2F1dGhfdXNlcl9oYXNoIjoiNWY1NjQ4NmM1NDM1YTAyN2U2OWI2Y2E2YjZmMzMxMDJiMzMyZWU3MCJ9	2022-06-28 17:47:51.504704+00
905ecqeauxdssan0aandrakpgdocv9cu	OGQ5MDExMzcxOTA2MzM5NTFmMDlkMjhjOGUxZWQ1YWMzNTRhMGM5Mzp7Il9hdXRoX3VzZXJfaWQiOiIyOCIsIl9hdXRoX3VzZXJfYmFja2VuZCI6ImRqYW5nby5jb250cmliLmF1dGguYmFja2VuZHMuTW9kZWxCYWNrZW5kIiwiX2F1dGhfdXNlcl9oYXNoIjoiNWY1NjQ4NmM1NDM1YTAyN2U2OWI2Y2E2YjZmMzMxMDJiMzMyZWU3MCJ9	2022-06-28 17:48:03.249231+00
zzqar7goj20xv30w7xgq1l1mxrht8bsx	NWFmOWNhNGQ3ZTIwNTBmMDZlMzMxZGJjNDNiZDlkZTc4YTdhZmJjYzp7Il9hdXRoX3VzZXJfaWQiOiIzMSIsIl9hdXRoX3VzZXJfYmFja2VuZCI6ImRqYW5nby5jb250cmliLmF1dGguYmFja2VuZHMuTW9kZWxCYWNrZW5kIiwiX2F1dGhfdXNlcl9oYXNoIjoiYjNmNWZmYmU0MzM4ZDRjMTVkMjU3NDdlNmFlNDlmZDYxYTJkZDliOSJ9	2022-06-30 17:58:45.446929+00
ru59bxsj9fmfwr7lw4ksu6r3xxsk0hwk	MTZkMTRlNGIwZjg0MzQ5NjMyNzEwZTZmYjc5YTk4NzU1ZTcwM2VmMDp7Il9hdXRoX3VzZXJfaWQiOiIxIiwiX2F1dGhfdXNlcl9iYWNrZW5kIjoiZGphbmdvLmNvbnRyaWIuYXV0aC5iYWNrZW5kcy5Nb2RlbEJhY2tlbmQiLCJfYXV0aF91c2VyX2hhc2giOiJmZDg0MzA5ZDlmYThjODdkNjJiNDI2YWFiNDVlODQ5YTQ4N2RmODJiIn0=	2022-06-30 19:24:04.260755+00
b41n0tpfstg8j5p7ft5vxz3qg9swo1nz	ZjE1NTNjNjlkYTRiMWQzMjExNTRhM2UxNjY0ODYwZDIxMDhmNGFjMDp7Il9hdXRoX3VzZXJfaWQiOiI4IiwiX2F1dGhfdXNlcl9iYWNrZW5kIjoiZGphbmdvLmNvbnRyaWIuYXV0aC5iYWNrZW5kcy5Nb2RlbEJhY2tlbmQiLCJfYXV0aF91c2VyX2hhc2giOiIzNTVmMmIyNDY1ZDM1MzkxNDY1YTA0YmMxMjc0Yjg5M2Q2N2U1NDFhIn0=	2022-08-19 15:40:06.331518+00
9lax2d8126zwh7nw1d6vnsc1gy0yrady	ZDM4YTU2ZGU0NzEyZmFmZGI3NDAxYmQxODhhNzBiMDVhNWNjOTU5Mzp7Il9hdXRoX3VzZXJfaWQiOiIyMiIsIl9hdXRoX3VzZXJfYmFja2VuZCI6ImRqYW5nby5jb250cmliLmF1dGguYmFja2VuZHMuTW9kZWxCYWNrZW5kIiwiX2F1dGhfdXNlcl9oYXNoIjoiODhkZmJiYmNmZTQyNmY2ZWEwOTIzYjU0MTZmMmY3MWY2YzAzOTQwNiJ9	2022-07-01 18:23:11.112974+00
xb942n65g66icdf63q22tovwdy1th5p2	ZDM4YTU2ZGU0NzEyZmFmZGI3NDAxYmQxODhhNzBiMDVhNWNjOTU5Mzp7Il9hdXRoX3VzZXJfaWQiOiIyMiIsIl9hdXRoX3VzZXJfYmFja2VuZCI6ImRqYW5nby5jb250cmliLmF1dGguYmFja2VuZHMuTW9kZWxCYWNrZW5kIiwiX2F1dGhfdXNlcl9oYXNoIjoiODhkZmJiYmNmZTQyNmY2ZWEwOTIzYjU0MTZmMmY3MWY2YzAzOTQwNiJ9	2022-08-19 19:52:00.247085+00
htnnis3aylexstesscl8jb96j513pqka	MTZkMTRlNGIwZjg0MzQ5NjMyNzEwZTZmYjc5YTk4NzU1ZTcwM2VmMDp7Il9hdXRoX3VzZXJfaWQiOiIxIiwiX2F1dGhfdXNlcl9iYWNrZW5kIjoiZGphbmdvLmNvbnRyaWIuYXV0aC5iYWNrZW5kcy5Nb2RlbEJhY2tlbmQiLCJfYXV0aF91c2VyX2hhc2giOiJmZDg0MzA5ZDlmYThjODdkNjJiNDI2YWFiNDVlODQ5YTQ4N2RmODJiIn0=	2022-07-01 19:21:09.418346+00
sgoz85atz54aafxwlq7vbi1nxwedknzn	MGU4ZTI5NWZkZDVmMzQ3ZTJkMmQxMjcyY2FhZTExZTNjZjA3NjFlMDp7Il9hdXRoX3VzZXJfaWQiOiIyOCIsIl9hdXRoX3VzZXJfYmFja2VuZCI6ImRqYW5nby5jb250cmliLmF1dGguYmFja2VuZHMuTW9kZWxCYWNrZW5kIiwiX2F1dGhfdXNlcl9oYXNoIjoiNDVhYjJiYTdlMzdlMTlkNzFjY2U2ZTE5ZTYyNjcyODEwMTM0MjFlYiJ9	2022-08-23 18:24:33.248406+00
etcd6tis8phvs7lxu6l0t4wj3zn019q2	ZjE1NTNjNjlkYTRiMWQzMjExNTRhM2UxNjY0ODYwZDIxMDhmNGFjMDp7Il9hdXRoX3VzZXJfaWQiOiI4IiwiX2F1dGhfdXNlcl9iYWNrZW5kIjoiZGphbmdvLmNvbnRyaWIuYXV0aC5iYWNrZW5kcy5Nb2RlbEJhY2tlbmQiLCJfYXV0aF91c2VyX2hhc2giOiIzNTVmMmIyNDY1ZDM1MzkxNDY1YTA0YmMxMjc0Yjg5M2Q2N2U1NDFhIn0=	2022-07-13 14:21:12.127136+00
4j83xlrjr6ninaqqbewd93bmea4y0ctb	NWFmOWNhNGQ3ZTIwNTBmMDZlMzMxZGJjNDNiZDlkZTc4YTdhZmJjYzp7Il9hdXRoX3VzZXJfaWQiOiIzMSIsIl9hdXRoX3VzZXJfYmFja2VuZCI6ImRqYW5nby5jb250cmliLmF1dGguYmFja2VuZHMuTW9kZWxCYWNrZW5kIiwiX2F1dGhfdXNlcl9oYXNoIjoiYjNmNWZmYmU0MzM4ZDRjMTVkMjU3NDdlNmFlNDlmZDYxYTJkZDliOSJ9	2022-07-23 19:51:05.308906+00
nvpw9ufaql6zjt9043u841ao3cq23zsd	ZjE1NTNjNjlkYTRiMWQzMjExNTRhM2UxNjY0ODYwZDIxMDhmNGFjMDp7Il9hdXRoX3VzZXJfaWQiOiI4IiwiX2F1dGhfdXNlcl9iYWNrZW5kIjoiZGphbmdvLmNvbnRyaWIuYXV0aC5iYWNrZW5kcy5Nb2RlbEJhY2tlbmQiLCJfYXV0aF91c2VyX2hhc2giOiIzNTVmMmIyNDY1ZDM1MzkxNDY1YTA0YmMxMjc0Yjg5M2Q2N2U1NDFhIn0=	2022-08-24 13:28:16.512732+00
1a3wn0d3rdhhplry11aqshchl6llbubu	MTZkMTRlNGIwZjg0MzQ5NjMyNzEwZTZmYjc5YTk4NzU1ZTcwM2VmMDp7Il9hdXRoX3VzZXJfaWQiOiIxIiwiX2F1dGhfdXNlcl9iYWNrZW5kIjoiZGphbmdvLmNvbnRyaWIuYXV0aC5iYWNrZW5kcy5Nb2RlbEJhY2tlbmQiLCJfYXV0aF91c2VyX2hhc2giOiJmZDg0MzA5ZDlmYThjODdkNjJiNDI2YWFiNDVlODQ5YTQ4N2RmODJiIn0=	2022-07-26 20:45:19.59582+00
b1oz4wme62jvq09s9nr0pz5w7j0fr5k6	ZDM4YTU2ZGU0NzEyZmFmZGI3NDAxYmQxODhhNzBiMDVhNWNjOTU5Mzp7Il9hdXRoX3VzZXJfaWQiOiIyMiIsIl9hdXRoX3VzZXJfYmFja2VuZCI6ImRqYW5nby5jb250cmliLmF1dGguYmFja2VuZHMuTW9kZWxCYWNrZW5kIiwiX2F1dGhfdXNlcl9oYXNoIjoiODhkZmJiYmNmZTQyNmY2ZWEwOTIzYjU0MTZmMmY3MWY2YzAzOTQwNiJ9	2022-08-25 20:02:45.950041+00
1f9io33p5s4n2wxdnkeayvzzx4i1apdj	MTk0ZWMzYmFiYWI5ZGZmNzk5NWM0YjFjZTVlZDMyMGZhMTljOTBmMzp7Il9hdXRoX3VzZXJfaWQiOiIyNCIsIl9hdXRoX3VzZXJfYmFja2VuZCI6ImRqYW5nby5jb250cmliLmF1dGguYmFja2VuZHMuTW9kZWxCYWNrZW5kIiwiX2F1dGhfdXNlcl9oYXNoIjoiMTI1NDhiOThkOTZlYTQ3YjhlZTE5M2JiYTMzNTNlZDJmYWFhZTY0MSJ9	2022-07-27 08:48:29.043164+00
sfqvodpo35d8671jbc43mjh1cybw2wie	MTk0ZWMzYmFiYWI5ZGZmNzk5NWM0YjFjZTVlZDMyMGZhMTljOTBmMzp7Il9hdXRoX3VzZXJfaWQiOiIyNCIsIl9hdXRoX3VzZXJfYmFja2VuZCI6ImRqYW5nby5jb250cmliLmF1dGguYmFja2VuZHMuTW9kZWxCYWNrZW5kIiwiX2F1dGhfdXNlcl9oYXNoIjoiMTI1NDhiOThkOTZlYTQ3YjhlZTE5M2JiYTMzNTNlZDJmYWFhZTY0MSJ9	2022-08-29 15:09:24.313302+00
cdeb3ovgvqzww153fw03k16prc7ds91o	Zjg2MDg3YjA1OTRlMDVmNWMxNDY3YWE0MDdjNmFjNDk2ODMxMmMyMzp7Il9hdXRoX3VzZXJfaWQiOiIxMiIsIl9hdXRoX3VzZXJfYmFja2VuZCI6ImRqYW5nby5jb250cmliLmF1dGguYmFja2VuZHMuTW9kZWxCYWNrZW5kIiwiX2F1dGhfdXNlcl9oYXNoIjoiNzNiZjY3NmRiOWFjODczYzcwMjgwODFlMGUzYTg2ZGRkMWEyODRiOCJ9	2022-07-29 14:16:11.587873+00
m78mg7uaugtkcg79wo3xafb7nn7ae81n	MTk0ZWMzYmFiYWI5ZGZmNzk5NWM0YjFjZTVlZDMyMGZhMTljOTBmMzp7Il9hdXRoX3VzZXJfaWQiOiIyNCIsIl9hdXRoX3VzZXJfYmFja2VuZCI6ImRqYW5nby5jb250cmliLmF1dGguYmFja2VuZHMuTW9kZWxCYWNrZW5kIiwiX2F1dGhfdXNlcl9oYXNoIjoiMTI1NDhiOThkOTZlYTQ3YjhlZTE5M2JiYTMzNTNlZDJmYWFhZTY0MSJ9	2022-08-29 15:09:24.488385+00
9tqnakobyi5rshcunjtfbxnommhxvkdi	ZjE1NTNjNjlkYTRiMWQzMjExNTRhM2UxNjY0ODYwZDIxMDhmNGFjMDp7Il9hdXRoX3VzZXJfaWQiOiI4IiwiX2F1dGhfdXNlcl9iYWNrZW5kIjoiZGphbmdvLmNvbnRyaWIuYXV0aC5iYWNrZW5kcy5Nb2RlbEJhY2tlbmQiLCJfYXV0aF91c2VyX2hhc2giOiIzNTVmMmIyNDY1ZDM1MzkxNDY1YTA0YmMxMjc0Yjg5M2Q2N2U1NDFhIn0=	2022-08-01 14:56:43.921625+00
3mygvoumlps5tzmrqn923zwcg73j1pk9	ZDM4YTU2ZGU0NzEyZmFmZGI3NDAxYmQxODhhNzBiMDVhNWNjOTU5Mzp7Il9hdXRoX3VzZXJfaWQiOiIyMiIsIl9hdXRoX3VzZXJfYmFja2VuZCI6ImRqYW5nby5jb250cmliLmF1dGguYmFja2VuZHMuTW9kZWxCYWNrZW5kIiwiX2F1dGhfdXNlcl9oYXNoIjoiODhkZmJiYmNmZTQyNmY2ZWEwOTIzYjU0MTZmMmY3MWY2YzAzOTQwNiJ9	2022-08-02 15:16:45.345792+00
oothnw7257po055enltia0xuzmthdnqf	MDUzNmYzZjcxMTcwOTQzZDYyMjgxODgwNWVlYmEwMmQyZjlmYjBkMzp7Il9hdXRoX3VzZXJfaWQiOiIyNyIsIl9hdXRoX3VzZXJfYmFja2VuZCI6ImRqYW5nby5jb250cmliLmF1dGguYmFja2VuZHMuTW9kZWxCYWNrZW5kIiwiX2F1dGhfdXNlcl9oYXNoIjoiOTBiMDllM2NlNTY1ZDM2NzE0NDQxZjY3Y2UwZTg5NGE5MGIzZjMxNyJ9	2022-09-02 13:18:44.060667+00
3gvoeq078njk8yq2thqiocsx0cupi4w3	MTZkMTRlNGIwZjg0MzQ5NjMyNzEwZTZmYjc5YTk4NzU1ZTcwM2VmMDp7Il9hdXRoX3VzZXJfaWQiOiIxIiwiX2F1dGhfdXNlcl9iYWNrZW5kIjoiZGphbmdvLmNvbnRyaWIuYXV0aC5iYWNrZW5kcy5Nb2RlbEJhY2tlbmQiLCJfYXV0aF91c2VyX2hhc2giOiJmZDg0MzA5ZDlmYThjODdkNjJiNDI2YWFiNDVlODQ5YTQ4N2RmODJiIn0=	2022-09-02 17:22:15.682984+00
r1fhq56idaqn9j4p8k9jnpfbox3go5ab	MTk0ZWMzYmFiYWI5ZGZmNzk5NWM0YjFjZTVlZDMyMGZhMTljOTBmMzp7Il9hdXRoX3VzZXJfaWQiOiIyNCIsIl9hdXRoX3VzZXJfYmFja2VuZCI6ImRqYW5nby5jb250cmliLmF1dGguYmFja2VuZHMuTW9kZWxCYWNrZW5kIiwiX2F1dGhfdXNlcl9oYXNoIjoiMTI1NDhiOThkOTZlYTQ3YjhlZTE5M2JiYTMzNTNlZDJmYWFhZTY0MSJ9	2022-08-13 08:54:02.291845+00
3rg52sboumdjs77pudk9szx2rgtdru3z	MDUzNmYzZjcxMTcwOTQzZDYyMjgxODgwNWVlYmEwMmQyZjlmYjBkMzp7Il9hdXRoX3VzZXJfaWQiOiIyNyIsIl9hdXRoX3VzZXJfYmFja2VuZCI6ImRqYW5nby5jb250cmliLmF1dGguYmFja2VuZHMuTW9kZWxCYWNrZW5kIiwiX2F1dGhfdXNlcl9oYXNoIjoiOTBiMDllM2NlNTY1ZDM2NzE0NDQxZjY3Y2UwZTg5NGE5MGIzZjMxNyJ9	2022-09-16 20:51:58.603672+00
0sfjzaacrilc6tjz9y9yef5pecwmgiv2	MDUzNmYzZjcxMTcwOTQzZDYyMjgxODgwNWVlYmEwMmQyZjlmYjBkMzp7Il9hdXRoX3VzZXJfaWQiOiIyNyIsIl9hdXRoX3VzZXJfYmFja2VuZCI6ImRqYW5nby5jb250cmliLmF1dGguYmFja2VuZHMuTW9kZWxCYWNrZW5kIiwiX2F1dGhfdXNlcl9oYXNoIjoiOTBiMDllM2NlNTY1ZDM2NzE0NDQxZjY3Y2UwZTg5NGE5MGIzZjMxNyJ9	2022-08-16 14:01:29.658447+00
7v70axel2zpn94jzzg49tlali20jd4ia	MTZkMTRlNGIwZjg0MzQ5NjMyNzEwZTZmYjc5YTk4NzU1ZTcwM2VmMDp7Il9hdXRoX3VzZXJfaWQiOiIxIiwiX2F1dGhfdXNlcl9iYWNrZW5kIjoiZGphbmdvLmNvbnRyaWIuYXV0aC5iYWNrZW5kcy5Nb2RlbEJhY2tlbmQiLCJfYXV0aF91c2VyX2hhc2giOiJmZDg0MzA5ZDlmYThjODdkNjJiNDI2YWFiNDVlODQ5YTQ4N2RmODJiIn0=	2022-08-17 14:18:28.760795+00
a39ucrfbxr4l3b3jlll4f0q8wbo7a09w	MDUzNmYzZjcxMTcwOTQzZDYyMjgxODgwNWVlYmEwMmQyZjlmYjBkMzp7Il9hdXRoX3VzZXJfaWQiOiIyNyIsIl9hdXRoX3VzZXJfYmFja2VuZCI6ImRqYW5nby5jb250cmliLmF1dGguYmFja2VuZHMuTW9kZWxCYWNrZW5kIiwiX2F1dGhfdXNlcl9oYXNoIjoiOTBiMDllM2NlNTY1ZDM2NzE0NDQxZjY3Y2UwZTg5NGE5MGIzZjMxNyJ9	2022-09-16 20:51:58.805163+00
3qeft9v9ida30tg0ndub3cp604o10dx0	YzAzY2Q4MmJiMjliZTNiMmFmOWI5ZTAwMDA2NzVmNWJjMDQ3ZGMwYzp7Il9hdXRoX3VzZXJfaWQiOiIzMyIsIl9hdXRoX3VzZXJfYmFja2VuZCI6ImRqYW5nby5jb250cmliLmF1dGguYmFja2VuZHMuTW9kZWxCYWNrZW5kIiwiX2F1dGhfdXNlcl9oYXNoIjoiODU4ZTc3Nzc1OWU5ODRmZmEzY2Q5ZGUyYWEzZmE5NTkzOTIxNTE5NiJ9	2023-08-10 14:32:44.889254+00
9c2o7j7j1lj38jzy92jbwp7qx9d8620p	NGUzYWExMjYzZDExM2NhNzA5NTYzYmRkNGE0YmM0ZGIzOWQ0MTE2OTp7Il9hdXRoX3VzZXJfaWQiOiI3IiwiX2F1dGhfdXNlcl9iYWNrZW5kIjoiZGphbmdvLmNvbnRyaWIuYXV0aC5iYWNrZW5kcy5Nb2RlbEJhY2tlbmQiLCJfYXV0aF91c2VyX2hhc2giOiI4ZTJhNmY3YjdkMGFjYmI2ZjYwYjBlZTQxNDQ5ODdjMjI0YjE0Y2ViIn0=	2022-09-20 19:02:58.529368+00
k0bh08yksih6bva3mcogix31f8erk3qp	MzAyOTI5MzI3OGMzNWUyZjc5NzYzN2I4M2NhZWFmNTE0YTBhM2UyMTp7Il9hdXRoX3VzZXJfaWQiOiIzMiIsIl9hdXRoX3VzZXJfYmFja2VuZCI6ImRqYW5nby5jb250cmliLmF1dGguYmFja2VuZHMuTW9kZWxCYWNrZW5kIiwiX2F1dGhfdXNlcl9oYXNoIjoiOTVkNGUxMzYwOTY3NmU4NTU2MjYyNGIzMzg1NTI5NTk4MTA5ODJmMyJ9	2023-03-20 20:25:38.875355+00
zini0h2fl029pz8jl1sgeqawrdpzbyh0	MTZkMTRlNGIwZjg0MzQ5NjMyNzEwZTZmYjc5YTk4NzU1ZTcwM2VmMDp7Il9hdXRoX3VzZXJfaWQiOiIxIiwiX2F1dGhfdXNlcl9iYWNrZW5kIjoiZGphbmdvLmNvbnRyaWIuYXV0aC5iYWNrZW5kcy5Nb2RlbEJhY2tlbmQiLCJfYXV0aF91c2VyX2hhc2giOiJmZDg0MzA5ZDlmYThjODdkNjJiNDI2YWFiNDVlODQ5YTQ4N2RmODJiIn0=	2023-10-02 14:11:50.225969+00
r2dsosl9c75dmqj9xcg6s8f8fc4os17d	YzAzY2Q4MmJiMjliZTNiMmFmOWI5ZTAwMDA2NzVmNWJjMDQ3ZGMwYzp7Il9hdXRoX3VzZXJfaWQiOiIzMyIsIl9hdXRoX3VzZXJfYmFja2VuZCI6ImRqYW5nby5jb250cmliLmF1dGguYmFja2VuZHMuTW9kZWxCYWNrZW5kIiwiX2F1dGhfdXNlcl9oYXNoIjoiODU4ZTc3Nzc1OWU5ODRmZmEzY2Q5ZGUyYWEzZmE5NTkzOTIxNTE5NiJ9	2023-08-10 14:32:45.102828+00
sd6sklhkb9lqyyxsofefy886uasolbke	MTZkMTRlNGIwZjg0MzQ5NjMyNzEwZTZmYjc5YTk4NzU1ZTcwM2VmMDp7Il9hdXRoX3VzZXJfaWQiOiIxIiwiX2F1dGhfdXNlcl9iYWNrZW5kIjoiZGphbmdvLmNvbnRyaWIuYXV0aC5iYWNrZW5kcy5Nb2RlbEJhY2tlbmQiLCJfYXV0aF91c2VyX2hhc2giOiJmZDg0MzA5ZDlmYThjODdkNjJiNDI2YWFiNDVlODQ5YTQ4N2RmODJiIn0=	2022-09-20 19:52:44.433122+00
1u0sk4qfu3l8l8w2c7uh6k5ig80sr1o3	MzAyOTI5MzI3OGMzNWUyZjc5NzYzN2I4M2NhZWFmNTE0YTBhM2UyMTp7Il9hdXRoX3VzZXJfaWQiOiIzMiIsIl9hdXRoX3VzZXJfYmFja2VuZCI6ImRqYW5nby5jb250cmliLmF1dGguYmFja2VuZHMuTW9kZWxCYWNrZW5kIiwiX2F1dGhfdXNlcl9oYXNoIjoiOTVkNGUxMzYwOTY3NmU4NTU2MjYyNGIzMzg1NTI5NTk4MTA5ODJmMyJ9	2023-03-20 20:25:39.076115+00
btbv7lib37471lyfn8koin7nep8mjaap	MGU4ZTI5NWZkZDVmMzQ3ZTJkMmQxMjcyY2FhZTExZTNjZjA3NjFlMDp7Il9hdXRoX3VzZXJfaWQiOiIyOCIsIl9hdXRoX3VzZXJfYmFja2VuZCI6ImRqYW5nby5jb250cmliLmF1dGguYmFja2VuZHMuTW9kZWxCYWNrZW5kIiwiX2F1dGhfdXNlcl9oYXNoIjoiNDVhYjJiYTdlMzdlMTlkNzFjY2U2ZTE5ZTYyNjcyODEwMTM0MjFlYiJ9	2023-10-02 19:02:04.233797+00
v8pb0b5twx70b20lrpnexjo0chfnuj1l	YzAzY2Q4MmJiMjliZTNiMmFmOWI5ZTAwMDA2NzVmNWJjMDQ3ZGMwYzp7Il9hdXRoX3VzZXJfaWQiOiIzMyIsIl9hdXRoX3VzZXJfYmFja2VuZCI6ImRqYW5nby5jb250cmliLmF1dGguYmFja2VuZHMuTW9kZWxCYWNrZW5kIiwiX2F1dGhfdXNlcl9oYXNoIjoiODU4ZTc3Nzc1OWU5ODRmZmEzY2Q5ZGUyYWEzZmE5NTkzOTIxNTE5NiJ9	2023-08-10 14:32:45.313263+00
nx91bgqpp4pjfz8h6hzuwfzv9i88rpbt	ZjE1NTNjNjlkYTRiMWQzMjExNTRhM2UxNjY0ODYwZDIxMDhmNGFjMDp7Il9hdXRoX3VzZXJfaWQiOiI4IiwiX2F1dGhfdXNlcl9iYWNrZW5kIjoiZGphbmdvLmNvbnRyaWIuYXV0aC5iYWNrZW5kcy5Nb2RlbEJhY2tlbmQiLCJfYXV0aF91c2VyX2hhc2giOiIzNTVmMmIyNDY1ZDM1MzkxNDY1YTA0YmMxMjc0Yjg5M2Q2N2U1NDFhIn0=	2022-09-21 17:32:40.47418+00
d6n89bzc1fpyxe4jb3nponfhe5feijw9	MzAyOTI5MzI3OGMzNWUyZjc5NzYzN2I4M2NhZWFmNTE0YTBhM2UyMTp7Il9hdXRoX3VzZXJfaWQiOiIzMiIsIl9hdXRoX3VzZXJfYmFja2VuZCI6ImRqYW5nby5jb250cmliLmF1dGguYmFja2VuZHMuTW9kZWxCYWNrZW5kIiwiX2F1dGhfdXNlcl9oYXNoIjoiOTVkNGUxMzYwOTY3NmU4NTU2MjYyNGIzMzg1NTI5NTk4MTA5ODJmMyJ9	2023-03-20 20:43:48.910832+00
z8pgzjqtksly87jggzvjsinorjyr6ewd	MDUzNmYzZjcxMTcwOTQzZDYyMjgxODgwNWVlYmEwMmQyZjlmYjBkMzp7Il9hdXRoX3VzZXJfaWQiOiIyNyIsIl9hdXRoX3VzZXJfYmFja2VuZCI6ImRqYW5nby5jb250cmliLmF1dGguYmFja2VuZHMuTW9kZWxCYWNrZW5kIiwiX2F1dGhfdXNlcl9oYXNoIjoiOTBiMDllM2NlNTY1ZDM2NzE0NDQxZjY3Y2UwZTg5NGE5MGIzZjMxNyJ9	2023-10-02 19:59:51.219904+00
z0erzxroadohursda7wtwxl6mpmzjvwd	YzAzY2Q4MmJiMjliZTNiMmFmOWI5ZTAwMDA2NzVmNWJjMDQ3ZGMwYzp7Il9hdXRoX3VzZXJfaWQiOiIzMyIsIl9hdXRoX3VzZXJfYmFja2VuZCI6ImRqYW5nby5jb250cmliLmF1dGguYmFja2VuZHMuTW9kZWxCYWNrZW5kIiwiX2F1dGhfdXNlcl9oYXNoIjoiODU4ZTc3Nzc1OWU5ODRmZmEzY2Q5ZGUyYWEzZmE5NTkzOTIxNTE5NiJ9	2023-08-10 14:32:45.522548+00
ddwhjpr4e411twmtknfjmju9p2jcqg8u	MTk0ZWMzYmFiYWI5ZGZmNzk5NWM0YjFjZTVlZDMyMGZhMTljOTBmMzp7Il9hdXRoX3VzZXJfaWQiOiIyNCIsIl9hdXRoX3VzZXJfYmFja2VuZCI6ImRqYW5nby5jb250cmliLmF1dGguYmFja2VuZHMuTW9kZWxCYWNrZW5kIiwiX2F1dGhfdXNlcl9oYXNoIjoiMTI1NDhiOThkOTZlYTQ3YjhlZTE5M2JiYTMzNTNlZDJmYWFhZTY0MSJ9	2022-09-22 07:23:01.465094+00
r7fz33jp8yoki5kdjidvetfnrgxvtc2k	MDUzNmYzZjcxMTcwOTQzZDYyMjgxODgwNWVlYmEwMmQyZjlmYjBkMzp7Il9hdXRoX3VzZXJfaWQiOiIyNyIsIl9hdXRoX3VzZXJfYmFja2VuZCI6ImRqYW5nby5jb250cmliLmF1dGguYmFja2VuZHMuTW9kZWxCYWNrZW5kIiwiX2F1dGhfdXNlcl9oYXNoIjoiOTBiMDllM2NlNTY1ZDM2NzE0NDQxZjY3Y2UwZTg5NGE5MGIzZjMxNyJ9	2023-04-03 19:49:12.331757+00
lpio51iricxvfhxil0yhdhdujtjurxcx	NTlmMzdkZWEzYWU1YzgxNDI1YmRkYTcyNjYyM2I3YzIyOGUzZDgwODp7Il9hdXRoX3VzZXJfaWQiOiIzNCIsIl9hdXRoX3VzZXJfYmFja2VuZCI6ImRqYW5nby5jb250cmliLmF1dGguYmFja2VuZHMuTW9kZWxCYWNrZW5kIiwiX2F1dGhfdXNlcl9oYXNoIjoiZTZiNjQzNTM5NTZlY2Y2NWY5ZjE4ZjllYWQ4NjhjZmU1NzA5NDM4ZSJ9	2023-08-10 14:33:24.97678+00
zuyjx86h0uodwdeurs9pqvw5yb1keeik	ZDM4YTU2ZGU0NzEyZmFmZGI3NDAxYmQxODhhNzBiMDVhNWNjOTU5Mzp7Il9hdXRoX3VzZXJfaWQiOiIyMiIsIl9hdXRoX3VzZXJfYmFja2VuZCI6ImRqYW5nby5jb250cmliLmF1dGguYmFja2VuZHMuTW9kZWxCYWNrZW5kIiwiX2F1dGhfdXNlcl9oYXNoIjoiODhkZmJiYmNmZTQyNmY2ZWEwOTIzYjU0MTZmMmY3MWY2YzAzOTQwNiJ9	2022-09-30 20:05:38.942214+00
y86azoygcut9038bu38zxuy2yw67rq2t	NGUzYWExMjYzZDExM2NhNzA5NTYzYmRkNGE0YmM0ZGIzOWQ0MTE2OTp7Il9hdXRoX3VzZXJfaWQiOiI3IiwiX2F1dGhfdXNlcl9iYWNrZW5kIjoiZGphbmdvLmNvbnRyaWIuYXV0aC5iYWNrZW5kcy5Nb2RlbEJhY2tlbmQiLCJfYXV0aF91c2VyX2hhc2giOiI4ZTJhNmY3YjdkMGFjYmI2ZjYwYjBlZTQxNDQ5ODdjMjI0YjE0Y2ViIn0=	2023-04-04 13:01:43.975845+00
99hihslyv5ybi6fme7a9hgcq78irl1hi	MzAyOTI5MzI3OGMzNWUyZjc5NzYzN2I4M2NhZWFmNTE0YTBhM2UyMTp7Il9hdXRoX3VzZXJfaWQiOiIzMiIsIl9hdXRoX3VzZXJfYmFja2VuZCI6ImRqYW5nby5jb250cmliLmF1dGguYmFja2VuZHMuTW9kZWxCYWNrZW5kIiwiX2F1dGhfdXNlcl9oYXNoIjoiOTVkNGUxMzYwOTY3NmU4NTU2MjYyNGIzMzg1NTI5NTk4MTA5ODJmMyJ9	2023-08-10 18:10:53.882517+00
z5ulba0dw8zizc6zez98av21djsy98ok	MDUzNmYzZjcxMTcwOTQzZDYyMjgxODgwNWVlYmEwMmQyZjlmYjBkMzp7Il9hdXRoX3VzZXJfaWQiOiIyNyIsIl9hdXRoX3VzZXJfYmFja2VuZCI6ImRqYW5nby5jb250cmliLmF1dGguYmFja2VuZHMuTW9kZWxCYWNrZW5kIiwiX2F1dGhfdXNlcl9oYXNoIjoiOTBiMDllM2NlNTY1ZDM2NzE0NDQxZjY3Y2UwZTg5NGE5MGIzZjMxNyJ9	2022-10-03 13:27:25.751185+00
jm5syuxcvbgj0woynpw6m07t11w7lqk9	MTZkMTRlNGIwZjg0MzQ5NjMyNzEwZTZmYjc5YTk4NzU1ZTcwM2VmMDp7Il9hdXRoX3VzZXJfaWQiOiIxIiwiX2F1dGhfdXNlcl9iYWNrZW5kIjoiZGphbmdvLmNvbnRyaWIuYXV0aC5iYWNrZW5kcy5Nb2RlbEJhY2tlbmQiLCJfYXV0aF91c2VyX2hhc2giOiJmZDg0MzA5ZDlmYThjODdkNjJiNDI2YWFiNDVlODQ5YTQ4N2RmODJiIn0=	2023-04-04 15:51:31.229871+00
qstai5wlo2i7j8mmmz8pij2pvy6fgfyi	MzAyOTI5MzI3OGMzNWUyZjc5NzYzN2I4M2NhZWFmNTE0YTBhM2UyMTp7Il9hdXRoX3VzZXJfaWQiOiIzMiIsIl9hdXRoX3VzZXJfYmFja2VuZCI6ImRqYW5nby5jb250cmliLmF1dGguYmFja2VuZHMuTW9kZWxCYWNrZW5kIiwiX2F1dGhfdXNlcl9oYXNoIjoiOTVkNGUxMzYwOTY3NmU4NTU2MjYyNGIzMzg1NTI5NTk4MTA5ODJmMyJ9	2023-08-10 18:10:54.092209+00
2mrpe7f3t57yyjx7a4ugasw7rslrw3r5	MDUzNmYzZjcxMTcwOTQzZDYyMjgxODgwNWVlYmEwMmQyZjlmYjBkMzp7Il9hdXRoX3VzZXJfaWQiOiIyNyIsIl9hdXRoX3VzZXJfYmFja2VuZCI6ImRqYW5nby5jb250cmliLmF1dGguYmFja2VuZHMuTW9kZWxCYWNrZW5kIiwiX2F1dGhfdXNlcl9oYXNoIjoiOTBiMDllM2NlNTY1ZDM2NzE0NDQxZjY3Y2UwZTg5NGE5MGIzZjMxNyJ9	2022-10-03 13:27:25.953407+00
mh0razuvxsr5mda8wt782gdp5bvluawu	NGUzYWExMjYzZDExM2NhNzA5NTYzYmRkNGE0YmM0ZGIzOWQ0MTE2OTp7Il9hdXRoX3VzZXJfaWQiOiI3IiwiX2F1dGhfdXNlcl9iYWNrZW5kIjoiZGphbmdvLmNvbnRyaWIuYXV0aC5iYWNrZW5kcy5Nb2RlbEJhY2tlbmQiLCJfYXV0aF91c2VyX2hhc2giOiI4ZTJhNmY3YjdkMGFjYmI2ZjYwYjBlZTQxNDQ5ODdjMjI0YjE0Y2ViIn0=	2023-04-04 20:08:09.331414+00
nsgsh60uvhcxscr141d6j5xt5unwobmb	MTZkMTRlNGIwZjg0MzQ5NjMyNzEwZTZmYjc5YTk4NzU1ZTcwM2VmMDp7Il9hdXRoX3VzZXJfaWQiOiIxIiwiX2F1dGhfdXNlcl9iYWNrZW5kIjoiZGphbmdvLmNvbnRyaWIuYXV0aC5iYWNrZW5kcy5Nb2RlbEJhY2tlbmQiLCJfYXV0aF91c2VyX2hhc2giOiJmZDg0MzA5ZDlmYThjODdkNjJiNDI2YWFiNDVlODQ5YTQ4N2RmODJiIn0=	2023-08-16 17:18:29.680384+00
h6ozx474qrldhkiih9l6jnm3y2n3jjfh	MTZkMTRlNGIwZjg0MzQ5NjMyNzEwZTZmYjc5YTk4NzU1ZTcwM2VmMDp7Il9hdXRoX3VzZXJfaWQiOiIxIiwiX2F1dGhfdXNlcl9iYWNrZW5kIjoiZGphbmdvLmNvbnRyaWIuYXV0aC5iYWNrZW5kcy5Nb2RlbEJhY2tlbmQiLCJfYXV0aF91c2VyX2hhc2giOiJmZDg0MzA5ZDlmYThjODdkNjJiNDI2YWFiNDVlODQ5YTQ4N2RmODJiIn0=	2022-10-07 18:44:09.807087+00
znrpiil4ipeyamublokvulira3lpapcq	NGUzYWExMjYzZDExM2NhNzA5NTYzYmRkNGE0YmM0ZGIzOWQ0MTE2OTp7Il9hdXRoX3VzZXJfaWQiOiI3IiwiX2F1dGhfdXNlcl9iYWNrZW5kIjoiZGphbmdvLmNvbnRyaWIuYXV0aC5iYWNrZW5kcy5Nb2RlbEJhY2tlbmQiLCJfYXV0aF91c2VyX2hhc2giOiI4ZTJhNmY3YjdkMGFjYmI2ZjYwYjBlZTQxNDQ5ODdjMjI0YjE0Y2ViIn0=	2023-04-05 01:28:34.122534+00
kuvzyof00gh17zt1xrjjvsns76ucpooa	NGUzYWExMjYzZDExM2NhNzA5NTYzYmRkNGE0YmM0ZGIzOWQ0MTE2OTp7Il9hdXRoX3VzZXJfaWQiOiI3IiwiX2F1dGhfdXNlcl9iYWNrZW5kIjoiZGphbmdvLmNvbnRyaWIuYXV0aC5iYWNrZW5kcy5Nb2RlbEJhY2tlbmQiLCJfYXV0aF91c2VyX2hhc2giOiI4ZTJhNmY3YjdkMGFjYmI2ZjYwYjBlZTQxNDQ5ODdjMjI0YjE0Y2ViIn0=	2023-08-16 22:56:40.736731+00
5b4wy78pj0dnalncv043gdmx3uedil5t	MTk0ZWMzYmFiYWI5ZGZmNzk5NWM0YjFjZTVlZDMyMGZhMTljOTBmMzp7Il9hdXRoX3VzZXJfaWQiOiIyNCIsIl9hdXRoX3VzZXJfYmFja2VuZCI6ImRqYW5nby5jb250cmliLmF1dGguYmFja2VuZHMuTW9kZWxCYWNrZW5kIiwiX2F1dGhfdXNlcl9oYXNoIjoiMTI1NDhiOThkOTZlYTQ3YjhlZTE5M2JiYTMzNTNlZDJmYWFhZTY0MSJ9	2022-10-13 09:07:27.969967+00
afu2w58gtyxh0qdye76kkx8z33fu9xkf	NGUzYWExMjYzZDExM2NhNzA5NTYzYmRkNGE0YmM0ZGIzOWQ0MTE2OTp7Il9hdXRoX3VzZXJfaWQiOiI3IiwiX2F1dGhfdXNlcl9iYWNrZW5kIjoiZGphbmdvLmNvbnRyaWIuYXV0aC5iYWNrZW5kcy5Nb2RlbEJhY2tlbmQiLCJfYXV0aF91c2VyX2hhc2giOiI4ZTJhNmY3YjdkMGFjYmI2ZjYwYjBlZTQxNDQ5ODdjMjI0YjE0Y2ViIn0=	2023-04-05 01:28:34.29993+00
cemwiy06s0kaxxw2u5wi87lwifthkxs7	MDUzNmYzZjcxMTcwOTQzZDYyMjgxODgwNWVlYmEwMmQyZjlmYjBkMzp7Il9hdXRoX3VzZXJfaWQiOiIyNyIsIl9hdXRoX3VzZXJfYmFja2VuZCI6ImRqYW5nby5jb250cmliLmF1dGguYmFja2VuZHMuTW9kZWxCYWNrZW5kIiwiX2F1dGhfdXNlcl9oYXNoIjoiOTBiMDllM2NlNTY1ZDM2NzE0NDQxZjY3Y2UwZTg5NGE5MGIzZjMxNyJ9	2023-08-18 14:05:16.982825+00
2hwghbsbh2bvcs4g8zu3x387lbt3gcxh	MTk0ZWMzYmFiYWI5ZGZmNzk5NWM0YjFjZTVlZDMyMGZhMTljOTBmMzp7Il9hdXRoX3VzZXJfaWQiOiIyNCIsIl9hdXRoX3VzZXJfYmFja2VuZCI6ImRqYW5nby5jb250cmliLmF1dGguYmFja2VuZHMuTW9kZWxCYWNrZW5kIiwiX2F1dGhfdXNlcl9oYXNoIjoiMTI1NDhiOThkOTZlYTQ3YjhlZTE5M2JiYTMzNTNlZDJmYWFhZTY0MSJ9	2022-10-13 09:07:08.161103+00
w3256inglmco1hu0y3s9ldraaqgeqlbd	MTZkMTRlNGIwZjg0MzQ5NjMyNzEwZTZmYjc5YTk4NzU1ZTcwM2VmMDp7Il9hdXRoX3VzZXJfaWQiOiIxIiwiX2F1dGhfdXNlcl9iYWNrZW5kIjoiZGphbmdvLmNvbnRyaWIuYXV0aC5iYWNrZW5kcy5Nb2RlbEJhY2tlbmQiLCJfYXV0aF91c2VyX2hhc2giOiJmZDg0MzA5ZDlmYThjODdkNjJiNDI2YWFiNDVlODQ5YTQ4N2RmODJiIn0=	2023-04-19 19:09:51.577975+00
6qo3hjmjtal89f7tcf905t5efyw3djty	ZDM4YTU2ZGU0NzEyZmFmZGI3NDAxYmQxODhhNzBiMDVhNWNjOTU5Mzp7Il9hdXRoX3VzZXJfaWQiOiIyMiIsIl9hdXRoX3VzZXJfYmFja2VuZCI6ImRqYW5nby5jb250cmliLmF1dGguYmFja2VuZHMuTW9kZWxCYWNrZW5kIiwiX2F1dGhfdXNlcl9oYXNoIjoiODhkZmJiYmNmZTQyNmY2ZWEwOTIzYjU0MTZmMmY3MWY2YzAzOTQwNiJ9	2023-08-29 15:09:04.108832+00
44yql7gw7kxiqa935f0ewfn9yf3nssov	MTZkMTRlNGIwZjg0MzQ5NjMyNzEwZTZmYjc5YTk4NzU1ZTcwM2VmMDp7Il9hdXRoX3VzZXJfaWQiOiIxIiwiX2F1dGhfdXNlcl9iYWNrZW5kIjoiZGphbmdvLmNvbnRyaWIuYXV0aC5iYWNrZW5kcy5Nb2RlbEJhY2tlbmQiLCJfYXV0aF91c2VyX2hhc2giOiJmZDg0MzA5ZDlmYThjODdkNjJiNDI2YWFiNDVlODQ5YTQ4N2RmODJiIn0=	2022-10-25 18:43:07.131622+00
xa7zpjge5iil0ihlh6dxlbh8i2k2yfxq	MzAyOTI5MzI3OGMzNWUyZjc5NzYzN2I4M2NhZWFmNTE0YTBhM2UyMTp7Il9hdXRoX3VzZXJfaWQiOiIzMiIsIl9hdXRoX3VzZXJfYmFja2VuZCI6ImRqYW5nby5jb250cmliLmF1dGguYmFja2VuZHMuTW9kZWxCYWNrZW5kIiwiX2F1dGhfdXNlcl9oYXNoIjoiOTVkNGUxMzYwOTY3NmU4NTU2MjYyNGIzMzg1NTI5NTk4MTA5ODJmMyJ9	2023-04-20 14:20:57.059625+00
7h7d44s9n5fl6dx20cjngjgvbbbkcn5y	MzAyOTI5MzI3OGMzNWUyZjc5NzYzN2I4M2NhZWFmNTE0YTBhM2UyMTp7Il9hdXRoX3VzZXJfaWQiOiIzMiIsIl9hdXRoX3VzZXJfYmFja2VuZCI6ImRqYW5nby5jb250cmliLmF1dGguYmFja2VuZHMuTW9kZWxCYWNrZW5kIiwiX2F1dGhfdXNlcl9oYXNoIjoiOTVkNGUxMzYwOTY3NmU4NTU2MjYyNGIzMzg1NTI5NTk4MTA5ODJmMyJ9	2023-08-29 18:54:16.803054+00
x0c026ebns740lhq1yqp3wj0iprqe101	NGUzYWExMjYzZDExM2NhNzA5NTYzYmRkNGE0YmM0ZGIzOWQ0MTE2OTp7Il9hdXRoX3VzZXJfaWQiOiI3IiwiX2F1dGhfdXNlcl9iYWNrZW5kIjoiZGphbmdvLmNvbnRyaWIuYXV0aC5iYWNrZW5kcy5Nb2RlbEJhY2tlbmQiLCJfYXV0aF91c2VyX2hhc2giOiI4ZTJhNmY3YjdkMGFjYmI2ZjYwYjBlZTQxNDQ5ODdjMjI0YjE0Y2ViIn0=	2023-04-26 11:21:23.731709+00
pmy2bkh17eectbrp4gqeuvx31vhv7afz	MzAyOTI5MzI3OGMzNWUyZjc5NzYzN2I4M2NhZWFmNTE0YTBhM2UyMTp7Il9hdXRoX3VzZXJfaWQiOiIzMiIsIl9hdXRoX3VzZXJfYmFja2VuZCI6ImRqYW5nby5jb250cmliLmF1dGguYmFja2VuZHMuTW9kZWxCYWNrZW5kIiwiX2F1dGhfdXNlcl9oYXNoIjoiOTVkNGUxMzYwOTY3NmU4NTU2MjYyNGIzMzg1NTI5NTk4MTA5ODJmMyJ9	2022-10-25 18:45:42.758006+00
2z1f4kyjmde9h8eqjmrd91fmmjy6gudx	MzAyOTI5MzI3OGMzNWUyZjc5NzYzN2I4M2NhZWFmNTE0YTBhM2UyMTp7Il9hdXRoX3VzZXJfaWQiOiIzMiIsIl9hdXRoX3VzZXJfYmFja2VuZCI6ImRqYW5nby5jb250cmliLmF1dGguYmFja2VuZHMuTW9kZWxCYWNrZW5kIiwiX2F1dGhfdXNlcl9oYXNoIjoiOTVkNGUxMzYwOTY3NmU4NTU2MjYyNGIzMzg1NTI5NTk4MTA5ODJmMyJ9	2022-10-31 16:09:39.641655+00
8ijrpheltmbxl2cye14gkop22sxmv1ic	MzAyOTI5MzI3OGMzNWUyZjc5NzYzN2I4M2NhZWFmNTE0YTBhM2UyMTp7Il9hdXRoX3VzZXJfaWQiOiIzMiIsIl9hdXRoX3VzZXJfYmFja2VuZCI6ImRqYW5nby5jb250cmliLmF1dGguYmFja2VuZHMuTW9kZWxCYWNrZW5kIiwiX2F1dGhfdXNlcl9oYXNoIjoiOTVkNGUxMzYwOTY3NmU4NTU2MjYyNGIzMzg1NTI5NTk4MTA5ODJmMyJ9	2023-04-26 17:55:45.409929+00
2dsbeiw36uny5yzv8s6ty1qibf9y19iz	NGUzYWExMjYzZDExM2NhNzA5NTYzYmRkNGE0YmM0ZGIzOWQ0MTE2OTp7Il9hdXRoX3VzZXJfaWQiOiI3IiwiX2F1dGhfdXNlcl9iYWNrZW5kIjoiZGphbmdvLmNvbnRyaWIuYXV0aC5iYWNrZW5kcy5Nb2RlbEJhY2tlbmQiLCJfYXV0aF91c2VyX2hhc2giOiI4ZTJhNmY3YjdkMGFjYmI2ZjYwYjBlZTQxNDQ5ODdjMjI0YjE0Y2ViIn0=	2023-09-04 14:08:02.630386+00
pknszjw7kbus6w7qcu7w83cwn9cicrmu	MDUzNmYzZjcxMTcwOTQzZDYyMjgxODgwNWVlYmEwMmQyZjlmYjBkMzp7Il9hdXRoX3VzZXJfaWQiOiIyNyIsIl9hdXRoX3VzZXJfYmFja2VuZCI6ImRqYW5nby5jb250cmliLmF1dGguYmFja2VuZHMuTW9kZWxCYWNrZW5kIiwiX2F1dGhfdXNlcl9oYXNoIjoiOTBiMDllM2NlNTY1ZDM2NzE0NDQxZjY3Y2UwZTg5NGE5MGIzZjMxNyJ9	2022-11-03 13:24:23.441182+00
dt17a1etfwxg96tgix4dc8y9my8bu7vk	MTZkMTRlNGIwZjg0MzQ5NjMyNzEwZTZmYjc5YTk4NzU1ZTcwM2VmMDp7Il9hdXRoX3VzZXJfaWQiOiIxIiwiX2F1dGhfdXNlcl9iYWNrZW5kIjoiZGphbmdvLmNvbnRyaWIuYXV0aC5iYWNrZW5kcy5Nb2RlbEJhY2tlbmQiLCJfYXV0aF91c2VyX2hhc2giOiJmZDg0MzA5ZDlmYThjODdkNjJiNDI2YWFiNDVlODQ5YTQ4N2RmODJiIn0=	2023-05-11 17:28:47.506768+00
aurl4ezyqcbrt046in6k2sjp500f4aad	MDUzNmYzZjcxMTcwOTQzZDYyMjgxODgwNWVlYmEwMmQyZjlmYjBkMzp7Il9hdXRoX3VzZXJfaWQiOiIyNyIsIl9hdXRoX3VzZXJfYmFja2VuZCI6ImRqYW5nby5jb250cmliLmF1dGguYmFja2VuZHMuTW9kZWxCYWNrZW5kIiwiX2F1dGhfdXNlcl9oYXNoIjoiOTBiMDllM2NlNTY1ZDM2NzE0NDQxZjY3Y2UwZTg5NGE5MGIzZjMxNyJ9	2023-09-04 14:29:34.455922+00
62ovu41nzag4ux9nyxnu292n3tvnd1b0	MTZkMTRlNGIwZjg0MzQ5NjMyNzEwZTZmYjc5YTk4NzU1ZTcwM2VmMDp7Il9hdXRoX3VzZXJfaWQiOiIxIiwiX2F1dGhfdXNlcl9iYWNrZW5kIjoiZGphbmdvLmNvbnRyaWIuYXV0aC5iYWNrZW5kcy5Nb2RlbEJhY2tlbmQiLCJfYXV0aF91c2VyX2hhc2giOiJmZDg0MzA5ZDlmYThjODdkNjJiNDI2YWFiNDVlODQ5YTQ4N2RmODJiIn0=	2022-11-10 15:51:19.46372+00
wkx55rdaaoj0s48y01k0a3bvxamd2lzx	MGU4ZTI5NWZkZDVmMzQ3ZTJkMmQxMjcyY2FhZTExZTNjZjA3NjFlMDp7Il9hdXRoX3VzZXJfaWQiOiIyOCIsIl9hdXRoX3VzZXJfYmFja2VuZCI6ImRqYW5nby5jb250cmliLmF1dGguYmFja2VuZHMuTW9kZWxCYWNrZW5kIiwiX2F1dGhfdXNlcl9oYXNoIjoiNDVhYjJiYTdlMzdlMTlkNzFjY2U2ZTE5ZTYyNjcyODEwMTM0MjFlYiJ9	2023-05-29 17:22:41.55367+00
qvyt35xtfqo8j9j26npqv327xooe6kcf	MTZkMTRlNGIwZjg0MzQ5NjMyNzEwZTZmYjc5YTk4NzU1ZTcwM2VmMDp7Il9hdXRoX3VzZXJfaWQiOiIxIiwiX2F1dGhfdXNlcl9iYWNrZW5kIjoiZGphbmdvLmNvbnRyaWIuYXV0aC5iYWNrZW5kcy5Nb2RlbEJhY2tlbmQiLCJfYXV0aF91c2VyX2hhc2giOiJmZDg0MzA5ZDlmYThjODdkNjJiNDI2YWFiNDVlODQ5YTQ4N2RmODJiIn0=	2023-09-04 16:02:54.796426+00
i9y3gy3dhkgwoutt7szhwuo99ebc2sq6	MTdmOWRmNzk0OThhNGM0Y2I3ZDRiOTY4Y2M1MGYyNDMwOTk0MGMwZTp7Il9hdXRoX3VzZXJfaWQiOiI2IiwiX2F1dGhfdXNlcl9iYWNrZW5kIjoiZGphbmdvLmNvbnRyaWIuYXV0aC5iYWNrZW5kcy5Nb2RlbEJhY2tlbmQiLCJfYXV0aF91c2VyX2hhc2giOiIxZjlhZDc0YjViZjg2ODc2OTMwMjlhNjUxYTA5ZTNlZmQyMGRiZGI5In0=	2022-11-10 16:14:19.937369+00
iltuxjflcw1vj99wpaa2egp1zlaul7ey	Zjg2MDg3YjA1OTRlMDVmNWMxNDY3YWE0MDdjNmFjNDk2ODMxMmMyMzp7Il9hdXRoX3VzZXJfaWQiOiIxMiIsIl9hdXRoX3VzZXJfYmFja2VuZCI6ImRqYW5nby5jb250cmliLmF1dGguYmFja2VuZHMuTW9kZWxCYWNrZW5kIiwiX2F1dGhfdXNlcl9oYXNoIjoiNzNiZjY3NmRiOWFjODczYzcwMjgwODFlMGUzYTg2ZGRkMWEyODRiOCJ9	2023-06-06 16:01:25.009599+00
eucqfipmnqmx8tw5m0teokgcig31llcl	MGU4ZTI5NWZkZDVmMzQ3ZTJkMmQxMjcyY2FhZTExZTNjZjA3NjFlMDp7Il9hdXRoX3VzZXJfaWQiOiIyOCIsIl9hdXRoX3VzZXJfYmFja2VuZCI6ImRqYW5nby5jb250cmliLmF1dGguYmFja2VuZHMuTW9kZWxCYWNrZW5kIiwiX2F1dGhfdXNlcl9oYXNoIjoiNDVhYjJiYTdlMzdlMTlkNzFjY2U2ZTE5ZTYyNjcyODEwMTM0MjFlYiJ9	2022-11-10 18:18:49.223363+00
i7jwr0ugxkd6zsqcznlp95eet72pyp5q	Zjg2MDg3YjA1OTRlMDVmNWMxNDY3YWE0MDdjNmFjNDk2ODMxMmMyMzp7Il9hdXRoX3VzZXJfaWQiOiIxMiIsIl9hdXRoX3VzZXJfYmFja2VuZCI6ImRqYW5nby5jb250cmliLmF1dGguYmFja2VuZHMuTW9kZWxCYWNrZW5kIiwiX2F1dGhfdXNlcl9oYXNoIjoiNzNiZjY3NmRiOWFjODczYzcwMjgwODFlMGUzYTg2ZGRkMWEyODRiOCJ9	2023-06-02 13:51:22.175529+00
a9kcjhmoe3hy3pltnwnpy2kewk78nuvn	ZDM4YTU2ZGU0NzEyZmFmZGI3NDAxYmQxODhhNzBiMDVhNWNjOTU5Mzp7Il9hdXRoX3VzZXJfaWQiOiIyMiIsIl9hdXRoX3VzZXJfYmFja2VuZCI6ImRqYW5nby5jb250cmliLmF1dGguYmFja2VuZHMuTW9kZWxCYWNrZW5kIiwiX2F1dGhfdXNlcl9oYXNoIjoiODhkZmJiYmNmZTQyNmY2ZWEwOTIzYjU0MTZmMmY3MWY2YzAzOTQwNiJ9	2022-11-15 15:00:26.677876+00
mt2tiyy05axv0f68u3xe1pn48dw7jore	MTZkMTRlNGIwZjg0MzQ5NjMyNzEwZTZmYjc5YTk4NzU1ZTcwM2VmMDp7Il9hdXRoX3VzZXJfaWQiOiIxIiwiX2F1dGhfdXNlcl9iYWNrZW5kIjoiZGphbmdvLmNvbnRyaWIuYXV0aC5iYWNrZW5kcy5Nb2RlbEJhY2tlbmQiLCJfYXV0aF91c2VyX2hhc2giOiJmZDg0MzA5ZDlmYThjODdkNjJiNDI2YWFiNDVlODQ5YTQ4N2RmODJiIn0=	2023-06-06 15:46:33.095051+00
nsusvm395zzfatx3eybfk2f7fd98yqxw	Zjg2MDg3YjA1OTRlMDVmNWMxNDY3YWE0MDdjNmFjNDk2ODMxMmMyMzp7Il9hdXRoX3VzZXJfaWQiOiIxMiIsIl9hdXRoX3VzZXJfYmFja2VuZCI6ImRqYW5nby5jb250cmliLmF1dGguYmFja2VuZHMuTW9kZWxCYWNrZW5kIiwiX2F1dGhfdXNlcl9oYXNoIjoiNzNiZjY3NmRiOWFjODczYzcwMjgwODFlMGUzYTg2ZGRkMWEyODRiOCJ9	2023-09-27 14:57:07.496923+00
4ttkop4tvm2uh1jiohinr5hulrws5ttc	MDUzNmYzZjcxMTcwOTQzZDYyMjgxODgwNWVlYmEwMmQyZjlmYjBkMzp7Il9hdXRoX3VzZXJfaWQiOiIyNyIsIl9hdXRoX3VzZXJfYmFja2VuZCI6ImRqYW5nby5jb250cmliLmF1dGguYmFja2VuZHMuTW9kZWxCYWNrZW5kIiwiX2F1dGhfdXNlcl9oYXNoIjoiOTBiMDllM2NlNTY1ZDM2NzE0NDQxZjY3Y2UwZTg5NGE5MGIzZjMxNyJ9	2022-11-17 14:36:53.666536+00
1xb9cayrdxupughh0p4btwaezugpl7on	MzAyOTI5MzI3OGMzNWUyZjc5NzYzN2I4M2NhZWFmNTE0YTBhM2UyMTp7Il9hdXRoX3VzZXJfaWQiOiIzMiIsIl9hdXRoX3VzZXJfYmFja2VuZCI6ImRqYW5nby5jb250cmliLmF1dGguYmFja2VuZHMuTW9kZWxCYWNrZW5kIiwiX2F1dGhfdXNlcl9oYXNoIjoiOTVkNGUxMzYwOTY3NmU4NTU2MjYyNGIzMzg1NTI5NTk4MTA5ODJmMyJ9	2023-06-07 16:37:13.433144+00
aw8tum1iahb5vchmx4ov08oebtvu1xhs	YzAzY2Q4MmJiMjliZTNiMmFmOWI5ZTAwMDA2NzVmNWJjMDQ3ZGMwYzp7Il9hdXRoX3VzZXJfaWQiOiIzMyIsIl9hdXRoX3VzZXJfYmFja2VuZCI6ImRqYW5nby5jb250cmliLmF1dGguYmFja2VuZHMuTW9kZWxCYWNrZW5kIiwiX2F1dGhfdXNlcl9oYXNoIjoiODU4ZTc3Nzc1OWU5ODRmZmEzY2Q5ZGUyYWEzZmE5NTkzOTIxNTE5NiJ9	2023-09-28 13:22:16.143176+00
blcm0dzvgwnlvrpwfgavywongh2yfhhw	ZjE1NTNjNjlkYTRiMWQzMjExNTRhM2UxNjY0ODYwZDIxMDhmNGFjMDp7Il9hdXRoX3VzZXJfaWQiOiI4IiwiX2F1dGhfdXNlcl9iYWNrZW5kIjoiZGphbmdvLmNvbnRyaWIuYXV0aC5iYWNrZW5kcy5Nb2RlbEJhY2tlbmQiLCJfYXV0aF91c2VyX2hhc2giOiIzNTVmMmIyNDY1ZDM1MzkxNDY1YTA0YmMxMjc0Yjg5M2Q2N2U1NDFhIn0=	2022-11-17 15:04:09.071225+00
jlz0snit99g2new1nrzqbb3w1a5highb	MDUzNmYzZjcxMTcwOTQzZDYyMjgxODgwNWVlYmEwMmQyZjlmYjBkMzp7Il9hdXRoX3VzZXJfaWQiOiIyNyIsIl9hdXRoX3VzZXJfYmFja2VuZCI6ImRqYW5nby5jb250cmliLmF1dGguYmFja2VuZHMuTW9kZWxCYWNrZW5kIiwiX2F1dGhfdXNlcl9oYXNoIjoiOTBiMDllM2NlNTY1ZDM2NzE0NDQxZjY3Y2UwZTg5NGE5MGIzZjMxNyJ9	2023-06-07 17:37:19.565139+00
dpnpmaja9nyxq755t8kxaijcylur09fo	YzAzY2Q4MmJiMjliZTNiMmFmOWI5ZTAwMDA2NzVmNWJjMDQ3ZGMwYzp7Il9hdXRoX3VzZXJfaWQiOiIzMyIsIl9hdXRoX3VzZXJfYmFja2VuZCI6ImRqYW5nby5jb250cmliLmF1dGguYmFja2VuZHMuTW9kZWxCYWNrZW5kIiwiX2F1dGhfdXNlcl9oYXNoIjoiODU4ZTc3Nzc1OWU5ODRmZmEzY2Q5ZGUyYWEzZmE5NTkzOTIxNTE5NiJ9	2023-09-29 13:20:12.175905+00
bg377nsxtrma6od3i7g15aqop1rvw2kv	MTZkMTRlNGIwZjg0MzQ5NjMyNzEwZTZmYjc5YTk4NzU1ZTcwM2VmMDp7Il9hdXRoX3VzZXJfaWQiOiIxIiwiX2F1dGhfdXNlcl9iYWNrZW5kIjoiZGphbmdvLmNvbnRyaWIuYXV0aC5iYWNrZW5kcy5Nb2RlbEJhY2tlbmQiLCJfYXV0aF91c2VyX2hhc2giOiJmZDg0MzA5ZDlmYThjODdkNjJiNDI2YWFiNDVlODQ5YTQ4N2RmODJiIn0=	2022-11-18 23:40:37.460761+00
33fj6p88ko90tewy73ju1bytahfiq63k	MTZkMTRlNGIwZjg0MzQ5NjMyNzEwZTZmYjc5YTk4NzU1ZTcwM2VmMDp7Il9hdXRoX3VzZXJfaWQiOiIxIiwiX2F1dGhfdXNlcl9iYWNrZW5kIjoiZGphbmdvLmNvbnRyaWIuYXV0aC5iYWNrZW5kcy5Nb2RlbEJhY2tlbmQiLCJfYXV0aF91c2VyX2hhc2giOiJmZDg0MzA5ZDlmYThjODdkNjJiNDI2YWFiNDVlODQ5YTQ4N2RmODJiIn0=	2023-06-07 18:39:52.598949+00
gbtbkn3e8tmebepcluqbd01wy5a4fniq	YzAzY2Q4MmJiMjliZTNiMmFmOWI5ZTAwMDA2NzVmNWJjMDQ3ZGMwYzp7Il9hdXRoX3VzZXJfaWQiOiIzMyIsIl9hdXRoX3VzZXJfYmFja2VuZCI6ImRqYW5nby5jb250cmliLmF1dGguYmFja2VuZHMuTW9kZWxCYWNrZW5kIiwiX2F1dGhfdXNlcl9oYXNoIjoiODU4ZTc3Nzc1OWU5ODRmZmEzY2Q5ZGUyYWEzZmE5NTkzOTIxNTE5NiJ9	2023-09-29 13:20:12.376938+00
53sn7hc1qnidionci95nebvb10ylzhw5	ZDM4YTU2ZGU0NzEyZmFmZGI3NDAxYmQxODhhNzBiMDVhNWNjOTU5Mzp7Il9hdXRoX3VzZXJfaWQiOiIyMiIsIl9hdXRoX3VzZXJfYmFja2VuZCI6ImRqYW5nby5jb250cmliLmF1dGguYmFja2VuZHMuTW9kZWxCYWNrZW5kIiwiX2F1dGhfdXNlcl9oYXNoIjoiODhkZmJiYmNmZTQyNmY2ZWEwOTIzYjU0MTZmMmY3MWY2YzAzOTQwNiJ9	2022-11-20 14:35:45.640407+00
ov504xyysgle10qva811yk43a00ihj70	ZDM4YTU2ZGU0NzEyZmFmZGI3NDAxYmQxODhhNzBiMDVhNWNjOTU5Mzp7Il9hdXRoX3VzZXJfaWQiOiIyMiIsIl9hdXRoX3VzZXJfYmFja2VuZCI6ImRqYW5nby5jb250cmliLmF1dGguYmFja2VuZHMuTW9kZWxCYWNrZW5kIiwiX2F1dGhfdXNlcl9oYXNoIjoiODhkZmJiYmNmZTQyNmY2ZWEwOTIzYjU0MTZmMmY3MWY2YzAzOTQwNiJ9	2023-06-19 14:31:35.689324+00
ge57i32kbkm0o1z0ttfaf9nnvik2b77y	MTZkMTRlNGIwZjg0MzQ5NjMyNzEwZTZmYjc5YTk4NzU1ZTcwM2VmMDp7Il9hdXRoX3VzZXJfaWQiOiIxIiwiX2F1dGhfdXNlcl9iYWNrZW5kIjoiZGphbmdvLmNvbnRyaWIuYXV0aC5iYWNrZW5kcy5Nb2RlbEJhY2tlbmQiLCJfYXV0aF91c2VyX2hhc2giOiJmZDg0MzA5ZDlmYThjODdkNjJiNDI2YWFiNDVlODQ5YTQ4N2RmODJiIn0=	2022-11-24 23:53:54.986504+00
fobukjklkp6yf0px5euctp89bop1om6b	ZDM4YTU2ZGU0NzEyZmFmZGI3NDAxYmQxODhhNzBiMDVhNWNjOTU5Mzp7Il9hdXRoX3VzZXJfaWQiOiIyMiIsIl9hdXRoX3VzZXJfYmFja2VuZCI6ImRqYW5nby5jb250cmliLmF1dGguYmFja2VuZHMuTW9kZWxCYWNrZW5kIiwiX2F1dGhfdXNlcl9oYXNoIjoiODhkZmJiYmNmZTQyNmY2ZWEwOTIzYjU0MTZmMmY3MWY2YzAzOTQwNiJ9	2023-06-19 15:13:14.835994+00
cfq2yy52sn3222ygvkbrbmcsgtagl1at	Zjg2MDg3YjA1OTRlMDVmNWMxNDY3YWE0MDdjNmFjNDk2ODMxMmMyMzp7Il9hdXRoX3VzZXJfaWQiOiIxMiIsIl9hdXRoX3VzZXJfYmFja2VuZCI6ImRqYW5nby5jb250cmliLmF1dGguYmFja2VuZHMuTW9kZWxCYWNrZW5kIiwiX2F1dGhfdXNlcl9oYXNoIjoiNzNiZjY3NmRiOWFjODczYzcwMjgwODFlMGUzYTg2ZGRkMWEyODRiOCJ9	2022-12-08 21:29:36.970931+00
ymypb27ogkibdadrwhd2ouxap6hx6gip	MTZkMTRlNGIwZjg0MzQ5NjMyNzEwZTZmYjc5YTk4NzU1ZTcwM2VmMDp7Il9hdXRoX3VzZXJfaWQiOiIxIiwiX2F1dGhfdXNlcl9iYWNrZW5kIjoiZGphbmdvLmNvbnRyaWIuYXV0aC5iYWNrZW5kcy5Nb2RlbEJhY2tlbmQiLCJfYXV0aF91c2VyX2hhc2giOiJmZDg0MzA5ZDlmYThjODdkNjJiNDI2YWFiNDVlODQ5YTQ4N2RmODJiIn0=	2022-12-15 16:33:34.685044+00
phqub94yf3kp3639j6xelaeolhpgdfhi	ZjE1NTNjNjlkYTRiMWQzMjExNTRhM2UxNjY0ODYwZDIxMDhmNGFjMDp7Il9hdXRoX3VzZXJfaWQiOiI4IiwiX2F1dGhfdXNlcl9iYWNrZW5kIjoiZGphbmdvLmNvbnRyaWIuYXV0aC5iYWNrZW5kcy5Nb2RlbEJhY2tlbmQiLCJfYXV0aF91c2VyX2hhc2giOiIzNTVmMmIyNDY1ZDM1MzkxNDY1YTA0YmMxMjc0Yjg5M2Q2N2U1NDFhIn0=	2022-12-20 20:46:43.159414+00
8o49gg90utsexnzf1jvfc6f4we8fm3s7	MGU4ZTI5NWZkZDVmMzQ3ZTJkMmQxMjcyY2FhZTExZTNjZjA3NjFlMDp7Il9hdXRoX3VzZXJfaWQiOiIyOCIsIl9hdXRoX3VzZXJfYmFja2VuZCI6ImRqYW5nby5jb250cmliLmF1dGguYmFja2VuZHMuTW9kZWxCYWNrZW5kIiwiX2F1dGhfdXNlcl9oYXNoIjoiNDVhYjJiYTdlMzdlMTlkNzFjY2U2ZTE5ZTYyNjcyODEwMTM0MjFlYiJ9	2022-12-21 14:40:11.146516+00
itcz87nd8oifag4y169r5wag4lvzx53v	MDUzNmYzZjcxMTcwOTQzZDYyMjgxODgwNWVlYmEwMmQyZjlmYjBkMzp7Il9hdXRoX3VzZXJfaWQiOiIyNyIsIl9hdXRoX3VzZXJfYmFja2VuZCI6ImRqYW5nby5jb250cmliLmF1dGguYmFja2VuZHMuTW9kZWxCYWNrZW5kIiwiX2F1dGhfdXNlcl9oYXNoIjoiOTBiMDllM2NlNTY1ZDM2NzE0NDQxZjY3Y2UwZTg5NGE5MGIzZjMxNyJ9	2022-12-21 16:44:59.17051+00
v5htv5pn0vsqt1sjvhikb67f72soe5jh	MTZkMTRlNGIwZjg0MzQ5NjMyNzEwZTZmYjc5YTk4NzU1ZTcwM2VmMDp7Il9hdXRoX3VzZXJfaWQiOiIxIiwiX2F1dGhfdXNlcl9iYWNrZW5kIjoiZGphbmdvLmNvbnRyaWIuYXV0aC5iYWNrZW5kcy5Nb2RlbEJhY2tlbmQiLCJfYXV0aF91c2VyX2hhc2giOiJmZDg0MzA5ZDlmYThjODdkNjJiNDI2YWFiNDVlODQ5YTQ4N2RmODJiIn0=	2023-06-30 17:49:22.947265+00
ox72lqlxl77pzzc5dm9o7b2r62f7fnth	MTZkMTRlNGIwZjg0MzQ5NjMyNzEwZTZmYjc5YTk4NzU1ZTcwM2VmMDp7Il9hdXRoX3VzZXJfaWQiOiIxIiwiX2F1dGhfdXNlcl9iYWNrZW5kIjoiZGphbmdvLmNvbnRyaWIuYXV0aC5iYWNrZW5kcy5Nb2RlbEJhY2tlbmQiLCJfYXV0aF91c2VyX2hhc2giOiJmZDg0MzA5ZDlmYThjODdkNjJiNDI2YWFiNDVlODQ5YTQ4N2RmODJiIn0=	2023-01-03 21:28:42.2326+00
q3jox4c5seps8nrnhhxckwq9xxykeho9	MzAyOTI5MzI3OGMzNWUyZjc5NzYzN2I4M2NhZWFmNTE0YTBhM2UyMTp7Il9hdXRoX3VzZXJfaWQiOiIzMiIsIl9hdXRoX3VzZXJfYmFja2VuZCI6ImRqYW5nby5jb250cmliLmF1dGguYmFja2VuZHMuTW9kZWxCYWNrZW5kIiwiX2F1dGhfdXNlcl9oYXNoIjoiOTVkNGUxMzYwOTY3NmU4NTU2MjYyNGIzMzg1NTI5NTk4MTA5ODJmMyJ9	2023-07-02 19:58:03.838335+00
1wtln6nucc95rw2zslmsey6j30ea165i	MDUzNmYzZjcxMTcwOTQzZDYyMjgxODgwNWVlYmEwMmQyZjlmYjBkMzp7Il9hdXRoX3VzZXJfaWQiOiIyNyIsIl9hdXRoX3VzZXJfYmFja2VuZCI6ImRqYW5nby5jb250cmliLmF1dGguYmFja2VuZHMuTW9kZWxCYWNrZW5kIiwiX2F1dGhfdXNlcl9oYXNoIjoiOTBiMDllM2NlNTY1ZDM2NzE0NDQxZjY3Y2UwZTg5NGE5MGIzZjMxNyJ9	2023-01-05 14:35:47.083555+00
tcyd5sonoil99cpi99bdgx72ul2tvi9i	ZDM4YTU2ZGU0NzEyZmFmZGI3NDAxYmQxODhhNzBiMDVhNWNjOTU5Mzp7Il9hdXRoX3VzZXJfaWQiOiIyMiIsIl9hdXRoX3VzZXJfYmFja2VuZCI6ImRqYW5nby5jb250cmliLmF1dGguYmFja2VuZHMuTW9kZWxCYWNrZW5kIiwiX2F1dGhfdXNlcl9oYXNoIjoiODhkZmJiYmNmZTQyNmY2ZWEwOTIzYjU0MTZmMmY3MWY2YzAzOTQwNiJ9	2023-07-03 19:20:30.876585+00
a6okpgce5xwhntog6zfpluxwp26pztv7	MDUzNmYzZjcxMTcwOTQzZDYyMjgxODgwNWVlYmEwMmQyZjlmYjBkMzp7Il9hdXRoX3VzZXJfaWQiOiIyNyIsIl9hdXRoX3VzZXJfYmFja2VuZCI6ImRqYW5nby5jb250cmliLmF1dGguYmFja2VuZHMuTW9kZWxCYWNrZW5kIiwiX2F1dGhfdXNlcl9oYXNoIjoiOTBiMDllM2NlNTY1ZDM2NzE0NDQxZjY3Y2UwZTg5NGE5MGIzZjMxNyJ9	2023-01-05 14:35:47.292677+00
3zq8ow9ig7o5fkmdul5xs4m2wk962j8z	MDUzNmYzZjcxMTcwOTQzZDYyMjgxODgwNWVlYmEwMmQyZjlmYjBkMzp7Il9hdXRoX3VzZXJfaWQiOiIyNyIsIl9hdXRoX3VzZXJfYmFja2VuZCI6ImRqYW5nby5jb250cmliLmF1dGguYmFja2VuZHMuTW9kZWxCYWNrZW5kIiwiX2F1dGhfdXNlcl9oYXNoIjoiOTBiMDllM2NlNTY1ZDM2NzE0NDQxZjY3Y2UwZTg5NGE5MGIzZjMxNyJ9	2023-07-17 20:21:15.428433+00
xot3a2k0a6uj7b6myp52vhe1kcgbl4yw	OWJkNmVmNzYwNGQwZGQ2NTZmMjU1ZDUwMWJjMGRmNjhhYzZiMWVjMzp7Il9hdXRoX3VzZXJfaWQiOiI1IiwiX2F1dGhfdXNlcl9iYWNrZW5kIjoiZGphbmdvLmNvbnRyaWIuYXV0aC5iYWNrZW5kcy5Nb2RlbEJhY2tlbmQiLCJfYXV0aF91c2VyX2hhc2giOiI2MmMzMzFjNzgwOGIyNWU4MjQ1YTJjYjRmOTdkMzBmY2NiMDRlNmNkIn0=	2023-01-05 17:55:04.10558+00
qh6fswxvyrsjfxrh986q21w9e7mpypbe	MDUzNmYzZjcxMTcwOTQzZDYyMjgxODgwNWVlYmEwMmQyZjlmYjBkMzp7Il9hdXRoX3VzZXJfaWQiOiIyNyIsIl9hdXRoX3VzZXJfYmFja2VuZCI6ImRqYW5nby5jb250cmliLmF1dGguYmFja2VuZHMuTW9kZWxCYWNrZW5kIiwiX2F1dGhfdXNlcl9oYXNoIjoiOTBiMDllM2NlNTY1ZDM2NzE0NDQxZjY3Y2UwZTg5NGE5MGIzZjMxNyJ9	2023-07-17 20:21:15.606769+00
5p3a3w8u0p1afafd1wnxg898q61ukue0	MzAyOTI5MzI3OGMzNWUyZjc5NzYzN2I4M2NhZWFmNTE0YTBhM2UyMTp7Il9hdXRoX3VzZXJfaWQiOiIzMiIsIl9hdXRoX3VzZXJfYmFja2VuZCI6ImRqYW5nby5jb250cmliLmF1dGguYmFja2VuZHMuTW9kZWxCYWNrZW5kIiwiX2F1dGhfdXNlcl9oYXNoIjoiOTVkNGUxMzYwOTY3NmU4NTU2MjYyNGIzMzg1NTI5NTk4MTA5ODJmMyJ9	2023-07-18 18:02:55.303829+00
kbrv73eg4h231waa1o16s3i96crfmloi	MzAyOTI5MzI3OGMzNWUyZjc5NzYzN2I4M2NhZWFmNTE0YTBhM2UyMTp7Il9hdXRoX3VzZXJfaWQiOiIzMiIsIl9hdXRoX3VzZXJfYmFja2VuZCI6ImRqYW5nby5jb250cmliLmF1dGguYmFja2VuZHMuTW9kZWxCYWNrZW5kIiwiX2F1dGhfdXNlcl9oYXNoIjoiOTVkNGUxMzYwOTY3NmU4NTU2MjYyNGIzMzg1NTI5NTk4MTA5ODJmMyJ9	2023-07-21 02:54:05.301913+00
459giynwgwbx9tsknv7cydznn9erz0s6	MzAyOTI5MzI3OGMzNWUyZjc5NzYzN2I4M2NhZWFmNTE0YTBhM2UyMTp7Il9hdXRoX3VzZXJfaWQiOiIzMiIsIl9hdXRoX3VzZXJfYmFja2VuZCI6ImRqYW5nby5jb250cmliLmF1dGguYmFja2VuZHMuTW9kZWxCYWNrZW5kIiwiX2F1dGhfdXNlcl9oYXNoIjoiOTVkNGUxMzYwOTY3NmU4NTU2MjYyNGIzMzg1NTI5NTk4MTA5ODJmMyJ9	2023-07-21 02:54:05.478822+00
zksnoda1u4wzyj7y4cjvjpf5zxvsoxsc	ZjE1NTNjNjlkYTRiMWQzMjExNTRhM2UxNjY0ODYwZDIxMDhmNGFjMDp7Il9hdXRoX3VzZXJfaWQiOiI4IiwiX2F1dGhfdXNlcl9iYWNrZW5kIjoiZGphbmdvLmNvbnRyaWIuYXV0aC5iYWNrZW5kcy5Nb2RlbEJhY2tlbmQiLCJfYXV0aF91c2VyX2hhc2giOiIzNTVmMmIyNDY1ZDM1MzkxNDY1YTA0YmMxMjc0Yjg5M2Q2N2U1NDFhIn0=	2023-01-17 16:15:24.164095+00
0j84050bd3qsg5hm80wwrt6z1z8wcnhv	MTZkMTRlNGIwZjg0MzQ5NjMyNzEwZTZmYjc5YTk4NzU1ZTcwM2VmMDp7Il9hdXRoX3VzZXJfaWQiOiIxIiwiX2F1dGhfdXNlcl9iYWNrZW5kIjoiZGphbmdvLmNvbnRyaWIuYXV0aC5iYWNrZW5kcy5Nb2RlbEJhY2tlbmQiLCJfYXV0aF91c2VyX2hhc2giOiJmZDg0MzA5ZDlmYThjODdkNjJiNDI2YWFiNDVlODQ5YTQ4N2RmODJiIn0=	2023-07-24 16:32:09.324187+00
j1ml047uuripwif53e6r1bd2dajagrx4	MDUzNmYzZjcxMTcwOTQzZDYyMjgxODgwNWVlYmEwMmQyZjlmYjBkMzp7Il9hdXRoX3VzZXJfaWQiOiIyNyIsIl9hdXRoX3VzZXJfYmFja2VuZCI6ImRqYW5nby5jb250cmliLmF1dGguYmFja2VuZHMuTW9kZWxCYWNrZW5kIiwiX2F1dGhfdXNlcl9oYXNoIjoiOTBiMDllM2NlNTY1ZDM2NzE0NDQxZjY3Y2UwZTg5NGE5MGIzZjMxNyJ9	2023-01-20 14:40:49.548564+00
hfi4mrrcwhc5rquv6doq3dnmwhztcsud	NGUzYWExMjYzZDExM2NhNzA5NTYzYmRkNGE0YmM0ZGIzOWQ0MTE2OTp7Il9hdXRoX3VzZXJfaWQiOiI3IiwiX2F1dGhfdXNlcl9iYWNrZW5kIjoiZGphbmdvLmNvbnRyaWIuYXV0aC5iYWNrZW5kcy5Nb2RlbEJhY2tlbmQiLCJfYXV0aF91c2VyX2hhc2giOiI4ZTJhNmY3YjdkMGFjYmI2ZjYwYjBlZTQxNDQ5ODdjMjI0YjE0Y2ViIn0=	2023-07-25 19:45:49.818633+00
bwlstbcl4gvyfs6g8n3y1qxcrkdqv8rz	Zjg2MDg3YjA1OTRlMDVmNWMxNDY3YWE0MDdjNmFjNDk2ODMxMmMyMzp7Il9hdXRoX3VzZXJfaWQiOiIxMiIsIl9hdXRoX3VzZXJfYmFja2VuZCI6ImRqYW5nby5jb250cmliLmF1dGguYmFja2VuZHMuTW9kZWxCYWNrZW5kIiwiX2F1dGhfdXNlcl9oYXNoIjoiNzNiZjY3NmRiOWFjODczYzcwMjgwODFlMGUzYTg2ZGRkMWEyODRiOCJ9	2023-01-25 15:18:47.013583+00
2pe89ofeptysky8dgfdy1evs7yq2po5h	NGUzYWExMjYzZDExM2NhNzA5NTYzYmRkNGE0YmM0ZGIzOWQ0MTE2OTp7Il9hdXRoX3VzZXJfaWQiOiI3IiwiX2F1dGhfdXNlcl9iYWNrZW5kIjoiZGphbmdvLmNvbnRyaWIuYXV0aC5iYWNrZW5kcy5Nb2RlbEJhY2tlbmQiLCJfYXV0aF91c2VyX2hhc2giOiI4ZTJhNmY3YjdkMGFjYmI2ZjYwYjBlZTQxNDQ5ODdjMjI0YjE0Y2ViIn0=	2023-01-26 18:43:10.759447+00
ipwh4tifxudntt2a6usq0spxmwwbv9cp	ODJkYjQwOTc4MGM4YjQ3MjM5OGIwMDNiN2ZjYzBiZTk1MWI4OWVlNzp7Il9hdXRoX3VzZXJfaWQiOiIzMyIsIl9hdXRoX3VzZXJfYmFja2VuZCI6ImRqYW5nby5jb250cmliLmF1dGguYmFja2VuZHMuTW9kZWxCYWNrZW5kIiwiX2F1dGhfdXNlcl9oYXNoIjoiZTU2ZGM1NzQyMTkxMjllN2M3ZjQ1NGZiOGZlZDhjNzgyZjQ3ZDZlYSJ9	2023-07-27 18:12:23.892574+00
ghs47o1efpp5ax0r202ds71p7nd9k9an	NGUzYWExMjYzZDExM2NhNzA5NTYzYmRkNGE0YmM0ZGIzOWQ0MTE2OTp7Il9hdXRoX3VzZXJfaWQiOiI3IiwiX2F1dGhfdXNlcl9iYWNrZW5kIjoiZGphbmdvLmNvbnRyaWIuYXV0aC5iYWNrZW5kcy5Nb2RlbEJhY2tlbmQiLCJfYXV0aF91c2VyX2hhc2giOiI4ZTJhNmY3YjdkMGFjYmI2ZjYwYjBlZTQxNDQ5ODdjMjI0YjE0Y2ViIn0=	2023-01-27 15:00:37.313738+00
o66fs2bobt9n0r4llfel4u9zmb1iux7c	MTZkMTRlNGIwZjg0MzQ5NjMyNzEwZTZmYjc5YTk4NzU1ZTcwM2VmMDp7Il9hdXRoX3VzZXJfaWQiOiIxIiwiX2F1dGhfdXNlcl9iYWNrZW5kIjoiZGphbmdvLmNvbnRyaWIuYXV0aC5iYWNrZW5kcy5Nb2RlbEJhY2tlbmQiLCJfYXV0aF91c2VyX2hhc2giOiJmZDg0MzA5ZDlmYThjODdkNjJiNDI2YWFiNDVlODQ5YTQ4N2RmODJiIn0=	2023-02-17 02:06:30.899199+00
gk8ks064muhplyiltpciz04s0id58jf9	MDUzNmYzZjcxMTcwOTQzZDYyMjgxODgwNWVlYmEwMmQyZjlmYjBkMzp7Il9hdXRoX3VzZXJfaWQiOiIyNyIsIl9hdXRoX3VzZXJfYmFja2VuZCI6ImRqYW5nby5jb250cmliLmF1dGguYmFja2VuZHMuTW9kZWxCYWNrZW5kIiwiX2F1dGhfdXNlcl9oYXNoIjoiOTBiMDllM2NlNTY1ZDM2NzE0NDQxZjY3Y2UwZTg5NGE5MGIzZjMxNyJ9	2023-02-17 18:54:45.904078+00
ofj40ye37o0xn1bwwl44ijny4wq3fpqx	MzAyOTI5MzI3OGMzNWUyZjc5NzYzN2I4M2NhZWFmNTE0YTBhM2UyMTp7Il9hdXRoX3VzZXJfaWQiOiIzMiIsIl9hdXRoX3VzZXJfYmFja2VuZCI6ImRqYW5nby5jb250cmliLmF1dGguYmFja2VuZHMuTW9kZWxCYWNrZW5kIiwiX2F1dGhfdXNlcl9oYXNoIjoiOTVkNGUxMzYwOTY3NmU4NTU2MjYyNGIzMzg1NTI5NTk4MTA5ODJmMyJ9	2023-02-22 14:38:24.736179+00
cermr0n8gyd401e3poqewz80gevs9yqh	YzAzY2Q4MmJiMjliZTNiMmFmOWI5ZTAwMDA2NzVmNWJjMDQ3ZGMwYzp7Il9hdXRoX3VzZXJfaWQiOiIzMyIsIl9hdXRoX3VzZXJfYmFja2VuZCI6ImRqYW5nby5jb250cmliLmF1dGguYmFja2VuZHMuTW9kZWxCYWNrZW5kIiwiX2F1dGhfdXNlcl9oYXNoIjoiODU4ZTc3Nzc1OWU5ODRmZmEzY2Q5ZGUyYWEzZmE5NTkzOTIxNTE5NiJ9	2023-07-28 15:35:27.885182+00
gops6r9z3j1l5rgx8gc62nkw7bq2t1dx	YzAzY2Q4MmJiMjliZTNiMmFmOWI5ZTAwMDA2NzVmNWJjMDQ3ZGMwYzp7Il9hdXRoX3VzZXJfaWQiOiIzMyIsIl9hdXRoX3VzZXJfYmFja2VuZCI6ImRqYW5nby5jb250cmliLmF1dGguYmFja2VuZHMuTW9kZWxCYWNrZW5kIiwiX2F1dGhfdXNlcl9oYXNoIjoiODU4ZTc3Nzc1OWU5ODRmZmEzY2Q5ZGUyYWEzZmE5NTkzOTIxNTE5NiJ9	2023-07-28 15:37:40.49471+00
jejdqd1msqlm4efecrkxvarubecgp555	MTZkMTRlNGIwZjg0MzQ5NjMyNzEwZTZmYjc5YTk4NzU1ZTcwM2VmMDp7Il9hdXRoX3VzZXJfaWQiOiIxIiwiX2F1dGhfdXNlcl9iYWNrZW5kIjoiZGphbmdvLmNvbnRyaWIuYXV0aC5iYWNrZW5kcy5Nb2RlbEJhY2tlbmQiLCJfYXV0aF91c2VyX2hhc2giOiJmZDg0MzA5ZDlmYThjODdkNjJiNDI2YWFiNDVlODQ5YTQ4N2RmODJiIn0=	2023-07-31 17:34:43.96158+00
d2ayi06afjsih2r5ked167j8btechoc6	ZjE1NTNjNjlkYTRiMWQzMjExNTRhM2UxNjY0ODYwZDIxMDhmNGFjMDp7Il9hdXRoX3VzZXJfaWQiOiI4IiwiX2F1dGhfdXNlcl9iYWNrZW5kIjoiZGphbmdvLmNvbnRyaWIuYXV0aC5iYWNrZW5kcy5Nb2RlbEJhY2tlbmQiLCJfYXV0aF91c2VyX2hhc2giOiIzNTVmMmIyNDY1ZDM1MzkxNDY1YTA0YmMxMjc0Yjg5M2Q2N2U1NDFhIn0=	2023-02-26 07:40:59.974206+00
8jyf4jiomd45os7zg63rctxgfb5iujsk	NGUzYWExMjYzZDExM2NhNzA5NTYzYmRkNGE0YmM0ZGIzOWQ0MTE2OTp7Il9hdXRoX3VzZXJfaWQiOiI3IiwiX2F1dGhfdXNlcl9iYWNrZW5kIjoiZGphbmdvLmNvbnRyaWIuYXV0aC5iYWNrZW5kcy5Nb2RlbEJhY2tlbmQiLCJfYXV0aF91c2VyX2hhc2giOiI4ZTJhNmY3YjdkMGFjYmI2ZjYwYjBlZTQxNDQ5ODdjMjI0YjE0Y2ViIn0=	2023-07-31 20:41:57.656904+00
ve9xdawmt4azntai970jr1tgsrinurtx	Zjg2MDg3YjA1OTRlMDVmNWMxNDY3YWE0MDdjNmFjNDk2ODMxMmMyMzp7Il9hdXRoX3VzZXJfaWQiOiIxMiIsIl9hdXRoX3VzZXJfYmFja2VuZCI6ImRqYW5nby5jb250cmliLmF1dGguYmFja2VuZHMuTW9kZWxCYWNrZW5kIiwiX2F1dGhfdXNlcl9oYXNoIjoiNzNiZjY3NmRiOWFjODczYzcwMjgwODFlMGUzYTg2ZGRkMWEyODRiOCJ9	2023-03-01 15:03:56.802719+00
vwvhdxjwbzmjqtsjzlxui3dq33rd0hy2	YzAzY2Q4MmJiMjliZTNiMmFmOWI5ZTAwMDA2NzVmNWJjMDQ3ZGMwYzp7Il9hdXRoX3VzZXJfaWQiOiIzMyIsIl9hdXRoX3VzZXJfYmFja2VuZCI6ImRqYW5nby5jb250cmliLmF1dGguYmFja2VuZHMuTW9kZWxCYWNrZW5kIiwiX2F1dGhfdXNlcl9oYXNoIjoiODU4ZTc3Nzc1OWU5ODRmZmEzY2Q5ZGUyYWEzZmE5NTkzOTIxNTE5NiJ9	2023-08-04 19:50:05.882641+00
a2qejtaybt4azc8ek2d3yek28087h5yp	MTZkMTRlNGIwZjg0MzQ5NjMyNzEwZTZmYjc5YTk4NzU1ZTcwM2VmMDp7Il9hdXRoX3VzZXJfaWQiOiIxIiwiX2F1dGhfdXNlcl9iYWNrZW5kIjoiZGphbmdvLmNvbnRyaWIuYXV0aC5iYWNrZW5kcy5Nb2RlbEJhY2tlbmQiLCJfYXV0aF91c2VyX2hhc2giOiJmZDg0MzA5ZDlmYThjODdkNjJiNDI2YWFiNDVlODQ5YTQ4N2RmODJiIn0=	2023-10-11 16:44:44.92909+00
\.


--
-- Data for Name: metadata_biosample; Type: TABLE DATA; Schema: public; Owner: postgres
--

COPY public.metadata_biosample (id, created_at, edited_at, description, contact_person, contact_info, delivery_date, name, sample_id, collection_date, collection_method, json_fields, created_by_id, edited_by_id, json_type_id, lab_name_id, biosource_id, modification_id, treatment_id) FROM stdin;
\.


--
-- Data for Name: metadata_biosource; Type: TABLE DATA; Schema: public; Owner: postgres
--

COPY public.metadata_biosource (id, created_at, edited_at, description, name, disease, json_fields, created_by_id, edited_by_id, json_type_id, source_organism_id) FROM stdin;
\.


--
-- Data for Name: metadata_choice; Type: TABLE DATA; Schema: public; Owner: postgres
--

COPY public.metadata_choice (id, name, class_type) FROM stdin;
1	Human	source_organism
2	Mouse	source_organism
3	Fly	source_organism
4	Crispr	modification_type
5	Stable Transfection	modification_type
6	Other	modification_type
9	deletion	genomic_change
10	insertion	genomic_change
11	inversion	genomic_change
12	duplication	genomic_change
13	replacement	genomic_change
14	disruption	genomic_change
15	point mutation	genomic_change
16	complex change	genomic_change
17	unknown	genomic_change
18	Experiment Authentication	protocol_type
19	Karyotyping Authentication	protocol_type
20	Differentiation Authentication	protocol_type
21	Cell cycle Authentication	protocol_type
22	Ploidy Authentication	protocol_type
23	Instrument Authentication	protocol_type
24	Antibody Authentication	protocol_type
26	g	quantity_units
27	mg	quantity_units
28	μg	quantity_units
29	ml	quantity_units
30	cells	quantity_units
33	PacBio Sequel II	sequencing_instrument
34	fastq	file_format
35	fasta	file_format
39	john_dick_lab	lab_name
40	benjamin_haibe-kains_lab	lab_name
31	Princess Margaret Genomics Centre	sequencing_center
25	Tissue Preparation Methods	protocol_type
42	Experiment protocol	protocol_type
44	Fresh cells	sample_type
45	Frozen tissue	sample_type
46	DNA	sample_type
47	Libraries	sample_type
53	Tissue	tissue_type
52	Explants	tissue_type
49	Pdx	tissue_type
43	dave_cescon_lab	lab_name
54	michael_taylor_lab	lab_name
55	SickKids Centre for Applied Genomics	sequencing_center
56	Ontario Institute for Cancer Research	sequencing_center
32	Illumina HiSeq 4000	sequencing_instrument
57	Illumina HiSeq 2500	sequencing_instrument
58	Illumina HiSeq X	sequencing_instrument
59	PacBio Sequel	sequencing_instrument
60	PacBio RS	sequencing_instrument
61	Oxford Nanopore MinION	sequencing_instrument
36	Illumina NovaSeq 6000	sequencing_instrument
37	Illumina MiSeq	sequencing_instrument
38	Illumina NextSeq 550	sequencing_instrument
62	Illumina NextSeq 500	sequencing_instrument
48	dkfz_plass_lab	lab_name
8	mathieu_lupien_lab	lab_name
63	zadeh_lab	lab_name
64	scRNA-seq	file_assay
66	ATAC-seq	file_assay
67	RNA-seq	file_assay
69	Hi-C	file_assay
68	ChIP-seq	file_assay
70	CUT&RUN	file_assay
65	scATAC-seq	file_assay
71	TargetSite_GEX	file_assay
50	Cell-line	tissue_type
72	Liquid biopsy	tissue_type
51	Organoids	tissue_type
41	michael_hoffman_lab	lab_name
74	hansen_he_lab	lab_name
\.


--
-- Data for Name: metadata_choicedisease; Type: TABLE DATA; Schema: public; Owner: postgres
--

COPY public.metadata_choicedisease (id, name, class_type) FROM stdin;
1	Brain	project_related
2	Blood	project_related
3	Bone	project_related
4	Prostate	project_related
5	Mammary	project_related
7	Lung	project_related
8	Colon	project_related
9	Breast	project_related
10	Pancreas	project_related
48	Pan cancer	disease_site
47	Uveal Melanoma (UVM)	disease_site
46	Uterine Corpus Endometrial Carcinoma (UCEC)	disease_site
45	Uterine Carcinosarcoma (UCS)	disease_site
44	Thyroid carcinoma (THCA)	disease_site
43	Thymoma (THYM)	disease_site
42	Testicular Germ Cell Tumors (TGCT)	disease_site
41	Stomach adenocarcinoma (STAD)	disease_site
40	Skin Cutaneous Melanoma (SKCM)	disease_site
39	Sarcoma (SARC)	disease_site
38	Rectum adenocarcinoma (READ)	disease_site
37	Prostate adenocarcinoma (PRAD)	disease_site
36	Pheochromocytoma and Paraganglioma (PCPG)	disease_site
35	Pancreatic adenocarcinoma (PAAD)	disease_site
34	Ovarian serous cystadenocarcinoma (OV)	disease_site
33	Miscellaneous (MISC)	disease_site
32	Mesothelioma (MESO)	disease_site
31	LymphoidNeoplasmDiffuseLargeB-cell Lymphoma (DLBC)	disease_site
30	Lung squamous cell carcinoma (LUSC)	disease_site
29	Lung adenocarcinoma (LUAD)	disease_site
28	Liver hepatocellular carcinoma (LIHC)	disease_site
27	Kidney renal papillary cell carcinoma (KIRP)	disease_site
26	Kidney renal clear cell carcinoma (KIRC)	disease_site
24	Kidney Chromophobe (KICH)	disease_site
23	Head and Neck squamous cell carcinoma (HNSC)	disease_site
22	Glioblastoma multiforme (GBM)	disease_site
25	FFPE Pilot Phase II (FPPP)	disease_site
21	Esophageal carcinoma (ESCA)	disease_site
20	Controls (CNTL)	disease_site
19	Colon adenocarcinoma (COAD)	disease_site
18	Chronic Myelogenous Leukemia (LCML)	disease_site
17	Cholangiocarcinoma (CHOL)	disease_site
16	CervicalSquamousCellandEndocervicalCarcinoma(CESC)	disease_site
15	Breast invasive carcinoma (BRCA)	disease_site
14	Brain Lower Grade Glioma (LGG)	disease_site
13	Bladder Urothelial Carcinoma (BLCA)	disease_site
12	Adrenocortical carcinoma (ACC)	disease_site
49	Ependymoma	disease_site
11	Acute Myeloid Leukemia (LAML)	disease_site
50	Acute Lymphoid Leukemia (LALL)	disease_site
\.


--
-- Data for Name: metadata_experiment; Type: TABLE DATA; Schema: public; Owner: postgres
--

COPY public.metadata_experiment (id, created_at, edited_at, description, name, bio_rep_no, tec_rep_no, json_fields, biosample_id, created_by_id, edited_by_id, json_type_id, project_id, protocol_id, biosample_quantity, biosample_quantity_units_id, concentration_of_sample, uid, volume_of_sample) FROM stdin;
\.


--
-- Data for Name: metadata_experimenttag; Type: TABLE DATA; Schema: public; Owner: postgres
--

COPY public.metadata_experimenttag (id, created_at, edited_at, description, name, created_by_id, edited_by_id, project_id) FROM stdin;
\.


--
-- Data for Name: metadata_experimenttag_experiment; Type: TABLE DATA; Schema: public; Owner: postgres
--

COPY public.metadata_experimenttag_experiment (id, experimenttag_id, experiment_id) FROM stdin;
\.


--
-- Data for Name: metadata_jsonobj; Type: TABLE DATA; Schema: public; Owner: postgres
--

COPY public.metadata_jsonobj (id, name, json_type, json_fields) FROM stdin;
8	TreatmentRnai	treatment_type	{"rnai_type": {"old": "", "data": "ChoiceField", "help": "rnai_type", "order": 1, "choices": {"1": "shRNA", "2": "siRNA"}, "required": "yes"}, "treatment_type": {"old": "", "data": "CharField", "help": "The method used to make the treatment", "order": 3, "required": "no"}, "target_sequence": {"old": "", "data": "CharField", "help": "The nucleotide sequence of the target region", "order": 2, "required": "no"}}
3	cell line	biomaterial_type	{"sex": {"old": "", "data": "ChoiceField", "help": "Sex", "order": 5, "choices": {"1": "", "2": "Male", "3": "Female", "4": "Unknown", "5": "Mixed"}, "required": "yes"}, "medium": {"old": "", "data": "CharField", "help": "Medium", "order": 4, "required": "no"}, "lineage": {"old": "", "data": "CharField", "help": "Lineage of the cell line", "order": 2, "required": "no"}, "cell_line_name": {"old": "", "data": "CharField", "help": "Name of the cell line", "order": 1, "required": "yes"}, "differentiation_stage": {"old": "", "data": "CharField", "help": "For cells that have undergone differentiation (or serve as undifferentiated controls) a description of the differention state and markers used to determine the state", "order": 3, "required": "no"}}
2	Hi-C	experiment_type	{"pcr_cycles": {"old": "", "data": "IntegerField", "help": "The number of PCR cycles used for final library amplification prior to sequencing", "order": 20, "required": "no"}, "ligation_time": {"old": "", "data": "FloatField", "help": "Time of digestion step in minutes", "order": 11, "required": "no"}, "biotin_removed": {"old": "", "data": "ChoiceField", "help": "The optional biotin removal step was performed", "order": 14, "choices": {"1": "", "2": "Yes", "3": "No"}, "required": "no"}, "digestion_time": {"old": "", "data": "FloatField", "help": "Time of digestion step in minutes", "order": 8, "required": "no"}, "tagging_method": {"old": "", "data": "CharField", "help": "Information on the biotinylated base used or other tagging info", "order": 10, "required": "no"}, "experiment_type": {"old": "", "data": "ChoiceField", "help": "A controlled term specifying the type of experiment", "order": 2, "choices": {"1": "in situ Hi-C", "2": "dilution Hi-C", "3": "micro-C", "4": "DNase Hi-C"}, "required": "yes"}, "ligation_volume": {"old": "", "data": "FloatField", "help": "Volume of ligation step in milliliters", "order": 13, "required": "no"}, "digestion_enzyme": {"old": "", "data": "ChoiceField", "help": "The enzyme used for digestion of the DNA", "order": 6, "choices": {"1": "", "2": "HindIII", "3": "DpnII", "4": "DdeI", "5": "MboI", "6": "NcoI"}, "required": "no"}, "library_prep_kit": {"old": "", "data": "CharField", "help": "Name of the library prep kit used to generate library", "order": 15, "required": "no"}, "crosslinking_time": {"old": "", "data": "FloatField", "help": "Time of crosslinking step in minutes", "order": 4, "required": "no"}, "enzyme_lot_number": {"old": "", "data": "CharField", "help": "Lot number of batch of enzyme used to digest DNA", "order": 7, "required": "no"}, "crosslinking_method": {"old": "", "data": "ChoiceField", "help": "Term used for the method for crosslinking chromatin", "order": 3, "choices": {"1": "none", "2": "1% Formaldehyde", "3": "1.3% Formaldehyde", "4": "2% Formaldehyde", "5": "2.5% Formaldehyde", "6": "3.5% Formaldehyde", "7": "1% Formaldehyde and 3mM DSG"}, "required": "yes"}, "fragment_size_range": {"old": "", "data": "CharField", "help": "Fragment size range", "order": 19, "required": "no"}, "fragmentation_method": {"old": "", "data": "ChoiceField", "help": "A short description or reference of the nucleic acid fragmentation protocol used in library preparation, if applicable", "order": 16, "choices": {"1": "n/a", "2": "none", "3": "chemical", "4": "shearing", "5": "sonication", "6": "tagmentation", "7": "see protocol document"}, "required": "no"}, "ligation_temperature": {"old": "", "data": "FloatField", "help": "Temperature of crosslinking step in degrees Celsius", "order": 12, "required": "no"}, "average_fragment_size": {"old": "", "data": "IntegerField", "help": "Size of average fragment in base pairs after fragmentation step", "order": 18, "required": "no"}, "digestion_temperature": {"old": "", "data": "FloatField", "help": "Temperature of crosslinking step in degrees Celsius", "order": 9, "required": "no"}, "crosslinking_temperature": {"old": "", "data": "FloatField", "help": "Temperature of crosslinking step in degrees Celsius", "order": 5, "required": "no"}, "library_preparation_date": {"old": "", "data": "DateField", "help": "The measured size range of the purified nucleic acid, in bp", "order": 1, "required": "yes"}, "fragment_size_selection_method": {"old": "", "data": "ChoiceField", "help": "A short description or reference of the size selection protocol used in library preparation, if applicable", "order": 17, "choices": {"1": "", "2": "gel", "3": "see document", "4": "SPRI beads", "5": "none", "6": "BluePippin"}, "required": "no"}}
4	primary cell	biomaterial_type	{"sex": {"old": "", "data": "ChoiceField", "help": "Donor sex", "order": 6, "choices": {"1": "", "2": "Male", "3": "Female", "4": "Unknown", "5": "Mixed"}, "required": "no"}, "donor_id": {"old": "", "data": "CharField", "help": "Donor id", "order": 2, "required": "yes"}, "cell_type": {"old": "", "data": "CharField", "help": "Cell type", "order": 1, "required": "no"}, "donor_age": {"old": "", "data": "IntegerField", "help": "Donor age", "order": 3, "required": "no"}, "donor_age_unit": {"old": "", "data": "ChoiceField", "help": "Donor age unit", "order": 4, "choices": {"1": "", "2": "day", "3": "week", "4": "month", "5": "year"}, "required": "no"}, "donor_ethnicity": {"old": "", "data": "CharField", "help": "Donor ethnicity", "order": 7, "required": "no"}, "donor_health_status": {"old": "", "data": "CharField", "help": "Donor health status", "order": 5, "required": "no"}}
10	tissue explants	biomaterial_type	{"id": {"old": "", "data": "CharField", "help": "Any relevant id", "order": 1, "required": "no"}, "sex": {"old": "", "data": "ChoiceField", "help": "Donor sex", "order": 8, "choices": {"1": "", "2": "Male", "3": "Female", "4": "Unknown", "5": "Mixed"}, "required": "no"}, "disease": {"old": "", "data": "CharField", "help": "Related disease name", "order": 3, "required": "yes"}, "donor_id": {"old": "", "data": "CharField", "help": "Donor id", "order": 4, "required": "yes"}, "donor_age": {"old": "", "data": "IntegerField", "help": "Donor age", "order": 5, "required": "no"}, "base_media": {"old": "", "data": "ChoiceField", "help": "Media", "order": 10, "choices": {"1": "", "2": "DMEM", "3": "RPMI"}, "required": "no"}, "tissue_type": {"old": "", "data": "ChoiceField", "help": "Tissue type", "order": 2, "choices": {"1": "", "2": "Primary samples", "3": "Fine Needle Aspirates (FNA) ", "4": "Patient derived xenografts (PDX)"}, "required": "no"}, "donor_age_unit": {"old": "", "data": "ChoiceField", "help": "Donor age unit", "order": 6, "choices": {"1": "", "2": "day", "3": "week", "4": "month", "5": "year"}, "required": "no"}, "donor_ethnicity": {"old": "", "data": "CharField", "help": "Donor ethnicity", "order": 9, "required": "no"}, "number_of_washes": {"old": "", "data": "IntegerField", "help": "Number of washes performed during experiment", "order": 12, "required": "no"}, "donor_health_status": {"old": "", "data": "CharField", "help": "Donor health status", "order": 7, "required": "no"}, "additional_compounds": {"old": "", "data": "CharField", "help": "e.g. Gentimicine, Antibiotics", "order": 11, "required": "no"}}
6	preprocessing details - Not Available	preprocessing_details	{"null": ""}
11	ChIP-seq	experiment_type	{"antibody": {"old": "", "data": "CharField", "help": "Name and antibody product no (the catalog number for commercially obtained antibody)", "order": 2, "required": "no"}, "pcr_cycles": {"old": "", "data": "IntegerField", "help": "The number of PCR cycles used for final library amplification prior to sequencing", "order": 10, "required": "no"}, "digestion_time": {"old": "", "data": "CharField", "help": "Time of digestion step in minutes", "order": 7, "required": "no"}, "targeted_factor": {"old": "", "data": "CharField", "help": "Information about the target of the Antibody", "order": 4, "required": "no"}, "digestion_enzyme": {"old": "", "data": "CharField", "help": "The enzyme used for digestion of the DNA.", "order": 6, "required": "no"}, "library_prep_kit": {"old": "", "data": "CharField", "help": "Name of the library prep kit used to generate library", "order": 11, "required": "no"}, "antibody_dilution": {"old": "", "data": "CharField", "help": "The working dilution or concentration of the antibody eg. 1:100 or 200 ug/ml", "order": 3, "required": "no"}, "enzyme_lot_number": {"old": "", "data": "CharField", "help": "Lot number of batch of enzyme used to digest DNA", "order": 9, "required": "no"}, "fragmentation_method": {"old": "", "data": "ChoiceField", "help": "A short description or reference of the nucleic acid fragmentation protocol used in library preparation, if applicable", "order": 5, "choices": {"1": "n/a", "2": "none", "3": "chemical", "4": "shearing", "5": "sonication", "6": "tagmentation", "7": "see protocol document"}, "required": "no"}, "average_fragment_size": {"old": "", "data": "CharField", "help": "Size of average fragment in base pairs after fragmentation step", "order": 13, "required": "no"}, "digestion_temperature": {"old": "", "data": "IntegerField", "help": "Temperature of digestion step in degrees Celsius", "order": 8, "required": "no"}, "size_selection_method": {"old": "", "data": "ChoiceField", "help": "A short description of the method used to remove the amplification primers", "order": 12, "choices": {"1": "", "2": "gel", "3": "see document", "4": "minelute column", "5": "SPRI beads", "6": "Pippin HT (CORE)"}, "required": "no"}, "library_preparation_date": {"old": "", "data": "DateField", "help": "The date that the library was prepared - submitted", "order": 1, "required": "yes"}}
12	RNA-seq	experiment_type	{"pcr_cycles": {"old": "", "data": "IntegerField", "help": "The number of PCR cycles used for final library amplification prior to sequencing", "order": 6, "required": "no"}, "strandedness": {"old": "", "data": "ChoiceField", "help": "For RNA libraries, do reads correspond to the forward RNA strand, the complementary reverse strand or both (unstranded)", "order": 3, "choices": {"1": "", "2": "forward", "3": "reverse", "4": "unstranded"}, "required": "no"}, "library_prep_kit": {"old": "", "data": "CharField", "help": "Name of the library prep kit used to generate library", "order": 7, "required": "no"}, "library_protocol": {"old": "", "data": "ChoiceField", "help": "Approach for library preparation", "order": 2, "choices": {"1": "", "2": "Poly-A enrichment", "3": "Ribo-depletion"}, "required": "no"}, "spikein_sequences": {"old": "", "data": "Textarea", "help": "spike in sequences and concentration", "order": 4, "required": "no"}, "spikin_description": {"old": "", "data": "CharField", "help": "A description of the type/purpose of the spike-in", "order": 5, "required": "no"}, "average_fragment_size": {"old": "", "data": "CharField", "help": "Size of average fragment in base pairs after fragmentation step", "order": 9, "required": "no"}, "size_selection_method": {"old": "", "data": "ChoiceField", "help": "A short description of the method used to remove the amplification primers", "order": 8, "choices": {"1": "", "2": "gel", "3": "see document", "4": "minelute column", "5": "SPRI beads", "6": "Pippin HT (CORE)"}, "required": "no"}, "library_preparation_date": {"old": "", "data": "DateField", "help": "The date that the library was prepared - submitted", "order": 1, "required": "yes"}}
7	TreatmentAgent	treatment_type	{"chemical": {"old": "", "data": "CharField", "help": "chemical", "order": 2, "required": "no"}, "duration": {"old": "", "data": "FloatField", "help": "duration", "order": 6, "required": "no"}, "temperature": {"old": "", "data": "FloatField", "help": "temperature in degree celsius", "order": 8, "required": "no"}, "concentration": {"old": "", "data": "FloatField", "help": "concentration", "order": 4, "required": "no"}, "duration_units": {"old": "", "data": "ChoiceField", "help": "The method used to make the treatment", "order": 7, "choices": {"1": "", "2": "second", "3": "minute", "4": "hour", "5": "day"}, "required": "no"}, "treatment_type": {"old": "", "data": "ChoiceField", "help": "The method used to make the treatment", "order": 1, "choices": {"1": "Biological", "2": "Transient Transfection", "3": "Chemical", "4": "Heat Shock", "5": "Cold Shock", "6": "Other"}, "required": "yes"}, "biological_agent": {"old": "", "data": "CharField", "help": "Biological agent the sample is being treated with", "order": 3, "required": "no"}, "concentration_units": {"old": "", "data": "ChoiceField", "help": "The method used to make the treatment", "order": 5, "choices": {"1": "pM", "2": "nM", "3": "μM", "4": "μg/mL", "5": "mM", "6": "mg/mL", "7": "ng/mL", "8": "M", "9": "percent", "10": "units", "11": "U/mL", "12": "MOI", "13": "mg/kg"}, "required": "no"}}
13	scATAC	experiment_type	{"pcr_cycles": {"old": "", "data": "IntegerField", "help": "Number of PCR Cycles used for additional amplification after qPCR before sequencing", "order": 6, "required": "no"}, "transposase": {"old": "", "data": "CharField", "help": "Name the transposase used to 'insert' sequencing adapters e.g. Homebrew, Illumina", "order": 2, "required": "yes"}, "enzyme_lot_number": {"old": "", "data": "CharField", "help": "Lot number of batch of enzyme used to digest DNA", "order": 3, "required": "no"}, "size_selection_method": {"old": "", "data": "ChoiceField", "help": "A short description of the method used to remove the amplification primers", "order": 6, "choices": {"1": "", "2": "gel", "3": "see document", "4": "minelute column", "5": "SPRI beads", "6": "AMPure beads", "7": "Pippin HT (CORE)"}, "required": "no"}, "enzyme_incubation_time": {"old": "30", "data": "CharField", "help": "Time of incubation with enzyme in minutes", "order": 4, "required": "no"}, "incubation_temperature": {"old": "37", "data": "IntegerField", "help": "Temperature of transposase step in degrees Celsius", "order": 5, "required": "no"}, "library_preparation_date": {"old": "", "data": "DateField", "help": "The date that the library was prepared - submitted", "order": 1, "required": "yes"}}
15	BS-seq	experiment_type	{"DNA_capture_kit": {"old": "", "data": "CharField", "help": "DNA capture kit", "order": 7, "required": "no"}, "experiment_types": {"old": "", "data": "ChoiceField", "help": "A short description of the method used to remove the amplification primers", "order": 2, "choices": {"1": "", "2": "Whole genome bisulfite sequencing", "3": "Capture Methyl-seq", "4": "Reduced representation bisulfite sequencing"}, "required": "yes"}, "library_prep_kit": {"old": "", "data": "CharField", "help": "Name of the library prep kit used to generate library", "order": 3, "required": "no"}, "Fragment_size_range": {"old": "", "data": "CharField", "help": "Frangment size range", "order": 5, "required": "no"}, "average_fragment_size": {"old": "", "data": "CharField", "help": "Size of average fragment in base pairs after fragmentation step", "order": 4, "required": "no"}, "bisulfite_conversion_kit": {"old": "", "data": "CharField", "help": "Bisulfite conversion kit", "order": 6, "required": "no"}, "library_preparation_date": {"old": "", "data": "DateField", "help": "The date that the library was prepared - submitted", "order": 1, "required": "yes"}}
1	ATAC-seq	experiment_type	{"pcr_cycles": {"old": "", "data": "IntegerField", "help": "Number of PCR Cycles used for additional amplification after qPCR before sequencing", "order": 6, "required": "no"}, "transposase": {"old": "", "data": "CharField", "help": "Name the transposase used to 'insert' sequencing adapters e.g. Homebrew, Illumina", "order": 2, "required": "yes"}, "enzyme_lot_number": {"old": "", "data": "CharField", "help": "Lot number of batch of enzyme used to digest DNA", "order": 3, "required": "no"}, "size_selection_method": {"old": "", "data": "ChoiceField", "help": "A short description of the method used to remove the amplification primers", "order": 6, "choices": {"1": "", "2": "gel", "3": "see document", "4": "minelute column", "5": "SPRI beads", "6": "AMPure beads", "7": "Pippin HT (CORE)"}, "required": "no"}, "enzyme_incubation_time": {"old": "30", "data": "CharField", "help": "Time of incubation with enzyme in minutes", "order": 4, "required": "no"}, "incubation_temperature": {"old": "37", "data": "IntegerField", "help": "Temperature of transposase step in degrees Celsius", "order": 5, "required": "no"}, "library_preparation_date": {"old": "", "data": "DateField", "help": "The date that the library was prepared - submitted", "order": 1, "required": "yes"}}
14	scATAC-RNAseq-multiome	experiment_type	{"pcr_cycles": {"old": "", "data": "IntegerField", "help": "The number of PCR cycles used for final library amplification prior to sequencing", "order": 6, "required": "no"}, "transposase": {"old": "", "data": "CharField", "help": "Name the transposase used to 'insert' sequencing adapters e.g. Homebrew, Illumina", "order": 2, "required": "yes"}, "strandedness": {"old": "", "data": "ChoiceField", "help": "For RNA libraries, do reads correspond to the forward RNA strand, the complementary reverse strand or both (unstranded)", "order": 13, "choices": {"1": "", "2": "forward", "3": "reverse", "4": "unstranded"}, "required": "no"}, "library_prep_kit": {"old": "", "data": "CharField", "help": "Name of the library prep kit used to generate library", "order": 7, "required": "no"}, "library_protocol": {"old": "", "data": "ChoiceField", "help": "Approach for library preparation", "order": 9, "choices": {"1": "", "2": "Poly-A enrichment", "3": "Ribo-depletion"}, "required": "no"}, "enzyme_lot_number": {"old": "", "data": "CharField", "help": "Lot number of batch of enzyme used to digest DNA", "order": 3, "required": "no"}, "spikein_sequences": {"old": "", "data": "Textarea", "help": "spike in sequences and concentration", "order": 11, "required": "no"}, "spikin_description": {"old": "", "data": "CharField", "help": "A description of the type/purpose of the spike-in", "order": 12, "required": "no"}, "average_fragment_size": {"old": "", "data": "CharField", "help": "Size of average fragment in base pairs after fragmentation step", "order": 10, "required": "no"}, "size_selection_method": {"old": "", "data": "ChoiceField", "help": "A short description of the method used to remove the amplification primers", "order": 8, "choices": {"1": "", "2": "gel", "3": "see document", "4": "minelute column", "5": "SPRI beads", "6": "AMPure beads", "7": "Pippin HT (CORE)", "8": "10x Multiome"}, "required": "no"}, "enzyme_incubation_time": {"old": "30", "data": "CharField", "help": "Time of incubation with enzyme in minutes", "order": 4, "required": "no"}, "incubation_temperature": {"old": "37", "data": "IntegerField", "help": "Temperature of transposase step in degrees Celsius", "order": 5, "required": "no"}, "library_preparation_date": {"old": "", "data": "DateField", "help": "The date that the library was prepared - submitted", "order": 1, "required": "yes"}}
5	preprocessing details - Available	preprocessing_details	{"karyotype": {"old": "", "data": "CharField", "help": "Chromosome count and any noted rearrangements or copy number variation", "order": 11, "required": "no"}, "sample_type": {"old": "", "data": "ChoiceField", "help": "", "order": 2, "choices": {"1": "Fresh cultured cells (cell lines)", "2": "Cryopreserved cultured cells (viable freeze down of cell lines)", "3": "Fresh tissue chunk", "4": "Snap-frozen tissue chunk", "5": "Dissociated tumor (viable freeze down)", "6": "Snap-frozen tissue slide", "7": "Fresh blood tissue", "8": "Snap-frozen blood tissue (viable freeze down)", "9": "OCT frozen chunks", "10": "Fine Needle aspirates (FNA)", "11": "Organoids (viable freeze down)"}, "required": "yes"}, "doubling_time": {"old": "", "data": "CharField", "help": "The average time from thaw (culture start date) until harvest it takes for the population to double", "order": 8, "required": "no"}, "passage_number": {"old": "", "data": "IntegerField", "help": "Number of passages since receiving original vial, including pyramid stocking and expansion since thawing the working stock, through to harvest date", "order": 6, "required": "no"}, "doubling_number": {"old": "", "data": "CharField", "help": "The number of times the population has doubled since the time of thaw (culture start date) until harvest", "order": 7, "required": "no"}, "culture_duration": {"old": "", "data": "IntegerField", "help": "Total number of culturing days since receiving original vial, including pyramid stocking and expansion since thawing the working stock, through to harvest date", "order": 5, "required": "no"}, "culture_start_date": {"old": "", "data": "DateField", "help": "culture start date", "order": 3, "required": "no"}, "culture_harvest_date": {"old": "", "data": "DateField", "help": "culture harvest date", "order": 4, "required": "no"}, "differentiation_state": {"old": "", "data": "CharField", "help": "For cells that have undergone differentiation (or serve as undifferentiated controls) a description of the differention state and markers used to determine the state", "order": 10, "required": "no"}, "synchronization_stage": {"old": "", "data": "CharField", "help": "If a culture is synchronized the cell cycle stage from which the biosample used in an experiment is prepared", "order": 12, "required": "no"}, "experiment_performed_on": {"old": "", "data": "DateField", "help": "Experiment start date", "order": 1, "required": "yes"}, "in_vitro_differentiated": {"old": "", "data": "ChoiceField", "help": "Relevant for pluripotent and stem cell lines - set to Yes if cells have undergone in vitro differentiation", "order": 9, "choices": {"1": "Yes", "2": "No"}, "required": "no"}}
9	tissue	biomaterial_type	{"id": {"old": "", "data": "CharField", "help": "Any relevant id", "order": 1, "required": "no"}, "sex": {"old": "", "data": "ChoiceField", "help": "Donor sex", "order": 8, "choices": {"1": "", "2": "Male", "3": "Female", "4": "Unknown", "5": "Mixed"}, "required": "no"}, "disease": {"old": "", "data": "CharField", "help": "Related disease name", "order": 3, "required": "yes"}, "donor_id": {"old": "", "data": "CharField", "help": "Donor id", "order": 4, "required": "yes"}, "donor_age": {"old": "", "data": "IntegerField", "help": "Donor age", "order": 5, "required": "no"}, "tissue_type": {"old": "", "data": "ChoiceField", "help": "Tissue type", "order": 2, "choices": {"1": "", "2": "Primary samples", "3": "Fine Needle Aspirates (FNA) ", "4": "Patient derived xenografts (PDX)"}, "required": "no"}, "donor_age_unit": {"old": "", "data": "ChoiceField", "help": "Donor age unit", "order": 6, "choices": {"1": "", "2": "day", "3": "week", "4": "month", "5": "year"}, "required": "no"}, "donor_ethnicity": {"old": "", "data": "CharField", "help": "Donor ethnicity", "order": 9, "required": "no"}, "donor_health_status": {"old": "", "data": "CharField", "help": "Donor health status", "order": 7, "required": "no"}}
16	organoids	biomaterial_type	{"sex": {"old": "", "data": "ChoiceField", "help": "Donor sex", "order": 8, "choices": {"1": "", "2": "Male", "3": "Female", "4": "Unknown", "5": "Mixed"}, "required": "no"}, "disease": {"old": "", "data": "CharField", "help": "Related disease name", "order": 3, "required": "yes"}, "donor_id": {"old": "", "data": "CharField", "help": "Donor id", "order": 4, "required": "yes"}, "donor_age": {"old": "", "data": "IntegerField", "help": "Donor age", "order": 5, "required": "no"}, "tissue_type": {"old": "", "data": "ChoiceField", "help": "Tissue type", "order": 2, "choices": {"1": "", "2": "Cell line", "3": "Primary samples", "4": "Patient derived xenografts (PDX)"}, "required": "no"}, "derived_from": {"old": "", "data": "CharField", "help": "From which tissue organoids have been derived", "order": 1, "required": "no"}, "donor_age_unit": {"old": "", "data": "ChoiceField", "help": "Donor age unit", "order": 6, "choices": {"1": "", "2": "day", "3": "week", "4": "month", "5": "year"}, "required": "no"}, "donor_ethnicity": {"old": "", "data": "CharField", "help": "Donor ethnicity", "order": 9, "required": "no"}, "donor_health_status": {"old": "", "data": "CharField", "help": "Donor health status", "order": 7, "required": "no"}}
17	Cut-Run	experiment_type	{"antibody": {"old": "", "data": "CharField", "help": "Name the Antibody(reference)", "order": 2, "required": "yes"}, "targeted_factor": {"old": "", "data": "CharField", "help": "Name of the Targeted factor", "order": 4, "required": "yes"}, "library_prep_kit": {"old": "", "data": "ChoiceField", "help": "Name of the library prep kit used to generate library", "order": 5, "choices": {"1": "", "2": "NEB Ultra II library", "3": "Takara (ThruPLEX)"}, "required": "no"}, "antibody_dilution": {"old": "", "data": "CharField", "help": "Antibody dilution", "order": 3, "required": "yes"}, "size_selection_method": {"old": "", "data": "ChoiceField", "help": "A short description of the method used to remove the amplification primers", "order": 6, "choices": {"1": "", "2": "gel", "3": "see document", "4": "minelute column", "5": "SPRI beads", "6": "AMPure beads", "7": "Pippin HT (CORE)"}, "required": "no"}, "library_preparation_date": {"old": "", "data": "DateField", "help": "The date that the library was prepared - submitted", "order": 1, "required": "yes"}}
\.


--
-- Data for Name: metadata_modification; Type: TABLE DATA; Schema: public; Owner: postgres
--

COPY public.metadata_modification (id, created_at, edited_at, description, name, guide_rnas, created_by_id, edited_by_id, genomic_change_id, modification_type_id, attachment) FROM stdin;
\.


--
-- Data for Name: metadata_project; Type: TABLE DATA; Schema: public; Owner: postgres
--

COPY public.metadata_project (id, created_at, edited_at, description, name, status, created_by_id, edited_by_id, disease_site_id, starting_date, user_name_string) FROM stdin;
\.


--
-- Data for Name: metadata_project_contributor; Type: TABLE DATA; Schema: public; Owner: postgres
--

COPY public.metadata_project_contributor (id, project_id, user_id) FROM stdin;
\.


--
-- Data for Name: metadata_project_lab_name; Type: TABLE DATA; Schema: public; Owner: postgres
--

COPY public.metadata_project_lab_name (id, project_id, choice_id) FROM stdin;
\.


--
-- Data for Name: metadata_project_tissue_type; Type: TABLE DATA; Schema: public; Owner: postgres
--

COPY public.metadata_project_tissue_type (id, project_id, choice_id) FROM stdin;
\.


--
-- Data for Name: metadata_protocol; Type: TABLE DATA; Schema: public; Owner: postgres
--

COPY public.metadata_protocol (id, created_at, edited_at, description, name, attachment, class_type_id, created_by_id, edited_by_id) FROM stdin;
\.


--
-- Data for Name: metadata_seqencingfile; Type: TABLE DATA; Schema: public; Owner: postgres
--

COPY public.metadata_seqencingfile (id, created_at, edited_at, description, name, paired_end, read_length, cluster_path, md5sum, created_by_id, edited_by_id, experiment_id, project_id, run_id, file_format_id, archived_path, assay_id, fastqc_html) FROM stdin;
\.


--
-- Data for Name: metadata_seqencingfile_related_files; Type: TABLE DATA; Schema: public; Owner: postgres
--

COPY public.metadata_seqencingfile_related_files (id, from_seqencingfile_id, to_seqencingfile_id) FROM stdin;
\.


--
-- Data for Name: metadata_sequencingrun; Type: TABLE DATA; Schema: public; Owner: postgres
--

COPY public.metadata_sequencingrun (id, created_at, edited_at, description, name, submission_date, created_by_id, edited_by_id, project_id, sequencing_center_id, sequencing_instrument_id, retrieval_date) FROM stdin;
\.


--
-- Data for Name: metadata_sequencingrun_experiment; Type: TABLE DATA; Schema: public; Owner: postgres
--

COPY public.metadata_sequencingrun_experiment (id, sequencingrun_id, experiment_id) FROM stdin;
\.


--
-- Data for Name: metadata_treatment; Type: TABLE DATA; Schema: public; Owner: postgres
--

COPY public.metadata_treatment (id, created_at, edited_at, description, name, json_fields, created_by_id, edited_by_id, json_type_id, attachment) FROM stdin;
\.


--
-- Name: auth_group_id_seq; Type: SEQUENCE SET; Schema: public; Owner: postgres
--

SELECT pg_catalog.setval('public.auth_group_id_seq', 10, true);


--
-- Name: auth_group_permissions_id_seq; Type: SEQUENCE SET; Schema: public; Owner: postgres
--

SELECT pg_catalog.setval('public.auth_group_permissions_id_seq', 560, true);


--
-- Name: auth_permission_id_seq; Type: SEQUENCE SET; Schema: public; Owner: postgres
--

SELECT pg_catalog.setval('public.auth_permission_id_seq', 76, true);


--
-- Name: auth_user_groups_id_seq; Type: SEQUENCE SET; Schema: public; Owner: postgres
--

SELECT pg_catalog.setval('public.auth_user_groups_id_seq', 63, true);


--
-- Name: auth_user_id_seq; Type: SEQUENCE SET; Schema: public; Owner: postgres
--

SELECT pg_catalog.setval('public.auth_user_id_seq', 36, true);


--
-- Name: auth_user_user_permissions_id_seq; Type: SEQUENCE SET; Schema: public; Owner: postgres
--

SELECT pg_catalog.setval('public.auth_user_user_permissions_id_seq', 700, true);


--
-- Name: django_admin_log_id_seq; Type: SEQUENCE SET; Schema: public; Owner: postgres
--

SELECT pg_catalog.setval('public.django_admin_log_id_seq', 1450, true);


--
-- Name: django_content_type_id_seq; Type: SEQUENCE SET; Schema: public; Owner: postgres
--

SELECT pg_catalog.setval('public.django_content_type_id_seq', 19, true);


--
-- Name: django_migrations_id_seq; Type: SEQUENCE SET; Schema: public; Owner: postgres
--

SELECT pg_catalog.setval('public.django_migrations_id_seq', 44, true);


--
-- Name: metadata_biosample_id_seq; Type: SEQUENCE SET; Schema: public; Owner: postgres
--

SELECT pg_catalog.setval('public.metadata_biosample_id_seq', 1916, true);


--
-- Name: metadata_biosource_id_seq; Type: SEQUENCE SET; Schema: public; Owner: postgres
--

SELECT pg_catalog.setval('public.metadata_biosource_id_seq', 591, true);


--
-- Name: metadata_choice_id_seq; Type: SEQUENCE SET; Schema: public; Owner: postgres
--

SELECT pg_catalog.setval('public.metadata_choice_id_seq', 74, true);


--
-- Name: metadata_choicedisease_id_seq; Type: SEQUENCE SET; Schema: public; Owner: postgres
--

SELECT pg_catalog.setval('public.metadata_choicedisease_id_seq', 50, true);


--
-- Name: metadata_experiment_id_seq; Type: SEQUENCE SET; Schema: public; Owner: postgres
--

SELECT pg_catalog.setval('public.metadata_experiment_id_seq', 1176, true);


--
-- Name: metadata_experimenttag_experiment_id_seq; Type: SEQUENCE SET; Schema: public; Owner: postgres
--

SELECT pg_catalog.setval('public.metadata_experimenttag_experiment_id_seq', 73, true);


--
-- Name: metadata_experimenttag_id_seq; Type: SEQUENCE SET; Schema: public; Owner: postgres
--

SELECT pg_catalog.setval('public.metadata_experimenttag_id_seq', 21, true);


--
-- Name: metadata_jsonobj_id_seq; Type: SEQUENCE SET; Schema: public; Owner: postgres
--

SELECT pg_catalog.setval('public.metadata_jsonobj_id_seq', 17, true);


--
-- Name: metadata_modification_id_seq; Type: SEQUENCE SET; Schema: public; Owner: postgres
--

SELECT pg_catalog.setval('public.metadata_modification_id_seq', 29, true);


--
-- Name: metadata_project_contributor_id_seq; Type: SEQUENCE SET; Schema: public; Owner: postgres
--

SELECT pg_catalog.setval('public.metadata_project_contributor_id_seq', 83, true);


--
-- Name: metadata_project_id_seq; Type: SEQUENCE SET; Schema: public; Owner: postgres
--

SELECT pg_catalog.setval('public.metadata_project_id_seq', 56, true);


--
-- Name: metadata_project_lab_name_id_seq; Type: SEQUENCE SET; Schema: public; Owner: postgres
--

SELECT pg_catalog.setval('public.metadata_project_lab_name_id_seq', 56, true);


--
-- Name: metadata_project_tissue_type_id_seq; Type: SEQUENCE SET; Schema: public; Owner: postgres
--

SELECT pg_catalog.setval('public.metadata_project_tissue_type_id_seq', 55, true);


--
-- Name: metadata_protocol_id_seq; Type: SEQUENCE SET; Schema: public; Owner: postgres
--

SELECT pg_catalog.setval('public.metadata_protocol_id_seq', 8, true);


--
-- Name: metadata_seqencingfile_id_seq; Type: SEQUENCE SET; Schema: public; Owner: postgres
--

SELECT pg_catalog.setval('public.metadata_seqencingfile_id_seq', 5414, true);


--
-- Name: metadata_seqencingfile_related_files_id_seq; Type: SEQUENCE SET; Schema: public; Owner: postgres
--

SELECT pg_catalog.setval('public.metadata_seqencingfile_related_files_id_seq', 22663, true);


--
-- Name: metadata_sequencingrun_experiment_id_seq; Type: SEQUENCE SET; Schema: public; Owner: postgres
--

SELECT pg_catalog.setval('public.metadata_sequencingrun_experiment_id_seq', 1588, true);


--
-- Name: metadata_sequencingrun_id_seq; Type: SEQUENCE SET; Schema: public; Owner: postgres
--

SELECT pg_catalog.setval('public.metadata_sequencingrun_id_seq', 275, true);


--
-- Name: metadata_treatment_id_seq; Type: SEQUENCE SET; Schema: public; Owner: postgres
--

SELECT pg_catalog.setval('public.metadata_treatment_id_seq', 27, true);


--
-- Name: auth_group auth_group_name_key; Type: CONSTRAINT; Schema: public; Owner: postgres
--

ALTER TABLE ONLY public.auth_group
    ADD CONSTRAINT auth_group_name_key UNIQUE (name);


--
-- Name: auth_group_permissions auth_group_permissions_group_id_permission_id_0cd325b0_uniq; Type: CONSTRAINT; Schema: public; Owner: postgres
--

ALTER TABLE ONLY public.auth_group_permissions
    ADD CONSTRAINT auth_group_permissions_group_id_permission_id_0cd325b0_uniq UNIQUE (group_id, permission_id);


--
-- Name: auth_group_permissions auth_group_permissions_pkey; Type: CONSTRAINT; Schema: public; Owner: postgres
--

ALTER TABLE ONLY public.auth_group_permissions
    ADD CONSTRAINT auth_group_permissions_pkey PRIMARY KEY (id);


--
-- Name: auth_group auth_group_pkey; Type: CONSTRAINT; Schema: public; Owner: postgres
--

ALTER TABLE ONLY public.auth_group
    ADD CONSTRAINT auth_group_pkey PRIMARY KEY (id);


--
-- Name: auth_permission auth_permission_content_type_id_codename_01ab375a_uniq; Type: CONSTRAINT; Schema: public; Owner: postgres
--

ALTER TABLE ONLY public.auth_permission
    ADD CONSTRAINT auth_permission_content_type_id_codename_01ab375a_uniq UNIQUE (content_type_id, codename);


--
-- Name: auth_permission auth_permission_pkey; Type: CONSTRAINT; Schema: public; Owner: postgres
--

ALTER TABLE ONLY public.auth_permission
    ADD CONSTRAINT auth_permission_pkey PRIMARY KEY (id);


--
-- Name: auth_user_groups auth_user_groups_pkey; Type: CONSTRAINT; Schema: public; Owner: postgres
--

ALTER TABLE ONLY public.auth_user_groups
    ADD CONSTRAINT auth_user_groups_pkey PRIMARY KEY (id);


--
-- Name: auth_user_groups auth_user_groups_user_id_group_id_94350c0c_uniq; Type: CONSTRAINT; Schema: public; Owner: postgres
--

ALTER TABLE ONLY public.auth_user_groups
    ADD CONSTRAINT auth_user_groups_user_id_group_id_94350c0c_uniq UNIQUE (user_id, group_id);


--
-- Name: auth_user auth_user_pkey; Type: CONSTRAINT; Schema: public; Owner: postgres
--

ALTER TABLE ONLY public.auth_user
    ADD CONSTRAINT auth_user_pkey PRIMARY KEY (id);


--
-- Name: auth_user_user_permissions auth_user_user_permissions_pkey; Type: CONSTRAINT; Schema: public; Owner: postgres
--

ALTER TABLE ONLY public.auth_user_user_permissions
    ADD CONSTRAINT auth_user_user_permissions_pkey PRIMARY KEY (id);


--
-- Name: auth_user_user_permissions auth_user_user_permissions_user_id_permission_id_14a6b632_uniq; Type: CONSTRAINT; Schema: public; Owner: postgres
--

ALTER TABLE ONLY public.auth_user_user_permissions
    ADD CONSTRAINT auth_user_user_permissions_user_id_permission_id_14a6b632_uniq UNIQUE (user_id, permission_id);


--
-- Name: auth_user auth_user_username_key; Type: CONSTRAINT; Schema: public; Owner: postgres
--

ALTER TABLE ONLY public.auth_user
    ADD CONSTRAINT auth_user_username_key UNIQUE (username);


--
-- Name: django_admin_log django_admin_log_pkey; Type: CONSTRAINT; Schema: public; Owner: postgres
--

ALTER TABLE ONLY public.django_admin_log
    ADD CONSTRAINT django_admin_log_pkey PRIMARY KEY (id);


--
-- Name: django_content_type django_content_type_app_label_model_76bd3d3b_uniq; Type: CONSTRAINT; Schema: public; Owner: postgres
--

ALTER TABLE ONLY public.django_content_type
    ADD CONSTRAINT django_content_type_app_label_model_76bd3d3b_uniq UNIQUE (app_label, model);


--
-- Name: django_content_type django_content_type_pkey; Type: CONSTRAINT; Schema: public; Owner: postgres
--

ALTER TABLE ONLY public.django_content_type
    ADD CONSTRAINT django_content_type_pkey PRIMARY KEY (id);


--
-- Name: django_migrations django_migrations_pkey; Type: CONSTRAINT; Schema: public; Owner: postgres
--

ALTER TABLE ONLY public.django_migrations
    ADD CONSTRAINT django_migrations_pkey PRIMARY KEY (id);


--
-- Name: django_session django_session_pkey; Type: CONSTRAINT; Schema: public; Owner: postgres
--

ALTER TABLE ONLY public.django_session
    ADD CONSTRAINT django_session_pkey PRIMARY KEY (session_key);


--
-- Name: metadata_biosample metadata_biosample_name_key; Type: CONSTRAINT; Schema: public; Owner: postgres
--

ALTER TABLE ONLY public.metadata_biosample
    ADD CONSTRAINT metadata_biosample_name_key UNIQUE (name);


--
-- Name: metadata_biosample metadata_biosample_pkey; Type: CONSTRAINT; Schema: public; Owner: postgres
--

ALTER TABLE ONLY public.metadata_biosample
    ADD CONSTRAINT metadata_biosample_pkey PRIMARY KEY (id);


--
-- Name: metadata_biosource metadata_biosource_name_key; Type: CONSTRAINT; Schema: public; Owner: postgres
--

ALTER TABLE ONLY public.metadata_biosource
    ADD CONSTRAINT metadata_biosource_name_key UNIQUE (name);


--
-- Name: metadata_biosource metadata_biosource_pkey; Type: CONSTRAINT; Schema: public; Owner: postgres
--

ALTER TABLE ONLY public.metadata_biosource
    ADD CONSTRAINT metadata_biosource_pkey PRIMARY KEY (id);


--
-- Name: metadata_choice metadata_choice_pkey; Type: CONSTRAINT; Schema: public; Owner: postgres
--

ALTER TABLE ONLY public.metadata_choice
    ADD CONSTRAINT metadata_choice_pkey PRIMARY KEY (id);


--
-- Name: metadata_choicedisease metadata_choicedisease_pkey; Type: CONSTRAINT; Schema: public; Owner: postgres
--

ALTER TABLE ONLY public.metadata_choicedisease
    ADD CONSTRAINT metadata_choicedisease_pkey PRIMARY KEY (id);


--
-- Name: metadata_experiment metadata_experiment_name_key; Type: CONSTRAINT; Schema: public; Owner: postgres
--

ALTER TABLE ONLY public.metadata_experiment
    ADD CONSTRAINT metadata_experiment_name_key UNIQUE (name);


--
-- Name: metadata_experiment metadata_experiment_pkey; Type: CONSTRAINT; Schema: public; Owner: postgres
--

ALTER TABLE ONLY public.metadata_experiment
    ADD CONSTRAINT metadata_experiment_pkey PRIMARY KEY (id);


--
-- Name: metadata_experimenttag_experiment metadata_experimenttag_e_experimenttag_id_experim_bd5b8ed6_uniq; Type: CONSTRAINT; Schema: public; Owner: postgres
--

ALTER TABLE ONLY public.metadata_experimenttag_experiment
    ADD CONSTRAINT metadata_experimenttag_e_experimenttag_id_experim_bd5b8ed6_uniq UNIQUE (experimenttag_id, experiment_id);


--
-- Name: metadata_experimenttag_experiment metadata_experimenttag_experiment_pkey; Type: CONSTRAINT; Schema: public; Owner: postgres
--

ALTER TABLE ONLY public.metadata_experimenttag_experiment
    ADD CONSTRAINT metadata_experimenttag_experiment_pkey PRIMARY KEY (id);


--
-- Name: metadata_experimenttag metadata_experimenttag_name_ba15b497_uniq; Type: CONSTRAINT; Schema: public; Owner: postgres
--

ALTER TABLE ONLY public.metadata_experimenttag
    ADD CONSTRAINT metadata_experimenttag_name_ba15b497_uniq UNIQUE (name);


--
-- Name: metadata_experimenttag metadata_experimenttag_pkey; Type: CONSTRAINT; Schema: public; Owner: postgres
--

ALTER TABLE ONLY public.metadata_experimenttag
    ADD CONSTRAINT metadata_experimenttag_pkey PRIMARY KEY (id);


--
-- Name: metadata_jsonobj metadata_jsonobj_name_key; Type: CONSTRAINT; Schema: public; Owner: postgres
--

ALTER TABLE ONLY public.metadata_jsonobj
    ADD CONSTRAINT metadata_jsonobj_name_key UNIQUE (name);


--
-- Name: metadata_jsonobj metadata_jsonobj_pkey; Type: CONSTRAINT; Schema: public; Owner: postgres
--

ALTER TABLE ONLY public.metadata_jsonobj
    ADD CONSTRAINT metadata_jsonobj_pkey PRIMARY KEY (id);


--
-- Name: metadata_modification metadata_modification_name_key; Type: CONSTRAINT; Schema: public; Owner: postgres
--

ALTER TABLE ONLY public.metadata_modification
    ADD CONSTRAINT metadata_modification_name_key UNIQUE (name);


--
-- Name: metadata_modification metadata_modification_pkey; Type: CONSTRAINT; Schema: public; Owner: postgres
--

ALTER TABLE ONLY public.metadata_modification
    ADD CONSTRAINT metadata_modification_pkey PRIMARY KEY (id);


--
-- Name: metadata_project_contributor metadata_project_contributor_pkey; Type: CONSTRAINT; Schema: public; Owner: postgres
--

ALTER TABLE ONLY public.metadata_project_contributor
    ADD CONSTRAINT metadata_project_contributor_pkey PRIMARY KEY (id);


--
-- Name: metadata_project_contributor metadata_project_contributor_project_id_user_id_044c070f_uniq; Type: CONSTRAINT; Schema: public; Owner: postgres
--

ALTER TABLE ONLY public.metadata_project_contributor
    ADD CONSTRAINT metadata_project_contributor_project_id_user_id_044c070f_uniq UNIQUE (project_id, user_id);


--
-- Name: metadata_project_lab_name metadata_project_lab_name_pkey; Type: CONSTRAINT; Schema: public; Owner: postgres
--

ALTER TABLE ONLY public.metadata_project_lab_name
    ADD CONSTRAINT metadata_project_lab_name_pkey PRIMARY KEY (id);


--
-- Name: metadata_project_lab_name metadata_project_lab_name_project_id_choice_id_e8449741_uniq; Type: CONSTRAINT; Schema: public; Owner: postgres
--

ALTER TABLE ONLY public.metadata_project_lab_name
    ADD CONSTRAINT metadata_project_lab_name_project_id_choice_id_e8449741_uniq UNIQUE (project_id, choice_id);


--
-- Name: metadata_project metadata_project_name_e59d6a13_uniq; Type: CONSTRAINT; Schema: public; Owner: postgres
--

ALTER TABLE ONLY public.metadata_project
    ADD CONSTRAINT metadata_project_name_e59d6a13_uniq UNIQUE (name);


--
-- Name: metadata_project metadata_project_name_key; Type: CONSTRAINT; Schema: public; Owner: postgres
--

ALTER TABLE ONLY public.metadata_project
    ADD CONSTRAINT metadata_project_name_key UNIQUE (name);


--
-- Name: metadata_project metadata_project_pkey; Type: CONSTRAINT; Schema: public; Owner: postgres
--

ALTER TABLE ONLY public.metadata_project
    ADD CONSTRAINT metadata_project_pkey PRIMARY KEY (id);


--
-- Name: metadata_project_tissue_type metadata_project_tissue_type_pkey; Type: CONSTRAINT; Schema: public; Owner: postgres
--

ALTER TABLE ONLY public.metadata_project_tissue_type
    ADD CONSTRAINT metadata_project_tissue_type_pkey PRIMARY KEY (id);


--
-- Name: metadata_project_tissue_type metadata_project_tissue_type_project_id_choice_id_d69e5088_uniq; Type: CONSTRAINT; Schema: public; Owner: postgres
--

ALTER TABLE ONLY public.metadata_project_tissue_type
    ADD CONSTRAINT metadata_project_tissue_type_project_id_choice_id_d69e5088_uniq UNIQUE (project_id, choice_id);


--
-- Name: metadata_protocol metadata_protocol_name_key; Type: CONSTRAINT; Schema: public; Owner: postgres
--

ALTER TABLE ONLY public.metadata_protocol
    ADD CONSTRAINT metadata_protocol_name_key UNIQUE (name);


--
-- Name: metadata_protocol metadata_protocol_pkey; Type: CONSTRAINT; Schema: public; Owner: postgres
--

ALTER TABLE ONLY public.metadata_protocol
    ADD CONSTRAINT metadata_protocol_pkey PRIMARY KEY (id);


--
-- Name: metadata_seqencingfile metadata_seqencingfile_pkey; Type: CONSTRAINT; Schema: public; Owner: postgres
--

ALTER TABLE ONLY public.metadata_seqencingfile
    ADD CONSTRAINT metadata_seqencingfile_pkey PRIMARY KEY (id);


--
-- Name: metadata_seqencingfile metadata_seqencingfile_project_id_md5sum_name_2561afaf_uniq; Type: CONSTRAINT; Schema: public; Owner: postgres
--

ALTER TABLE ONLY public.metadata_seqencingfile
    ADD CONSTRAINT metadata_seqencingfile_project_id_md5sum_name_2561afaf_uniq UNIQUE (project_id, md5sum, name);


--
-- Name: metadata_seqencingfile_related_files metadata_seqencingfile_r_from_seqencingfile_id_to_e6079f94_uniq; Type: CONSTRAINT; Schema: public; Owner: postgres
--

ALTER TABLE ONLY public.metadata_seqencingfile_related_files
    ADD CONSTRAINT metadata_seqencingfile_r_from_seqencingfile_id_to_e6079f94_uniq UNIQUE (from_seqencingfile_id, to_seqencingfile_id);


--
-- Name: metadata_seqencingfile_related_files metadata_seqencingfile_related_files_pkey; Type: CONSTRAINT; Schema: public; Owner: postgres
--

ALTER TABLE ONLY public.metadata_seqencingfile_related_files
    ADD CONSTRAINT metadata_seqencingfile_related_files_pkey PRIMARY KEY (id);


--
-- Name: metadata_sequencingrun_experiment metadata_sequencingrun_e_sequencingrun_id_experim_697c719e_uniq; Type: CONSTRAINT; Schema: public; Owner: postgres
--

ALTER TABLE ONLY public.metadata_sequencingrun_experiment
    ADD CONSTRAINT metadata_sequencingrun_e_sequencingrun_id_experim_697c719e_uniq UNIQUE (sequencingrun_id, experiment_id);


--
-- Name: metadata_sequencingrun_experiment metadata_sequencingrun_experiment_pkey; Type: CONSTRAINT; Schema: public; Owner: postgres
--

ALTER TABLE ONLY public.metadata_sequencingrun_experiment
    ADD CONSTRAINT metadata_sequencingrun_experiment_pkey PRIMARY KEY (id);


--
-- Name: metadata_sequencingrun metadata_sequencingrun_pkey; Type: CONSTRAINT; Schema: public; Owner: postgres
--

ALTER TABLE ONLY public.metadata_sequencingrun
    ADD CONSTRAINT metadata_sequencingrun_pkey PRIMARY KEY (id);


--
-- Name: metadata_sequencingrun metadata_sequencingrun_project_id_name_bc42e1de_uniq; Type: CONSTRAINT; Schema: public; Owner: postgres
--

ALTER TABLE ONLY public.metadata_sequencingrun
    ADD CONSTRAINT metadata_sequencingrun_project_id_name_bc42e1de_uniq UNIQUE (project_id, name);


--
-- Name: metadata_treatment metadata_treatment_name_key; Type: CONSTRAINT; Schema: public; Owner: postgres
--

ALTER TABLE ONLY public.metadata_treatment
    ADD CONSTRAINT metadata_treatment_name_key UNIQUE (name);


--
-- Name: metadata_treatment metadata_treatment_pkey; Type: CONSTRAINT; Schema: public; Owner: postgres
--

ALTER TABLE ONLY public.metadata_treatment
    ADD CONSTRAINT metadata_treatment_pkey PRIMARY KEY (id);


--
-- Name: auth_group_name_a6ea08ec_like; Type: INDEX; Schema: public; Owner: postgres
--

CREATE INDEX auth_group_name_a6ea08ec_like ON public.auth_group USING btree (name varchar_pattern_ops);


--
-- Name: auth_group_permissions_group_id_b120cbf9; Type: INDEX; Schema: public; Owner: postgres
--

CREATE INDEX auth_group_permissions_group_id_b120cbf9 ON public.auth_group_permissions USING btree (group_id);


--
-- Name: auth_group_permissions_permission_id_84c5c92e; Type: INDEX; Schema: public; Owner: postgres
--

CREATE INDEX auth_group_permissions_permission_id_84c5c92e ON public.auth_group_permissions USING btree (permission_id);


--
-- Name: auth_permission_content_type_id_2f476e4b; Type: INDEX; Schema: public; Owner: postgres
--

CREATE INDEX auth_permission_content_type_id_2f476e4b ON public.auth_permission USING btree (content_type_id);


--
-- Name: auth_user_groups_group_id_97559544; Type: INDEX; Schema: public; Owner: postgres
--

CREATE INDEX auth_user_groups_group_id_97559544 ON public.auth_user_groups USING btree (group_id);


--
-- Name: auth_user_groups_user_id_6a12ed8b; Type: INDEX; Schema: public; Owner: postgres
--

CREATE INDEX auth_user_groups_user_id_6a12ed8b ON public.auth_user_groups USING btree (user_id);


--
-- Name: auth_user_user_permissions_permission_id_1fbb5f2c; Type: INDEX; Schema: public; Owner: postgres
--

CREATE INDEX auth_user_user_permissions_permission_id_1fbb5f2c ON public.auth_user_user_permissions USING btree (permission_id);


--
-- Name: auth_user_user_permissions_user_id_a95ead1b; Type: INDEX; Schema: public; Owner: postgres
--

CREATE INDEX auth_user_user_permissions_user_id_a95ead1b ON public.auth_user_user_permissions USING btree (user_id);


--
-- Name: auth_user_username_6821ab7c_like; Type: INDEX; Schema: public; Owner: postgres
--

CREATE INDEX auth_user_username_6821ab7c_like ON public.auth_user USING btree (username varchar_pattern_ops);


--
-- Name: django_admin_log_content_type_id_c4bce8eb; Type: INDEX; Schema: public; Owner: postgres
--

CREATE INDEX django_admin_log_content_type_id_c4bce8eb ON public.django_admin_log USING btree (content_type_id);


--
-- Name: django_admin_log_user_id_c564eba6; Type: INDEX; Schema: public; Owner: postgres
--

CREATE INDEX django_admin_log_user_id_c564eba6 ON public.django_admin_log USING btree (user_id);


--
-- Name: django_session_expire_date_a5c62663; Type: INDEX; Schema: public; Owner: postgres
--

CREATE INDEX django_session_expire_date_a5c62663 ON public.django_session USING btree (expire_date);


--
-- Name: django_session_session_key_c0390e0f_like; Type: INDEX; Schema: public; Owner: postgres
--

CREATE INDEX django_session_session_key_c0390e0f_like ON public.django_session USING btree (session_key varchar_pattern_ops);


--
-- Name: metadata_biosample_biosource_id_69068db8; Type: INDEX; Schema: public; Owner: postgres
--

CREATE INDEX metadata_biosample_biosource_id_69068db8 ON public.metadata_biosample USING btree (biosource_id);


--
-- Name: metadata_biosample_created_by_id_03d7dfe0; Type: INDEX; Schema: public; Owner: postgres
--

CREATE INDEX metadata_biosample_created_by_id_03d7dfe0 ON public.metadata_biosample USING btree (created_by_id);


--
-- Name: metadata_biosample_edited_by_id_2ca35314; Type: INDEX; Schema: public; Owner: postgres
--

CREATE INDEX metadata_biosample_edited_by_id_2ca35314 ON public.metadata_biosample USING btree (edited_by_id);


--
-- Name: metadata_biosample_json_type_id_3f4eeae3; Type: INDEX; Schema: public; Owner: postgres
--

CREATE INDEX metadata_biosample_json_type_id_3f4eeae3 ON public.metadata_biosample USING btree (json_type_id);


--
-- Name: metadata_biosample_lab_name_id_19475791; Type: INDEX; Schema: public; Owner: postgres
--

CREATE INDEX metadata_biosample_lab_name_id_19475791 ON public.metadata_biosample USING btree (lab_name_id);


--
-- Name: metadata_biosample_modification_id_2bf5ec7e; Type: INDEX; Schema: public; Owner: postgres
--

CREATE INDEX metadata_biosample_modification_id_2bf5ec7e ON public.metadata_biosample USING btree (modification_id);


--
-- Name: metadata_biosample_name_5bf3688e_like; Type: INDEX; Schema: public; Owner: postgres
--

CREATE INDEX metadata_biosample_name_5bf3688e_like ON public.metadata_biosample USING btree (name varchar_pattern_ops);


--
-- Name: metadata_biosample_treatment_id_48dc5972; Type: INDEX; Schema: public; Owner: postgres
--

CREATE INDEX metadata_biosample_treatment_id_48dc5972 ON public.metadata_biosample USING btree (treatment_id);


--
-- Name: metadata_biosource_created_by_id_09732804; Type: INDEX; Schema: public; Owner: postgres
--

CREATE INDEX metadata_biosource_created_by_id_09732804 ON public.metadata_biosource USING btree (created_by_id);


--
-- Name: metadata_biosource_edited_by_id_9680f2a2; Type: INDEX; Schema: public; Owner: postgres
--

CREATE INDEX metadata_biosource_edited_by_id_9680f2a2 ON public.metadata_biosource USING btree (edited_by_id);


--
-- Name: metadata_biosource_json_type_id_0a2d4274; Type: INDEX; Schema: public; Owner: postgres
--

CREATE INDEX metadata_biosource_json_type_id_0a2d4274 ON public.metadata_biosource USING btree (json_type_id);


--
-- Name: metadata_biosource_name_62756cd1_like; Type: INDEX; Schema: public; Owner: postgres
--

CREATE INDEX metadata_biosource_name_62756cd1_like ON public.metadata_biosource USING btree (name varchar_pattern_ops);


--
-- Name: metadata_biosource_source_organism_id_9a023df9; Type: INDEX; Schema: public; Owner: postgres
--

CREATE INDEX metadata_biosource_source_organism_id_9a023df9 ON public.metadata_biosource USING btree (source_organism_id);


--
-- Name: metadata_experiment_biosample_id_84a423ef; Type: INDEX; Schema: public; Owner: postgres
--

CREATE INDEX metadata_experiment_biosample_id_84a423ef ON public.metadata_experiment USING btree (biosample_id);


--
-- Name: metadata_experiment_biosample_quantity_units_id_da7ecb06; Type: INDEX; Schema: public; Owner: postgres
--

CREATE INDEX metadata_experiment_biosample_quantity_units_id_da7ecb06 ON public.metadata_experiment USING btree (biosample_quantity_units_id);


--
-- Name: metadata_experiment_created_by_id_a6ba6b80; Type: INDEX; Schema: public; Owner: postgres
--

CREATE INDEX metadata_experiment_created_by_id_a6ba6b80 ON public.metadata_experiment USING btree (created_by_id);


--
-- Name: metadata_experiment_edited_by_id_c58aa25c; Type: INDEX; Schema: public; Owner: postgres
--

CREATE INDEX metadata_experiment_edited_by_id_c58aa25c ON public.metadata_experiment USING btree (edited_by_id);


--
-- Name: metadata_experiment_json_type_id_f39de1f9; Type: INDEX; Schema: public; Owner: postgres
--

CREATE INDEX metadata_experiment_json_type_id_f39de1f9 ON public.metadata_experiment USING btree (json_type_id);


--
-- Name: metadata_experiment_name_ce046b94_like; Type: INDEX; Schema: public; Owner: postgres
--

CREATE INDEX metadata_experiment_name_ce046b94_like ON public.metadata_experiment USING btree (name varchar_pattern_ops);


--
-- Name: metadata_experiment_project_id_7360639c; Type: INDEX; Schema: public; Owner: postgres
--

CREATE INDEX metadata_experiment_project_id_7360639c ON public.metadata_experiment USING btree (project_id);


--
-- Name: metadata_experiment_protocol_id_d61b3b16; Type: INDEX; Schema: public; Owner: postgres
--

CREATE INDEX metadata_experiment_protocol_id_d61b3b16 ON public.metadata_experiment USING btree (protocol_id);


--
-- Name: metadata_experimenttag_created_by_id_88da859c; Type: INDEX; Schema: public; Owner: postgres
--

CREATE INDEX metadata_experimenttag_created_by_id_88da859c ON public.metadata_experimenttag USING btree (created_by_id);


--
-- Name: metadata_experimenttag_edited_by_id_84049bb4; Type: INDEX; Schema: public; Owner: postgres
--

CREATE INDEX metadata_experimenttag_edited_by_id_84049bb4 ON public.metadata_experimenttag USING btree (edited_by_id);


--
-- Name: metadata_experimenttag_experiment_experiment_id_91917881; Type: INDEX; Schema: public; Owner: postgres
--

CREATE INDEX metadata_experimenttag_experiment_experiment_id_91917881 ON public.metadata_experimenttag_experiment USING btree (experiment_id);


--
-- Name: metadata_experimenttag_experiment_experimenttag_id_403ec35c; Type: INDEX; Schema: public; Owner: postgres
--

CREATE INDEX metadata_experimenttag_experiment_experimenttag_id_403ec35c ON public.metadata_experimenttag_experiment USING btree (experimenttag_id);


--
-- Name: metadata_experimenttag_project_id_6fc3626f; Type: INDEX; Schema: public; Owner: postgres
--

CREATE INDEX metadata_experimenttag_project_id_6fc3626f ON public.metadata_experimenttag USING btree (project_id);


--
-- Name: metadata_jsonobj_name_85f0e902_like; Type: INDEX; Schema: public; Owner: postgres
--

CREATE INDEX metadata_jsonobj_name_85f0e902_like ON public.metadata_jsonobj USING btree (name varchar_pattern_ops);


--
-- Name: metadata_modification_created_by_id_ff39b3ee; Type: INDEX; Schema: public; Owner: postgres
--

CREATE INDEX metadata_modification_created_by_id_ff39b3ee ON public.metadata_modification USING btree (created_by_id);


--
-- Name: metadata_modification_edited_by_id_859049a0; Type: INDEX; Schema: public; Owner: postgres
--

CREATE INDEX metadata_modification_edited_by_id_859049a0 ON public.metadata_modification USING btree (edited_by_id);


--
-- Name: metadata_modification_genomic_change_id_6f814a8c; Type: INDEX; Schema: public; Owner: postgres
--

CREATE INDEX metadata_modification_genomic_change_id_6f814a8c ON public.metadata_modification USING btree (genomic_change_id);


--
-- Name: metadata_modification_modification_type_id_1f10e336; Type: INDEX; Schema: public; Owner: postgres
--

CREATE INDEX metadata_modification_modification_type_id_1f10e336 ON public.metadata_modification USING btree (modification_type_id);


--
-- Name: metadata_modification_name_d9f82915_like; Type: INDEX; Schema: public; Owner: postgres
--

CREATE INDEX metadata_modification_name_d9f82915_like ON public.metadata_modification USING btree (name varchar_pattern_ops);


--
-- Name: metadata_project_contributor_project_id_978d536d; Type: INDEX; Schema: public; Owner: postgres
--

CREATE INDEX metadata_project_contributor_project_id_978d536d ON public.metadata_project_contributor USING btree (project_id);


--
-- Name: metadata_project_contributor_user_id_2a38acaa; Type: INDEX; Schema: public; Owner: postgres
--

CREATE INDEX metadata_project_contributor_user_id_2a38acaa ON public.metadata_project_contributor USING btree (user_id);


--
-- Name: metadata_project_created_by_id_7accf542; Type: INDEX; Schema: public; Owner: postgres
--

CREATE INDEX metadata_project_created_by_id_7accf542 ON public.metadata_project USING btree (created_by_id);


--
-- Name: metadata_project_disease_site_id_d81b7030; Type: INDEX; Schema: public; Owner: postgres
--

CREATE INDEX metadata_project_disease_site_id_d81b7030 ON public.metadata_project USING btree (disease_site_id);


--
-- Name: metadata_project_edited_by_id_58fa3a97; Type: INDEX; Schema: public; Owner: postgres
--

CREATE INDEX metadata_project_edited_by_id_58fa3a97 ON public.metadata_project USING btree (edited_by_id);


--
-- Name: metadata_project_lab_name_choice_id_b61c57b8; Type: INDEX; Schema: public; Owner: postgres
--

CREATE INDEX metadata_project_lab_name_choice_id_b61c57b8 ON public.metadata_project_lab_name USING btree (choice_id);


--
-- Name: metadata_project_lab_name_project_id_32bde39f; Type: INDEX; Schema: public; Owner: postgres
--

CREATE INDEX metadata_project_lab_name_project_id_32bde39f ON public.metadata_project_lab_name USING btree (project_id);


--
-- Name: metadata_project_name_e59d6a13_like; Type: INDEX; Schema: public; Owner: postgres
--

CREATE INDEX metadata_project_name_e59d6a13_like ON public.metadata_project USING btree (name varchar_pattern_ops);


--
-- Name: metadata_project_tissue_type_choice_id_cdefb23f; Type: INDEX; Schema: public; Owner: postgres
--

CREATE INDEX metadata_project_tissue_type_choice_id_cdefb23f ON public.metadata_project_tissue_type USING btree (choice_id);


--
-- Name: metadata_project_tissue_type_project_id_f0e0466c; Type: INDEX; Schema: public; Owner: postgres
--

CREATE INDEX metadata_project_tissue_type_project_id_f0e0466c ON public.metadata_project_tissue_type USING btree (project_id);


--
-- Name: metadata_protocol_class_type_id_0c7d8e4c; Type: INDEX; Schema: public; Owner: postgres
--

CREATE INDEX metadata_protocol_class_type_id_0c7d8e4c ON public.metadata_protocol USING btree (class_type_id);


--
-- Name: metadata_protocol_created_by_id_eefc31d5; Type: INDEX; Schema: public; Owner: postgres
--

CREATE INDEX metadata_protocol_created_by_id_eefc31d5 ON public.metadata_protocol USING btree (created_by_id);


--
-- Name: metadata_protocol_edited_by_id_a06499b2; Type: INDEX; Schema: public; Owner: postgres
--

CREATE INDEX metadata_protocol_edited_by_id_a06499b2 ON public.metadata_protocol USING btree (edited_by_id);


--
-- Name: metadata_protocol_name_c2836434_like; Type: INDEX; Schema: public; Owner: postgres
--

CREATE INDEX metadata_protocol_name_c2836434_like ON public.metadata_protocol USING btree (name varchar_pattern_ops);


--
-- Name: metadata_seqencingfile_assay_id_eea06a8d; Type: INDEX; Schema: public; Owner: postgres
--

CREATE INDEX metadata_seqencingfile_assay_id_eea06a8d ON public.metadata_seqencingfile USING btree (assay_id);


--
-- Name: metadata_seqencingfile_created_by_id_db3920da; Type: INDEX; Schema: public; Owner: postgres
--

CREATE INDEX metadata_seqencingfile_created_by_id_db3920da ON public.metadata_seqencingfile USING btree (created_by_id);


--
-- Name: metadata_seqencingfile_edited_by_id_299beb9e; Type: INDEX; Schema: public; Owner: postgres
--

CREATE INDEX metadata_seqencingfile_edited_by_id_299beb9e ON public.metadata_seqencingfile USING btree (edited_by_id);


--
-- Name: metadata_seqencingfile_experiment_id_59b63754; Type: INDEX; Schema: public; Owner: postgres
--

CREATE INDEX metadata_seqencingfile_experiment_id_59b63754 ON public.metadata_seqencingfile USING btree (experiment_id);


--
-- Name: metadata_seqencingfile_file_format_id_0fd4f906; Type: INDEX; Schema: public; Owner: postgres
--

CREATE INDEX metadata_seqencingfile_file_format_id_0fd4f906 ON public.metadata_seqencingfile USING btree (file_format_id);


--
-- Name: metadata_seqencingfile_project_id_0ed7eaab; Type: INDEX; Schema: public; Owner: postgres
--

CREATE INDEX metadata_seqencingfile_project_id_0ed7eaab ON public.metadata_seqencingfile USING btree (project_id);


--
-- Name: metadata_seqencingfile_rel_from_seqencingfile_id_48294862; Type: INDEX; Schema: public; Owner: postgres
--

CREATE INDEX metadata_seqencingfile_rel_from_seqencingfile_id_48294862 ON public.metadata_seqencingfile_related_files USING btree (from_seqencingfile_id);


--
-- Name: metadata_seqencingfile_rel_to_seqencingfile_id_78192329; Type: INDEX; Schema: public; Owner: postgres
--

CREATE INDEX metadata_seqencingfile_rel_to_seqencingfile_id_78192329 ON public.metadata_seqencingfile_related_files USING btree (to_seqencingfile_id);


--
-- Name: metadata_seqencingfile_run_id_76efb3b3; Type: INDEX; Schema: public; Owner: postgres
--

CREATE INDEX metadata_seqencingfile_run_id_76efb3b3 ON public.metadata_seqencingfile USING btree (run_id);


--
-- Name: metadata_sequencingrun_created_by_id_bb0b8c7f; Type: INDEX; Schema: public; Owner: postgres
--

CREATE INDEX metadata_sequencingrun_created_by_id_bb0b8c7f ON public.metadata_sequencingrun USING btree (created_by_id);


--
-- Name: metadata_sequencingrun_edited_by_id_2c839ff4; Type: INDEX; Schema: public; Owner: postgres
--

CREATE INDEX metadata_sequencingrun_edited_by_id_2c839ff4 ON public.metadata_sequencingrun USING btree (edited_by_id);


--
-- Name: metadata_sequencingrun_experiment_experiment_id_ce236aff; Type: INDEX; Schema: public; Owner: postgres
--

CREATE INDEX metadata_sequencingrun_experiment_experiment_id_ce236aff ON public.metadata_sequencingrun_experiment USING btree (experiment_id);


--
-- Name: metadata_sequencingrun_experiment_sequencingrun_id_31f62814; Type: INDEX; Schema: public; Owner: postgres
--

CREATE INDEX metadata_sequencingrun_experiment_sequencingrun_id_31f62814 ON public.metadata_sequencingrun_experiment USING btree (sequencingrun_id);


--
-- Name: metadata_sequencingrun_project_id_6fe1b929; Type: INDEX; Schema: public; Owner: postgres
--

CREATE INDEX metadata_sequencingrun_project_id_6fe1b929 ON public.metadata_sequencingrun USING btree (project_id);


--
-- Name: metadata_sequencingrun_sequencing_center_id_f1016ef7; Type: INDEX; Schema: public; Owner: postgres
--

CREATE INDEX metadata_sequencingrun_sequencing_center_id_f1016ef7 ON public.metadata_sequencingrun USING btree (sequencing_center_id);


--
-- Name: metadata_sequencingrun_sequencing_instrument_id_ff036e67; Type: INDEX; Schema: public; Owner: postgres
--

CREATE INDEX metadata_sequencingrun_sequencing_instrument_id_ff036e67 ON public.metadata_sequencingrun USING btree (sequencing_instrument_id);


--
-- Name: metadata_treatment_created_by_id_e69476d1; Type: INDEX; Schema: public; Owner: postgres
--

CREATE INDEX metadata_treatment_created_by_id_e69476d1 ON public.metadata_treatment USING btree (created_by_id);


--
-- Name: metadata_treatment_edited_by_id_9206a71d; Type: INDEX; Schema: public; Owner: postgres
--

CREATE INDEX metadata_treatment_edited_by_id_9206a71d ON public.metadata_treatment USING btree (edited_by_id);


--
-- Name: metadata_treatment_json_type_id_2dd10e35; Type: INDEX; Schema: public; Owner: postgres
--

CREATE INDEX metadata_treatment_json_type_id_2dd10e35 ON public.metadata_treatment USING btree (json_type_id);


--
-- Name: metadata_treatment_name_cf23bb48_like; Type: INDEX; Schema: public; Owner: postgres
--

CREATE INDEX metadata_treatment_name_cf23bb48_like ON public.metadata_treatment USING btree (name varchar_pattern_ops);


--
-- Name: auth_group_permissions auth_group_permissio_permission_id_84c5c92e_fk_auth_perm; Type: FK CONSTRAINT; Schema: public; Owner: postgres
--

ALTER TABLE ONLY public.auth_group_permissions
    ADD CONSTRAINT auth_group_permissio_permission_id_84c5c92e_fk_auth_perm FOREIGN KEY (permission_id) REFERENCES public.auth_permission(id) DEFERRABLE INITIALLY DEFERRED;


--
-- Name: auth_group_permissions auth_group_permissions_group_id_b120cbf9_fk_auth_group_id; Type: FK CONSTRAINT; Schema: public; Owner: postgres
--

ALTER TABLE ONLY public.auth_group_permissions
    ADD CONSTRAINT auth_group_permissions_group_id_b120cbf9_fk_auth_group_id FOREIGN KEY (group_id) REFERENCES public.auth_group(id) DEFERRABLE INITIALLY DEFERRED;


--
-- Name: auth_permission auth_permission_content_type_id_2f476e4b_fk_django_co; Type: FK CONSTRAINT; Schema: public; Owner: postgres
--

ALTER TABLE ONLY public.auth_permission
    ADD CONSTRAINT auth_permission_content_type_id_2f476e4b_fk_django_co FOREIGN KEY (content_type_id) REFERENCES public.django_content_type(id) DEFERRABLE INITIALLY DEFERRED;


--
-- Name: auth_user_groups auth_user_groups_group_id_97559544_fk_auth_group_id; Type: FK CONSTRAINT; Schema: public; Owner: postgres
--

ALTER TABLE ONLY public.auth_user_groups
    ADD CONSTRAINT auth_user_groups_group_id_97559544_fk_auth_group_id FOREIGN KEY (group_id) REFERENCES public.auth_group(id) DEFERRABLE INITIALLY DEFERRED;


--
-- Name: auth_user_groups auth_user_groups_user_id_6a12ed8b_fk_auth_user_id; Type: FK CONSTRAINT; Schema: public; Owner: postgres
--

ALTER TABLE ONLY public.auth_user_groups
    ADD CONSTRAINT auth_user_groups_user_id_6a12ed8b_fk_auth_user_id FOREIGN KEY (user_id) REFERENCES public.auth_user(id) DEFERRABLE INITIALLY DEFERRED;


--
-- Name: auth_user_user_permissions auth_user_user_permi_permission_id_1fbb5f2c_fk_auth_perm; Type: FK CONSTRAINT; Schema: public; Owner: postgres
--

ALTER TABLE ONLY public.auth_user_user_permissions
    ADD CONSTRAINT auth_user_user_permi_permission_id_1fbb5f2c_fk_auth_perm FOREIGN KEY (permission_id) REFERENCES public.auth_permission(id) DEFERRABLE INITIALLY DEFERRED;


--
-- Name: auth_user_user_permissions auth_user_user_permissions_user_id_a95ead1b_fk_auth_user_id; Type: FK CONSTRAINT; Schema: public; Owner: postgres
--

ALTER TABLE ONLY public.auth_user_user_permissions
    ADD CONSTRAINT auth_user_user_permissions_user_id_a95ead1b_fk_auth_user_id FOREIGN KEY (user_id) REFERENCES public.auth_user(id) DEFERRABLE INITIALLY DEFERRED;


--
-- Name: django_admin_log django_admin_log_content_type_id_c4bce8eb_fk_django_co; Type: FK CONSTRAINT; Schema: public; Owner: postgres
--

ALTER TABLE ONLY public.django_admin_log
    ADD CONSTRAINT django_admin_log_content_type_id_c4bce8eb_fk_django_co FOREIGN KEY (content_type_id) REFERENCES public.django_content_type(id) DEFERRABLE INITIALLY DEFERRED;


--
-- Name: django_admin_log django_admin_log_user_id_c564eba6_fk_auth_user_id; Type: FK CONSTRAINT; Schema: public; Owner: postgres
--

ALTER TABLE ONLY public.django_admin_log
    ADD CONSTRAINT django_admin_log_user_id_c564eba6_fk_auth_user_id FOREIGN KEY (user_id) REFERENCES public.auth_user(id) DEFERRABLE INITIALLY DEFERRED;


--
-- Name: metadata_biosample metadata_biosample_biosource_id_69068db8_fk_metadata_; Type: FK CONSTRAINT; Schema: public; Owner: postgres
--

ALTER TABLE ONLY public.metadata_biosample
    ADD CONSTRAINT metadata_biosample_biosource_id_69068db8_fk_metadata_ FOREIGN KEY (biosource_id) REFERENCES public.metadata_biosource(id) DEFERRABLE INITIALLY DEFERRED;


--
-- Name: metadata_biosample metadata_biosample_created_by_id_03d7dfe0_fk_auth_user_id; Type: FK CONSTRAINT; Schema: public; Owner: postgres
--

ALTER TABLE ONLY public.metadata_biosample
    ADD CONSTRAINT metadata_biosample_created_by_id_03d7dfe0_fk_auth_user_id FOREIGN KEY (created_by_id) REFERENCES public.auth_user(id) DEFERRABLE INITIALLY DEFERRED;


--
-- Name: metadata_biosample metadata_biosample_edited_by_id_2ca35314_fk_auth_user_id; Type: FK CONSTRAINT; Schema: public; Owner: postgres
--

ALTER TABLE ONLY public.metadata_biosample
    ADD CONSTRAINT metadata_biosample_edited_by_id_2ca35314_fk_auth_user_id FOREIGN KEY (edited_by_id) REFERENCES public.auth_user(id) DEFERRABLE INITIALLY DEFERRED;


--
-- Name: metadata_biosample metadata_biosample_json_type_id_3f4eeae3_fk_metadata_jsonobj_id; Type: FK CONSTRAINT; Schema: public; Owner: postgres
--

ALTER TABLE ONLY public.metadata_biosample
    ADD CONSTRAINT metadata_biosample_json_type_id_3f4eeae3_fk_metadata_jsonobj_id FOREIGN KEY (json_type_id) REFERENCES public.metadata_jsonobj(id) DEFERRABLE INITIALLY DEFERRED;


--
-- Name: metadata_biosample metadata_biosample_lab_name_id_19475791_fk_metadata_choice_id; Type: FK CONSTRAINT; Schema: public; Owner: postgres
--

ALTER TABLE ONLY public.metadata_biosample
    ADD CONSTRAINT metadata_biosample_lab_name_id_19475791_fk_metadata_choice_id FOREIGN KEY (lab_name_id) REFERENCES public.metadata_choice(id) DEFERRABLE INITIALLY DEFERRED;


--
-- Name: metadata_biosample metadata_biosample_modification_id_2bf5ec7e_fk_metadata_; Type: FK CONSTRAINT; Schema: public; Owner: postgres
--

ALTER TABLE ONLY public.metadata_biosample
    ADD CONSTRAINT metadata_biosample_modification_id_2bf5ec7e_fk_metadata_ FOREIGN KEY (modification_id) REFERENCES public.metadata_modification(id) DEFERRABLE INITIALLY DEFERRED;


--
-- Name: metadata_biosample metadata_biosample_treatment_id_48dc5972_fk_metadata_; Type: FK CONSTRAINT; Schema: public; Owner: postgres
--

ALTER TABLE ONLY public.metadata_biosample
    ADD CONSTRAINT metadata_biosample_treatment_id_48dc5972_fk_metadata_ FOREIGN KEY (treatment_id) REFERENCES public.metadata_treatment(id) DEFERRABLE INITIALLY DEFERRED;


--
-- Name: metadata_biosource metadata_biosource_created_by_id_09732804_fk_auth_user_id; Type: FK CONSTRAINT; Schema: public; Owner: postgres
--

ALTER TABLE ONLY public.metadata_biosource
    ADD CONSTRAINT metadata_biosource_created_by_id_09732804_fk_auth_user_id FOREIGN KEY (created_by_id) REFERENCES public.auth_user(id) DEFERRABLE INITIALLY DEFERRED;


--
-- Name: metadata_biosource metadata_biosource_edited_by_id_9680f2a2_fk_auth_user_id; Type: FK CONSTRAINT; Schema: public; Owner: postgres
--

ALTER TABLE ONLY public.metadata_biosource
    ADD CONSTRAINT metadata_biosource_edited_by_id_9680f2a2_fk_auth_user_id FOREIGN KEY (edited_by_id) REFERENCES public.auth_user(id) DEFERRABLE INITIALLY DEFERRED;


--
-- Name: metadata_biosource metadata_biosource_json_type_id_0a2d4274_fk_metadata_jsonobj_id; Type: FK CONSTRAINT; Schema: public; Owner: postgres
--

ALTER TABLE ONLY public.metadata_biosource
    ADD CONSTRAINT metadata_biosource_json_type_id_0a2d4274_fk_metadata_jsonobj_id FOREIGN KEY (json_type_id) REFERENCES public.metadata_jsonobj(id) DEFERRABLE INITIALLY DEFERRED;


--
-- Name: metadata_biosource metadata_biosource_source_organism_id_9a023df9_fk_metadata_; Type: FK CONSTRAINT; Schema: public; Owner: postgres
--

ALTER TABLE ONLY public.metadata_biosource
    ADD CONSTRAINT metadata_biosource_source_organism_id_9a023df9_fk_metadata_ FOREIGN KEY (source_organism_id) REFERENCES public.metadata_choice(id) DEFERRABLE INITIALLY DEFERRED;


--
-- Name: metadata_experiment metadata_experiment_biosample_id_84a423ef_fk_metadata_; Type: FK CONSTRAINT; Schema: public; Owner: postgres
--

ALTER TABLE ONLY public.metadata_experiment
    ADD CONSTRAINT metadata_experiment_biosample_id_84a423ef_fk_metadata_ FOREIGN KEY (biosample_id) REFERENCES public.metadata_biosample(id) DEFERRABLE INITIALLY DEFERRED;


--
-- Name: metadata_experiment metadata_experiment_biosample_quantity_u_da7ecb06_fk_metadata_; Type: FK CONSTRAINT; Schema: public; Owner: postgres
--

ALTER TABLE ONLY public.metadata_experiment
    ADD CONSTRAINT metadata_experiment_biosample_quantity_u_da7ecb06_fk_metadata_ FOREIGN KEY (biosample_quantity_units_id) REFERENCES public.metadata_choice(id) DEFERRABLE INITIALLY DEFERRED;


--
-- Name: metadata_experiment metadata_experiment_created_by_id_a6ba6b80_fk_auth_user_id; Type: FK CONSTRAINT; Schema: public; Owner: postgres
--

ALTER TABLE ONLY public.metadata_experiment
    ADD CONSTRAINT metadata_experiment_created_by_id_a6ba6b80_fk_auth_user_id FOREIGN KEY (created_by_id) REFERENCES public.auth_user(id) DEFERRABLE INITIALLY DEFERRED;


--
-- Name: metadata_experiment metadata_experiment_edited_by_id_c58aa25c_fk_auth_user_id; Type: FK CONSTRAINT; Schema: public; Owner: postgres
--

ALTER TABLE ONLY public.metadata_experiment
    ADD CONSTRAINT metadata_experiment_edited_by_id_c58aa25c_fk_auth_user_id FOREIGN KEY (edited_by_id) REFERENCES public.auth_user(id) DEFERRABLE INITIALLY DEFERRED;


--
-- Name: metadata_experiment metadata_experiment_json_type_id_f39de1f9_fk_metadata_; Type: FK CONSTRAINT; Schema: public; Owner: postgres
--

ALTER TABLE ONLY public.metadata_experiment
    ADD CONSTRAINT metadata_experiment_json_type_id_f39de1f9_fk_metadata_ FOREIGN KEY (json_type_id) REFERENCES public.metadata_jsonobj(id) DEFERRABLE INITIALLY DEFERRED;


--
-- Name: metadata_experiment metadata_experiment_project_id_7360639c_fk_metadata_project_id; Type: FK CONSTRAINT; Schema: public; Owner: postgres
--

ALTER TABLE ONLY public.metadata_experiment
    ADD CONSTRAINT metadata_experiment_project_id_7360639c_fk_metadata_project_id FOREIGN KEY (project_id) REFERENCES public.metadata_project(id) DEFERRABLE INITIALLY DEFERRED;


--
-- Name: metadata_experiment metadata_experiment_protocol_id_d61b3b16_fk_metadata_; Type: FK CONSTRAINT; Schema: public; Owner: postgres
--

ALTER TABLE ONLY public.metadata_experiment
    ADD CONSTRAINT metadata_experiment_protocol_id_d61b3b16_fk_metadata_ FOREIGN KEY (protocol_id) REFERENCES public.metadata_protocol(id) DEFERRABLE INITIALLY DEFERRED;


--
-- Name: metadata_experimenttag_experiment metadata_experimentt_experiment_id_91917881_fk_metadata_; Type: FK CONSTRAINT; Schema: public; Owner: postgres
--

ALTER TABLE ONLY public.metadata_experimenttag_experiment
    ADD CONSTRAINT metadata_experimentt_experiment_id_91917881_fk_metadata_ FOREIGN KEY (experiment_id) REFERENCES public.metadata_experiment(id) DEFERRABLE INITIALLY DEFERRED;


--
-- Name: metadata_experimenttag_experiment metadata_experimentt_experimenttag_id_403ec35c_fk_metadata_; Type: FK CONSTRAINT; Schema: public; Owner: postgres
--

ALTER TABLE ONLY public.metadata_experimenttag_experiment
    ADD CONSTRAINT metadata_experimentt_experimenttag_id_403ec35c_fk_metadata_ FOREIGN KEY (experimenttag_id) REFERENCES public.metadata_experimenttag(id) DEFERRABLE INITIALLY DEFERRED;


--
-- Name: metadata_experimenttag metadata_experimentt_project_id_6fc3626f_fk_metadata_; Type: FK CONSTRAINT; Schema: public; Owner: postgres
--

ALTER TABLE ONLY public.metadata_experimenttag
    ADD CONSTRAINT metadata_experimentt_project_id_6fc3626f_fk_metadata_ FOREIGN KEY (project_id) REFERENCES public.metadata_project(id) DEFERRABLE INITIALLY DEFERRED;


--
-- Name: metadata_experimenttag metadata_experimenttag_created_by_id_88da859c_fk_auth_user_id; Type: FK CONSTRAINT; Schema: public; Owner: postgres
--

ALTER TABLE ONLY public.metadata_experimenttag
    ADD CONSTRAINT metadata_experimenttag_created_by_id_88da859c_fk_auth_user_id FOREIGN KEY (created_by_id) REFERENCES public.auth_user(id) DEFERRABLE INITIALLY DEFERRED;


--
-- Name: metadata_experimenttag metadata_experimenttag_edited_by_id_84049bb4_fk_auth_user_id; Type: FK CONSTRAINT; Schema: public; Owner: postgres
--

ALTER TABLE ONLY public.metadata_experimenttag
    ADD CONSTRAINT metadata_experimenttag_edited_by_id_84049bb4_fk_auth_user_id FOREIGN KEY (edited_by_id) REFERENCES public.auth_user(id) DEFERRABLE INITIALLY DEFERRED;


--
-- Name: metadata_modification metadata_modificatio_genomic_change_id_6f814a8c_fk_metadata_; Type: FK CONSTRAINT; Schema: public; Owner: postgres
--

ALTER TABLE ONLY public.metadata_modification
    ADD CONSTRAINT metadata_modificatio_genomic_change_id_6f814a8c_fk_metadata_ FOREIGN KEY (genomic_change_id) REFERENCES public.metadata_choice(id) DEFERRABLE INITIALLY DEFERRED;


--
-- Name: metadata_modification metadata_modificatio_modification_type_id_1f10e336_fk_metadata_; Type: FK CONSTRAINT; Schema: public; Owner: postgres
--

ALTER TABLE ONLY public.metadata_modification
    ADD CONSTRAINT metadata_modificatio_modification_type_id_1f10e336_fk_metadata_ FOREIGN KEY (modification_type_id) REFERENCES public.metadata_choice(id) DEFERRABLE INITIALLY DEFERRED;


--
-- Name: metadata_modification metadata_modification_created_by_id_ff39b3ee_fk_auth_user_id; Type: FK CONSTRAINT; Schema: public; Owner: postgres
--

ALTER TABLE ONLY public.metadata_modification
    ADD CONSTRAINT metadata_modification_created_by_id_ff39b3ee_fk_auth_user_id FOREIGN KEY (created_by_id) REFERENCES public.auth_user(id) DEFERRABLE INITIALLY DEFERRED;


--
-- Name: metadata_modification metadata_modification_edited_by_id_859049a0_fk_auth_user_id; Type: FK CONSTRAINT; Schema: public; Owner: postgres
--

ALTER TABLE ONLY public.metadata_modification
    ADD CONSTRAINT metadata_modification_edited_by_id_859049a0_fk_auth_user_id FOREIGN KEY (edited_by_id) REFERENCES public.auth_user(id) DEFERRABLE INITIALLY DEFERRED;


--
-- Name: metadata_project_contributor metadata_project_con_project_id_978d536d_fk_metadata_; Type: FK CONSTRAINT; Schema: public; Owner: postgres
--

ALTER TABLE ONLY public.metadata_project_contributor
    ADD CONSTRAINT metadata_project_con_project_id_978d536d_fk_metadata_ FOREIGN KEY (project_id) REFERENCES public.metadata_project(id) DEFERRABLE INITIALLY DEFERRED;


--
-- Name: metadata_project_contributor metadata_project_contributor_user_id_2a38acaa_fk_auth_user_id; Type: FK CONSTRAINT; Schema: public; Owner: postgres
--

ALTER TABLE ONLY public.metadata_project_contributor
    ADD CONSTRAINT metadata_project_contributor_user_id_2a38acaa_fk_auth_user_id FOREIGN KEY (user_id) REFERENCES public.auth_user(id) DEFERRABLE INITIALLY DEFERRED;


--
-- Name: metadata_project metadata_project_created_by_id_7accf542_fk_auth_user_id; Type: FK CONSTRAINT; Schema: public; Owner: postgres
--

ALTER TABLE ONLY public.metadata_project
    ADD CONSTRAINT metadata_project_created_by_id_7accf542_fk_auth_user_id FOREIGN KEY (created_by_id) REFERENCES public.auth_user(id) DEFERRABLE INITIALLY DEFERRED;


--
-- Name: metadata_project metadata_project_disease_site_id_d81b7030_fk_metadata_; Type: FK CONSTRAINT; Schema: public; Owner: postgres
--

ALTER TABLE ONLY public.metadata_project
    ADD CONSTRAINT metadata_project_disease_site_id_d81b7030_fk_metadata_ FOREIGN KEY (disease_site_id) REFERENCES public.metadata_choicedisease(id) DEFERRABLE INITIALLY DEFERRED;


--
-- Name: metadata_project metadata_project_edited_by_id_58fa3a97_fk_auth_user_id; Type: FK CONSTRAINT; Schema: public; Owner: postgres
--

ALTER TABLE ONLY public.metadata_project
    ADD CONSTRAINT metadata_project_edited_by_id_58fa3a97_fk_auth_user_id FOREIGN KEY (edited_by_id) REFERENCES public.auth_user(id) DEFERRABLE INITIALLY DEFERRED;


--
-- Name: metadata_project_lab_name metadata_project_lab_choice_id_b61c57b8_fk_metadata_; Type: FK CONSTRAINT; Schema: public; Owner: postgres
--

ALTER TABLE ONLY public.metadata_project_lab_name
    ADD CONSTRAINT metadata_project_lab_choice_id_b61c57b8_fk_metadata_ FOREIGN KEY (choice_id) REFERENCES public.metadata_choice(id) DEFERRABLE INITIALLY DEFERRED;


--
-- Name: metadata_project_lab_name metadata_project_lab_project_id_32bde39f_fk_metadata_; Type: FK CONSTRAINT; Schema: public; Owner: postgres
--

ALTER TABLE ONLY public.metadata_project_lab_name
    ADD CONSTRAINT metadata_project_lab_project_id_32bde39f_fk_metadata_ FOREIGN KEY (project_id) REFERENCES public.metadata_project(id) DEFERRABLE INITIALLY DEFERRED;


--
-- Name: metadata_project_tissue_type metadata_project_tis_choice_id_cdefb23f_fk_metadata_; Type: FK CONSTRAINT; Schema: public; Owner: postgres
--

ALTER TABLE ONLY public.metadata_project_tissue_type
    ADD CONSTRAINT metadata_project_tis_choice_id_cdefb23f_fk_metadata_ FOREIGN KEY (choice_id) REFERENCES public.metadata_choice(id) DEFERRABLE INITIALLY DEFERRED;


--
-- Name: metadata_project_tissue_type metadata_project_tis_project_id_f0e0466c_fk_metadata_; Type: FK CONSTRAINT; Schema: public; Owner: postgres
--

ALTER TABLE ONLY public.metadata_project_tissue_type
    ADD CONSTRAINT metadata_project_tis_project_id_f0e0466c_fk_metadata_ FOREIGN KEY (project_id) REFERENCES public.metadata_project(id) DEFERRABLE INITIALLY DEFERRED;


--
-- Name: metadata_protocol metadata_protocol_class_type_id_0c7d8e4c_fk_metadata_choice_id; Type: FK CONSTRAINT; Schema: public; Owner: postgres
--

ALTER TABLE ONLY public.metadata_protocol
    ADD CONSTRAINT metadata_protocol_class_type_id_0c7d8e4c_fk_metadata_choice_id FOREIGN KEY (class_type_id) REFERENCES public.metadata_choice(id) DEFERRABLE INITIALLY DEFERRED;


--
-- Name: metadata_protocol metadata_protocol_created_by_id_eefc31d5_fk_auth_user_id; Type: FK CONSTRAINT; Schema: public; Owner: postgres
--

ALTER TABLE ONLY public.metadata_protocol
    ADD CONSTRAINT metadata_protocol_created_by_id_eefc31d5_fk_auth_user_id FOREIGN KEY (created_by_id) REFERENCES public.auth_user(id) DEFERRABLE INITIALLY DEFERRED;


--
-- Name: metadata_protocol metadata_protocol_edited_by_id_a06499b2_fk_auth_user_id; Type: FK CONSTRAINT; Schema: public; Owner: postgres
--

ALTER TABLE ONLY public.metadata_protocol
    ADD CONSTRAINT metadata_protocol_edited_by_id_a06499b2_fk_auth_user_id FOREIGN KEY (edited_by_id) REFERENCES public.auth_user(id) DEFERRABLE INITIALLY DEFERRED;


--
-- Name: metadata_seqencingfile metadata_seqencingfi_experiment_id_59b63754_fk_metadata_; Type: FK CONSTRAINT; Schema: public; Owner: postgres
--

ALTER TABLE ONLY public.metadata_seqencingfile
    ADD CONSTRAINT metadata_seqencingfi_experiment_id_59b63754_fk_metadata_ FOREIGN KEY (experiment_id) REFERENCES public.metadata_experiment(id) DEFERRABLE INITIALLY DEFERRED;


--
-- Name: metadata_seqencingfile metadata_seqencingfi_file_format_id_0fd4f906_fk_metadata_; Type: FK CONSTRAINT; Schema: public; Owner: postgres
--

ALTER TABLE ONLY public.metadata_seqencingfile
    ADD CONSTRAINT metadata_seqencingfi_file_format_id_0fd4f906_fk_metadata_ FOREIGN KEY (file_format_id) REFERENCES public.metadata_choice(id) DEFERRABLE INITIALLY DEFERRED;


--
-- Name: metadata_seqencingfile_related_files metadata_seqencingfi_from_seqencingfile_i_48294862_fk_metadata_; Type: FK CONSTRAINT; Schema: public; Owner: postgres
--

ALTER TABLE ONLY public.metadata_seqencingfile_related_files
    ADD CONSTRAINT metadata_seqencingfi_from_seqencingfile_i_48294862_fk_metadata_ FOREIGN KEY (from_seqencingfile_id) REFERENCES public.metadata_seqencingfile(id) DEFERRABLE INITIALLY DEFERRED;


--
-- Name: metadata_seqencingfile metadata_seqencingfi_project_id_0ed7eaab_fk_metadata_; Type: FK CONSTRAINT; Schema: public; Owner: postgres
--

ALTER TABLE ONLY public.metadata_seqencingfile
    ADD CONSTRAINT metadata_seqencingfi_project_id_0ed7eaab_fk_metadata_ FOREIGN KEY (project_id) REFERENCES public.metadata_project(id) DEFERRABLE INITIALLY DEFERRED;


--
-- Name: metadata_seqencingfile metadata_seqencingfi_run_id_76efb3b3_fk_metadata_; Type: FK CONSTRAINT; Schema: public; Owner: postgres
--

ALTER TABLE ONLY public.metadata_seqencingfile
    ADD CONSTRAINT metadata_seqencingfi_run_id_76efb3b3_fk_metadata_ FOREIGN KEY (run_id) REFERENCES public.metadata_sequencingrun(id) DEFERRABLE INITIALLY DEFERRED;


--
-- Name: metadata_seqencingfile_related_files metadata_seqencingfi_to_seqencingfile_id_78192329_fk_metadata_; Type: FK CONSTRAINT; Schema: public; Owner: postgres
--

ALTER TABLE ONLY public.metadata_seqencingfile_related_files
    ADD CONSTRAINT metadata_seqencingfi_to_seqencingfile_id_78192329_fk_metadata_ FOREIGN KEY (to_seqencingfile_id) REFERENCES public.metadata_seqencingfile(id) DEFERRABLE INITIALLY DEFERRED;


--
-- Name: metadata_seqencingfile metadata_seqencingfile_assay_id_eea06a8d_fk_metadata_choice_id; Type: FK CONSTRAINT; Schema: public; Owner: postgres
--

ALTER TABLE ONLY public.metadata_seqencingfile
    ADD CONSTRAINT metadata_seqencingfile_assay_id_eea06a8d_fk_metadata_choice_id FOREIGN KEY (assay_id) REFERENCES public.metadata_choice(id) DEFERRABLE INITIALLY DEFERRED;


--
-- Name: metadata_seqencingfile metadata_seqencingfile_created_by_id_db3920da_fk_auth_user_id; Type: FK CONSTRAINT; Schema: public; Owner: postgres
--

ALTER TABLE ONLY public.metadata_seqencingfile
    ADD CONSTRAINT metadata_seqencingfile_created_by_id_db3920da_fk_auth_user_id FOREIGN KEY (created_by_id) REFERENCES public.auth_user(id) DEFERRABLE INITIALLY DEFERRED;


--
-- Name: metadata_seqencingfile metadata_seqencingfile_edited_by_id_299beb9e_fk_auth_user_id; Type: FK CONSTRAINT; Schema: public; Owner: postgres
--

ALTER TABLE ONLY public.metadata_seqencingfile
    ADD CONSTRAINT metadata_seqencingfile_edited_by_id_299beb9e_fk_auth_user_id FOREIGN KEY (edited_by_id) REFERENCES public.auth_user(id) DEFERRABLE INITIALLY DEFERRED;


--
-- Name: metadata_sequencingrun_experiment metadata_sequencingr_experiment_id_ce236aff_fk_metadata_; Type: FK CONSTRAINT; Schema: public; Owner: postgres
--

ALTER TABLE ONLY public.metadata_sequencingrun_experiment
    ADD CONSTRAINT metadata_sequencingr_experiment_id_ce236aff_fk_metadata_ FOREIGN KEY (experiment_id) REFERENCES public.metadata_experiment(id) DEFERRABLE INITIALLY DEFERRED;


--
-- Name: metadata_sequencingrun metadata_sequencingr_project_id_6fe1b929_fk_metadata_; Type: FK CONSTRAINT; Schema: public; Owner: postgres
--

ALTER TABLE ONLY public.metadata_sequencingrun
    ADD CONSTRAINT metadata_sequencingr_project_id_6fe1b929_fk_metadata_ FOREIGN KEY (project_id) REFERENCES public.metadata_project(id) DEFERRABLE INITIALLY DEFERRED;


--
-- Name: metadata_sequencingrun metadata_sequencingr_sequencing_center_id_f1016ef7_fk_metadata_; Type: FK CONSTRAINT; Schema: public; Owner: postgres
--

ALTER TABLE ONLY public.metadata_sequencingrun
    ADD CONSTRAINT metadata_sequencingr_sequencing_center_id_f1016ef7_fk_metadata_ FOREIGN KEY (sequencing_center_id) REFERENCES public.metadata_choice(id) DEFERRABLE INITIALLY DEFERRED;


--
-- Name: metadata_sequencingrun metadata_sequencingr_sequencing_instrumen_ff036e67_fk_metadata_; Type: FK CONSTRAINT; Schema: public; Owner: postgres
--

ALTER TABLE ONLY public.metadata_sequencingrun
    ADD CONSTRAINT metadata_sequencingr_sequencing_instrumen_ff036e67_fk_metadata_ FOREIGN KEY (sequencing_instrument_id) REFERENCES public.metadata_choice(id) DEFERRABLE INITIALLY DEFERRED;


--
-- Name: metadata_sequencingrun_experiment metadata_sequencingr_sequencingrun_id_31f62814_fk_metadata_; Type: FK CONSTRAINT; Schema: public; Owner: postgres
--

ALTER TABLE ONLY public.metadata_sequencingrun_experiment
    ADD CONSTRAINT metadata_sequencingr_sequencingrun_id_31f62814_fk_metadata_ FOREIGN KEY (sequencingrun_id) REFERENCES public.metadata_sequencingrun(id) DEFERRABLE INITIALLY DEFERRED;


--
-- Name: metadata_sequencingrun metadata_sequencingrun_created_by_id_bb0b8c7f_fk_auth_user_id; Type: FK CONSTRAINT; Schema: public; Owner: postgres
--

ALTER TABLE ONLY public.metadata_sequencingrun
    ADD CONSTRAINT metadata_sequencingrun_created_by_id_bb0b8c7f_fk_auth_user_id FOREIGN KEY (created_by_id) REFERENCES public.auth_user(id) DEFERRABLE INITIALLY DEFERRED;


--
-- Name: metadata_sequencingrun metadata_sequencingrun_edited_by_id_2c839ff4_fk_auth_user_id; Type: FK CONSTRAINT; Schema: public; Owner: postgres
--

ALTER TABLE ONLY public.metadata_sequencingrun
    ADD CONSTRAINT metadata_sequencingrun_edited_by_id_2c839ff4_fk_auth_user_id FOREIGN KEY (edited_by_id) REFERENCES public.auth_user(id) DEFERRABLE INITIALLY DEFERRED;


--
-- Name: metadata_treatment metadata_treatment_created_by_id_e69476d1_fk_auth_user_id; Type: FK CONSTRAINT; Schema: public; Owner: postgres
--

ALTER TABLE ONLY public.metadata_treatment
    ADD CONSTRAINT metadata_treatment_created_by_id_e69476d1_fk_auth_user_id FOREIGN KEY (created_by_id) REFERENCES public.auth_user(id) DEFERRABLE INITIALLY DEFERRED;


--
-- Name: metadata_treatment metadata_treatment_edited_by_id_9206a71d_fk_auth_user_id; Type: FK CONSTRAINT; Schema: public; Owner: postgres
--

ALTER TABLE ONLY public.metadata_treatment
    ADD CONSTRAINT metadata_treatment_edited_by_id_9206a71d_fk_auth_user_id FOREIGN KEY (edited_by_id) REFERENCES public.auth_user(id) DEFERRABLE INITIALLY DEFERRED;


--
-- Name: metadata_treatment metadata_treatment_json_type_id_2dd10e35_fk_metadata_jsonobj_id; Type: FK CONSTRAINT; Schema: public; Owner: postgres
--

ALTER TABLE ONLY public.metadata_treatment
    ADD CONSTRAINT metadata_treatment_json_type_id_2dd10e35_fk_metadata_jsonobj_id FOREIGN KEY (json_type_id) REFERENCES public.metadata_jsonobj(id) DEFERRABLE INITIALLY DEFERRED;


--
-- PostgreSQL database dump complete
--

