--
-- PostgreSQL database dump
--

-- Dumped from database version 12.2 (Debian 12.2-2.pgdg100+1)
-- Dumped by pg_dump version 12.2 (Debian 12.2-2.pgdg100+1)

SET statement_timeout = 0;
SET lock_timeout = 0;
SET idle_in_transaction_session_timeout = 0;
SET client_encoding = 'UTF8';
SET standard_conforming_strings = on;
SELECT pg_catalog.set_config('search_path', '', false);
SET check_function_bodies = false;
SET xmloption = content;
SET client_min_messages = warning;
SET row_security = off;

SET default_tablespace = '';

SET default_table_access_method = heap;

--
-- Name: auth_group; Type: TABLE; Schema: public; Owner: postgres
--

CREATE TABLE public.auth_group (
    id integer NOT NULL,
    name character varying(150) NOT NULL
);


ALTER TABLE public.auth_group OWNER TO postgres;

--
-- Name: auth_group_id_seq; Type: SEQUENCE; Schema: public; Owner: postgres
--

CREATE SEQUENCE public.auth_group_id_seq
    AS integer
    START WITH 1
    INCREMENT BY 1
    NO MINVALUE
    NO MAXVALUE
    CACHE 1;


ALTER TABLE public.auth_group_id_seq OWNER TO postgres;

--
-- Name: auth_group_id_seq; Type: SEQUENCE OWNED BY; Schema: public; Owner: postgres
--

ALTER SEQUENCE public.auth_group_id_seq OWNED BY public.auth_group.id;


--
-- Name: auth_group_permissions; Type: TABLE; Schema: public; Owner: postgres
--

CREATE TABLE public.auth_group_permissions (
    id integer NOT NULL,
    group_id integer NOT NULL,
    permission_id integer NOT NULL
);


ALTER TABLE public.auth_group_permissions OWNER TO postgres;

--
-- Name: auth_group_permissions_id_seq; Type: SEQUENCE; Schema: public; Owner: postgres
--

CREATE SEQUENCE public.auth_group_permissions_id_seq
    AS integer
    START WITH 1
    INCREMENT BY 1
    NO MINVALUE
    NO MAXVALUE
    CACHE 1;


ALTER TABLE public.auth_group_permissions_id_seq OWNER TO postgres;

--
-- Name: auth_group_permissions_id_seq; Type: SEQUENCE OWNED BY; Schema: public; Owner: postgres
--

ALTER SEQUENCE public.auth_group_permissions_id_seq OWNED BY public.auth_group_permissions.id;


--
-- Name: auth_permission; Type: TABLE; Schema: public; Owner: postgres
--

CREATE TABLE public.auth_permission (
    id integer NOT NULL,
    name character varying(255) NOT NULL,
    content_type_id integer NOT NULL,
    codename character varying(100) NOT NULL
);


ALTER TABLE public.auth_permission OWNER TO postgres;

--
-- Name: auth_permission_id_seq; Type: SEQUENCE; Schema: public; Owner: postgres
--

CREATE SEQUENCE public.auth_permission_id_seq
    AS integer
    START WITH 1
    INCREMENT BY 1
    NO MINVALUE
    NO MAXVALUE
    CACHE 1;


ALTER TABLE public.auth_permission_id_seq OWNER TO postgres;

--
-- Name: auth_permission_id_seq; Type: SEQUENCE OWNED BY; Schema: public; Owner: postgres
--

ALTER SEQUENCE public.auth_permission_id_seq OWNED BY public.auth_permission.id;


--
-- Name: auth_user; Type: TABLE; Schema: public; Owner: postgres
--

CREATE TABLE public.auth_user (
    id integer NOT NULL,
    password character varying(128) NOT NULL,
    last_login timestamp with time zone,
    is_superuser boolean NOT NULL,
    username character varying(150) NOT NULL,
    first_name character varying(30) NOT NULL,
    last_name character varying(150) NOT NULL,
    email character varying(254) NOT NULL,
    is_staff boolean NOT NULL,
    is_active boolean NOT NULL,
    date_joined timestamp with time zone NOT NULL
);


ALTER TABLE public.auth_user OWNER TO postgres;

--
-- Name: auth_user_groups; Type: TABLE; Schema: public; Owner: postgres
--

CREATE TABLE public.auth_user_groups (
    id integer NOT NULL,
    user_id integer NOT NULL,
    group_id integer NOT NULL
);


ALTER TABLE public.auth_user_groups OWNER TO postgres;

--
-- Name: auth_user_groups_id_seq; Type: SEQUENCE; Schema: public; Owner: postgres
--

CREATE SEQUENCE public.auth_user_groups_id_seq
    AS integer
    START WITH 1
    INCREMENT BY 1
    NO MINVALUE
    NO MAXVALUE
    CACHE 1;


ALTER TABLE public.auth_user_groups_id_seq OWNER TO postgres;

--
-- Name: auth_user_groups_id_seq; Type: SEQUENCE OWNED BY; Schema: public; Owner: postgres
--

ALTER SEQUENCE public.auth_user_groups_id_seq OWNED BY public.auth_user_groups.id;


--
-- Name: auth_user_id_seq; Type: SEQUENCE; Schema: public; Owner: postgres
--

CREATE SEQUENCE public.auth_user_id_seq
    AS integer
    START WITH 1
    INCREMENT BY 1
    NO MINVALUE
    NO MAXVALUE
    CACHE 1;


ALTER TABLE public.auth_user_id_seq OWNER TO postgres;

--
-- Name: auth_user_id_seq; Type: SEQUENCE OWNED BY; Schema: public; Owner: postgres
--

ALTER SEQUENCE public.auth_user_id_seq OWNED BY public.auth_user.id;


--
-- Name: auth_user_user_permissions; Type: TABLE; Schema: public; Owner: postgres
--

CREATE TABLE public.auth_user_user_permissions (
    id integer NOT NULL,
    user_id integer NOT NULL,
    permission_id integer NOT NULL
);


ALTER TABLE public.auth_user_user_permissions OWNER TO postgres;

--
-- Name: auth_user_user_permissions_id_seq; Type: SEQUENCE; Schema: public; Owner: postgres
--

CREATE SEQUENCE public.auth_user_user_permissions_id_seq
    AS integer
    START WITH 1
    INCREMENT BY 1
    NO MINVALUE
    NO MAXVALUE
    CACHE 1;


ALTER TABLE public.auth_user_user_permissions_id_seq OWNER TO postgres;

--
-- Name: auth_user_user_permissions_id_seq; Type: SEQUENCE OWNED BY; Schema: public; Owner: postgres
--

ALTER SEQUENCE public.auth_user_user_permissions_id_seq OWNED BY public.auth_user_user_permissions.id;


--
-- Name: django_admin_log; Type: TABLE; Schema: public; Owner: postgres
--

CREATE TABLE public.django_admin_log (
    id integer NOT NULL,
    action_time timestamp with time zone NOT NULL,
    object_id text,
    object_repr character varying(200) NOT NULL,
    action_flag smallint NOT NULL,
    change_message text NOT NULL,
    content_type_id integer,
    user_id integer NOT NULL,
    CONSTRAINT django_admin_log_action_flag_check CHECK ((action_flag >= 0))
);


ALTER TABLE public.django_admin_log OWNER TO postgres;

--
-- Name: django_admin_log_id_seq; Type: SEQUENCE; Schema: public; Owner: postgres
--

CREATE SEQUENCE public.django_admin_log_id_seq
    AS integer
    START WITH 1
    INCREMENT BY 1
    NO MINVALUE
    NO MAXVALUE
    CACHE 1;


ALTER TABLE public.django_admin_log_id_seq OWNER TO postgres;

--
-- Name: django_admin_log_id_seq; Type: SEQUENCE OWNED BY; Schema: public; Owner: postgres
--

ALTER SEQUENCE public.django_admin_log_id_seq OWNED BY public.django_admin_log.id;


--
-- Name: django_content_type; Type: TABLE; Schema: public; Owner: postgres
--

CREATE TABLE public.django_content_type (
    id integer NOT NULL,
    app_label character varying(100) NOT NULL,
    model character varying(100) NOT NULL
);


ALTER TABLE public.django_content_type OWNER TO postgres;

--
-- Name: django_content_type_id_seq; Type: SEQUENCE; Schema: public; Owner: postgres
--

CREATE SEQUENCE public.django_content_type_id_seq
    AS integer
    START WITH 1
    INCREMENT BY 1
    NO MINVALUE
    NO MAXVALUE
    CACHE 1;


ALTER TABLE public.django_content_type_id_seq OWNER TO postgres;

--
-- Name: django_content_type_id_seq; Type: SEQUENCE OWNED BY; Schema: public; Owner: postgres
--

ALTER SEQUENCE public.django_content_type_id_seq OWNED BY public.django_content_type.id;


--
-- Name: django_migrations; Type: TABLE; Schema: public; Owner: postgres
--

CREATE TABLE public.django_migrations (
    id integer NOT NULL,
    app character varying(255) NOT NULL,
    name character varying(255) NOT NULL,
    applied timestamp with time zone NOT NULL
);


ALTER TABLE public.django_migrations OWNER TO postgres;

--
-- Name: django_migrations_id_seq; Type: SEQUENCE; Schema: public; Owner: postgres
--

CREATE SEQUENCE public.django_migrations_id_seq
    AS integer
    START WITH 1
    INCREMENT BY 1
    NO MINVALUE
    NO MAXVALUE
    CACHE 1;


ALTER TABLE public.django_migrations_id_seq OWNER TO postgres;

--
-- Name: django_migrations_id_seq; Type: SEQUENCE OWNED BY; Schema: public; Owner: postgres
--

ALTER SEQUENCE public.django_migrations_id_seq OWNED BY public.django_migrations.id;


--
-- Name: django_session; Type: TABLE; Schema: public; Owner: postgres
--

CREATE TABLE public.django_session (
    session_key character varying(40) NOT NULL,
    session_data text NOT NULL,
    expire_date timestamp with time zone NOT NULL
);


ALTER TABLE public.django_session OWNER TO postgres;

--
-- Name: metadata_biosample; Type: TABLE; Schema: public; Owner: postgres
--

CREATE TABLE public.metadata_biosample (
    id integer NOT NULL,
    created_at timestamp with time zone NOT NULL,
    edited_at timestamp with time zone NOT NULL,
    description text,
    contact_person character varying(100),
    contact_info character varying(254),
    delivery_date date,
    name character varying(500) NOT NULL,
    sample_id character varying(100) NOT NULL,
    sample_ontology_uri character varying(500),
    collection_date date NOT NULL,
    collection_method character varying(100),
    json_fields jsonb,
    created_by_id integer NOT NULL,
    edited_by_id integer NOT NULL,
    json_type_id integer NOT NULL,
    lab_name_id integer,
    biosource_id integer NOT NULL
);


ALTER TABLE public.metadata_biosample OWNER TO postgres;

--
-- Name: metadata_biosample_id_seq; Type: SEQUENCE; Schema: public; Owner: postgres
--

CREATE SEQUENCE public.metadata_biosample_id_seq
    AS integer
    START WITH 1
    INCREMENT BY 1
    NO MINVALUE
    NO MAXVALUE
    CACHE 1;


ALTER TABLE public.metadata_biosample_id_seq OWNER TO postgres;

--
-- Name: metadata_biosample_id_seq; Type: SEQUENCE OWNED BY; Schema: public; Owner: postgres
--

ALTER SEQUENCE public.metadata_biosample_id_seq OWNED BY public.metadata_biosample.id;


--
-- Name: metadata_biosource; Type: TABLE; Schema: public; Owner: postgres
--

CREATE TABLE public.metadata_biosource (
    id integer NOT NULL,
    created_at timestamp with time zone NOT NULL,
    edited_at timestamp with time zone NOT NULL,
    description text,
    name character varying(500) NOT NULL,
    disease character varying(500),
    disease_ontology_uri character varying(500),
    json_fields jsonb,
    created_by_id integer NOT NULL,
    edited_by_id integer NOT NULL,
    json_type_id integer NOT NULL,
    source_organism_id integer
);


ALTER TABLE public.metadata_biosource OWNER TO postgres;

--
-- Name: metadata_biosource_id_seq; Type: SEQUENCE; Schema: public; Owner: postgres
--

CREATE SEQUENCE public.metadata_biosource_id_seq
    AS integer
    START WITH 1
    INCREMENT BY 1
    NO MINVALUE
    NO MAXVALUE
    CACHE 1;


ALTER TABLE public.metadata_biosource_id_seq OWNER TO postgres;

--
-- Name: metadata_biosource_id_seq; Type: SEQUENCE OWNED BY; Schema: public; Owner: postgres
--

ALTER SEQUENCE public.metadata_biosource_id_seq OWNED BY public.metadata_biosource.id;


--
-- Name: metadata_choice; Type: TABLE; Schema: public; Owner: postgres
--

CREATE TABLE public.metadata_choice (
    id integer NOT NULL,
    name character varying(50) NOT NULL,
    class_type character varying(50) NOT NULL
);


ALTER TABLE public.metadata_choice OWNER TO postgres;

--
-- Name: metadata_choice_id_seq; Type: SEQUENCE; Schema: public; Owner: postgres
--

CREATE SEQUENCE public.metadata_choice_id_seq
    AS integer
    START WITH 1
    INCREMENT BY 1
    NO MINVALUE
    NO MAXVALUE
    CACHE 1;


ALTER TABLE public.metadata_choice_id_seq OWNER TO postgres;

--
-- Name: metadata_choice_id_seq; Type: SEQUENCE OWNED BY; Schema: public; Owner: postgres
--

ALTER SEQUENCE public.metadata_choice_id_seq OWNED BY public.metadata_choice.id;


--
-- Name: metadata_experiment; Type: TABLE; Schema: public; Owner: postgres
--

CREATE TABLE public.metadata_experiment (
    id integer NOT NULL,
    created_at timestamp with time zone NOT NULL,
    edited_at timestamp with time zone NOT NULL,
    description text,
    name character varying(500) NOT NULL,
    bio_rep_no integer NOT NULL,
    tec_rep_no integer NOT NULL,
    json_fields jsonb,
    biosample_id integer NOT NULL,
    created_by_id integer NOT NULL,
    edited_by_id integer NOT NULL,
    json_type_id integer NOT NULL,
    project_id integer NOT NULL,
    protocol_id integer,
    modification_id integer,
    treatment_id integer
);


ALTER TABLE public.metadata_experiment OWNER TO postgres;

--
-- Name: metadata_experiment_id_seq; Type: SEQUENCE; Schema: public; Owner: postgres
--

CREATE SEQUENCE public.metadata_experiment_id_seq
    AS integer
    START WITH 1
    INCREMENT BY 1
    NO MINVALUE
    NO MAXVALUE
    CACHE 1;


ALTER TABLE public.metadata_experiment_id_seq OWNER TO postgres;

--
-- Name: metadata_experiment_id_seq; Type: SEQUENCE OWNED BY; Schema: public; Owner: postgres
--

ALTER SEQUENCE public.metadata_experiment_id_seq OWNED BY public.metadata_experiment.id;


--
-- Name: metadata_jsonobj; Type: TABLE; Schema: public; Owner: postgres
--

CREATE TABLE public.metadata_jsonobj (
    id integer NOT NULL,
    name character varying(500) NOT NULL,
    json_type character varying(50) NOT NULL,
    json_fields jsonb NOT NULL
);


ALTER TABLE public.metadata_jsonobj OWNER TO postgres;

--
-- Name: metadata_jsonobj_id_seq; Type: SEQUENCE; Schema: public; Owner: postgres
--

CREATE SEQUENCE public.metadata_jsonobj_id_seq
    AS integer
    START WITH 1
    INCREMENT BY 1
    NO MINVALUE
    NO MAXVALUE
    CACHE 1;


ALTER TABLE public.metadata_jsonobj_id_seq OWNER TO postgres;

--
-- Name: metadata_jsonobj_id_seq; Type: SEQUENCE OWNED BY; Schema: public; Owner: postgres
--

ALTER SEQUENCE public.metadata_jsonobj_id_seq OWNED BY public.metadata_jsonobj.id;


--
-- Name: metadata_modification; Type: TABLE; Schema: public; Owner: postgres
--

CREATE TABLE public.metadata_modification (
    id integer NOT NULL,
    created_at timestamp with time zone NOT NULL,
    edited_at timestamp with time zone NOT NULL,
    description text,
    name character varying(500) NOT NULL,
    guide_rnas character varying(100),
    created_by_id integer NOT NULL,
    edited_by_id integer NOT NULL,
    genomic_change_id integer,
    modification_type_id integer
);


ALTER TABLE public.metadata_modification OWNER TO postgres;

--
-- Name: metadata_modification_id_seq; Type: SEQUENCE; Schema: public; Owner: postgres
--

CREATE SEQUENCE public.metadata_modification_id_seq
    AS integer
    START WITH 1
    INCREMENT BY 1
    NO MINVALUE
    NO MAXVALUE
    CACHE 1;


ALTER TABLE public.metadata_modification_id_seq OWNER TO postgres;

--
-- Name: metadata_modification_id_seq; Type: SEQUENCE OWNED BY; Schema: public; Owner: postgres
--

ALTER SEQUENCE public.metadata_modification_id_seq OWNED BY public.metadata_modification.id;


--
-- Name: metadata_project; Type: TABLE; Schema: public; Owner: postgres
--

CREATE TABLE public.metadata_project (
    id integer NOT NULL,
    created_at timestamp with time zone NOT NULL,
    edited_at timestamp with time zone NOT NULL,
    description text,
    name character varying(500) NOT NULL,
    status character varying(10) NOT NULL,
    created_by_id integer NOT NULL,
    edited_by_id integer NOT NULL
);


ALTER TABLE public.metadata_project OWNER TO postgres;

--
-- Name: metadata_project_contributor; Type: TABLE; Schema: public; Owner: postgres
--

CREATE TABLE public.metadata_project_contributor (
    id integer NOT NULL,
    project_id integer NOT NULL,
    user_id integer NOT NULL
);


ALTER TABLE public.metadata_project_contributor OWNER TO postgres;

--
-- Name: metadata_project_contributor_id_seq; Type: SEQUENCE; Schema: public; Owner: postgres
--

CREATE SEQUENCE public.metadata_project_contributor_id_seq
    AS integer
    START WITH 1
    INCREMENT BY 1
    NO MINVALUE
    NO MAXVALUE
    CACHE 1;


ALTER TABLE public.metadata_project_contributor_id_seq OWNER TO postgres;

--
-- Name: metadata_project_contributor_id_seq; Type: SEQUENCE OWNED BY; Schema: public; Owner: postgres
--

ALTER SEQUENCE public.metadata_project_contributor_id_seq OWNED BY public.metadata_project_contributor.id;


--
-- Name: metadata_project_id_seq; Type: SEQUENCE; Schema: public; Owner: postgres
--

CREATE SEQUENCE public.metadata_project_id_seq
    AS integer
    START WITH 1
    INCREMENT BY 1
    NO MINVALUE
    NO MAXVALUE
    CACHE 1;


ALTER TABLE public.metadata_project_id_seq OWNER TO postgres;

--
-- Name: metadata_project_id_seq; Type: SEQUENCE OWNED BY; Schema: public; Owner: postgres
--

ALTER SEQUENCE public.metadata_project_id_seq OWNED BY public.metadata_project.id;


--
-- Name: metadata_protocol; Type: TABLE; Schema: public; Owner: postgres
--

CREATE TABLE public.metadata_protocol (
    id integer NOT NULL,
    created_at timestamp with time zone NOT NULL,
    edited_at timestamp with time zone NOT NULL,
    description text,
    name character varying(500) NOT NULL,
    attachment character varying(100),
    class_type_id integer,
    created_by_id integer NOT NULL,
    edited_by_id integer NOT NULL
);


ALTER TABLE public.metadata_protocol OWNER TO postgres;

--
-- Name: metadata_protocol_id_seq; Type: SEQUENCE; Schema: public; Owner: postgres
--

CREATE SEQUENCE public.metadata_protocol_id_seq
    AS integer
    START WITH 1
    INCREMENT BY 1
    NO MINVALUE
    NO MAXVALUE
    CACHE 1;


ALTER TABLE public.metadata_protocol_id_seq OWNER TO postgres;

--
-- Name: metadata_protocol_id_seq; Type: SEQUENCE OWNED BY; Schema: public; Owner: postgres
--

ALTER SEQUENCE public.metadata_protocol_id_seq OWNED BY public.metadata_protocol.id;


--
-- Name: metadata_treatment; Type: TABLE; Schema: public; Owner: postgres
--

CREATE TABLE public.metadata_treatment (
    id integer NOT NULL,
    created_at timestamp with time zone NOT NULL,
    edited_at timestamp with time zone NOT NULL,
    description text,
    name character varying(500) NOT NULL,
    json_fields jsonb,
    created_by_id integer NOT NULL,
    edited_by_id integer NOT NULL,
    json_type_id integer NOT NULL
);


ALTER TABLE public.metadata_treatment OWNER TO postgres;

--
-- Name: metadata_treatment_id_seq; Type: SEQUENCE; Schema: public; Owner: postgres
--

CREATE SEQUENCE public.metadata_treatment_id_seq
    AS integer
    START WITH 1
    INCREMENT BY 1
    NO MINVALUE
    NO MAXVALUE
    CACHE 1;


ALTER TABLE public.metadata_treatment_id_seq OWNER TO postgres;

--
-- Name: metadata_treatment_id_seq; Type: SEQUENCE OWNED BY; Schema: public; Owner: postgres
--

ALTER SEQUENCE public.metadata_treatment_id_seq OWNED BY public.metadata_treatment.id;


--
-- Name: auth_group id; Type: DEFAULT; Schema: public; Owner: postgres
--

ALTER TABLE ONLY public.auth_group ALTER COLUMN id SET DEFAULT nextval('public.auth_group_id_seq'::regclass);


--
-- Name: auth_group_permissions id; Type: DEFAULT; Schema: public; Owner: postgres
--

ALTER TABLE ONLY public.auth_group_permissions ALTER COLUMN id SET DEFAULT nextval('public.auth_group_permissions_id_seq'::regclass);


--
-- Name: auth_permission id; Type: DEFAULT; Schema: public; Owner: postgres
--

ALTER TABLE ONLY public.auth_permission ALTER COLUMN id SET DEFAULT nextval('public.auth_permission_id_seq'::regclass);


--
-- Name: auth_user id; Type: DEFAULT; Schema: public; Owner: postgres
--

ALTER TABLE ONLY public.auth_user ALTER COLUMN id SET DEFAULT nextval('public.auth_user_id_seq'::regclass);


--
-- Name: auth_user_groups id; Type: DEFAULT; Schema: public; Owner: postgres
--

ALTER TABLE ONLY public.auth_user_groups ALTER COLUMN id SET DEFAULT nextval('public.auth_user_groups_id_seq'::regclass);


--
-- Name: auth_user_user_permissions id; Type: DEFAULT; Schema: public; Owner: postgres
--

ALTER TABLE ONLY public.auth_user_user_permissions ALTER COLUMN id SET DEFAULT nextval('public.auth_user_user_permissions_id_seq'::regclass);


--
-- Name: django_admin_log id; Type: DEFAULT; Schema: public; Owner: postgres
--

ALTER TABLE ONLY public.django_admin_log ALTER COLUMN id SET DEFAULT nextval('public.django_admin_log_id_seq'::regclass);


--
-- Name: django_content_type id; Type: DEFAULT; Schema: public; Owner: postgres
--

ALTER TABLE ONLY public.django_content_type ALTER COLUMN id SET DEFAULT nextval('public.django_content_type_id_seq'::regclass);


--
-- Name: django_migrations id; Type: DEFAULT; Schema: public; Owner: postgres
--

ALTER TABLE ONLY public.django_migrations ALTER COLUMN id SET DEFAULT nextval('public.django_migrations_id_seq'::regclass);


--
-- Name: metadata_biosample id; Type: DEFAULT; Schema: public; Owner: postgres
--

ALTER TABLE ONLY public.metadata_biosample ALTER COLUMN id SET DEFAULT nextval('public.metadata_biosample_id_seq'::regclass);


--
-- Name: metadata_biosource id; Type: DEFAULT; Schema: public; Owner: postgres
--

ALTER TABLE ONLY public.metadata_biosource ALTER COLUMN id SET DEFAULT nextval('public.metadata_biosource_id_seq'::regclass);


--
-- Name: metadata_choice id; Type: DEFAULT; Schema: public; Owner: postgres
--

ALTER TABLE ONLY public.metadata_choice ALTER COLUMN id SET DEFAULT nextval('public.metadata_choice_id_seq'::regclass);


--
-- Name: metadata_experiment id; Type: DEFAULT; Schema: public; Owner: postgres
--

ALTER TABLE ONLY public.metadata_experiment ALTER COLUMN id SET DEFAULT nextval('public.metadata_experiment_id_seq'::regclass);


--
-- Name: metadata_jsonobj id; Type: DEFAULT; Schema: public; Owner: postgres
--

ALTER TABLE ONLY public.metadata_jsonobj ALTER COLUMN id SET DEFAULT nextval('public.metadata_jsonobj_id_seq'::regclass);


--
-- Name: metadata_modification id; Type: DEFAULT; Schema: public; Owner: postgres
--

ALTER TABLE ONLY public.metadata_modification ALTER COLUMN id SET DEFAULT nextval('public.metadata_modification_id_seq'::regclass);


--
-- Name: metadata_project id; Type: DEFAULT; Schema: public; Owner: postgres
--

ALTER TABLE ONLY public.metadata_project ALTER COLUMN id SET DEFAULT nextval('public.metadata_project_id_seq'::regclass);


--
-- Name: metadata_project_contributor id; Type: DEFAULT; Schema: public; Owner: postgres
--

ALTER TABLE ONLY public.metadata_project_contributor ALTER COLUMN id SET DEFAULT nextval('public.metadata_project_contributor_id_seq'::regclass);


--
-- Name: metadata_protocol id; Type: DEFAULT; Schema: public; Owner: postgres
--

ALTER TABLE ONLY public.metadata_protocol ALTER COLUMN id SET DEFAULT nextval('public.metadata_protocol_id_seq'::regclass);


--
-- Name: metadata_treatment id; Type: DEFAULT; Schema: public; Owner: postgres
--

ALTER TABLE ONLY public.metadata_treatment ALTER COLUMN id SET DEFAULT nextval('public.metadata_treatment_id_seq'::regclass);


--
-- Data for Name: auth_group; Type: TABLE DATA; Schema: public; Owner: postgres
--

COPY public.auth_group (id, name) FROM stdin;
\.


--
-- Data for Name: auth_group_permissions; Type: TABLE DATA; Schema: public; Owner: postgres
--

COPY public.auth_group_permissions (id, group_id, permission_id) FROM stdin;
\.


--
-- Data for Name: auth_permission; Type: TABLE DATA; Schema: public; Owner: postgres
--

COPY public.auth_permission (id, name, content_type_id, codename) FROM stdin;
1	Can add log entry	1	add_logentry
2	Can change log entry	1	change_logentry
3	Can delete log entry	1	delete_logentry
4	Can view log entry	1	view_logentry
5	Can add permission	2	add_permission
6	Can change permission	2	change_permission
7	Can delete permission	2	delete_permission
8	Can view permission	2	view_permission
9	Can add group	3	add_group
10	Can change group	3	change_group
11	Can delete group	3	delete_group
12	Can view group	3	view_group
13	Can add user	4	add_user
14	Can change user	4	change_user
15	Can delete user	4	delete_user
16	Can view user	4	view_user
17	Can add content type	5	add_contenttype
18	Can change content type	5	change_contenttype
19	Can delete content type	5	delete_contenttype
20	Can view content type	5	view_contenttype
21	Can add session	6	add_session
22	Can change session	6	change_session
23	Can delete session	6	delete_session
24	Can view session	6	view_session
25	Can add biosample	7	add_biosample
26	Can change biosample	7	change_biosample
27	Can delete biosample	7	delete_biosample
28	Can view biosample	7	view_biosample
29	Can add choice	8	add_choice
30	Can change choice	8	change_choice
31	Can delete choice	8	delete_choice
32	Can view choice	8	view_choice
33	Can add json obj	9	add_jsonobj
34	Can change json obj	9	change_jsonobj
35	Can delete json obj	9	delete_jsonobj
36	Can view json obj	9	view_jsonobj
37	Can add treatment	10	add_treatment
38	Can change treatment	10	change_treatment
39	Can delete treatment	10	delete_treatment
40	Can view treatment	10	view_treatment
41	Can add protocol	11	add_protocol
42	Can change protocol	11	change_protocol
43	Can delete protocol	11	delete_protocol
44	Can view protocol	11	view_protocol
45	Can add project	12	add_project
46	Can change project	12	change_project
47	Can delete project	12	delete_project
48	Can view project	12	view_project
49	Can add modification	13	add_modification
50	Can change modification	13	change_modification
51	Can delete modification	13	delete_modification
52	Can view modification	13	view_modification
53	Can add experiment	14	add_experiment
54	Can change experiment	14	change_experiment
55	Can delete experiment	14	delete_experiment
56	Can view experiment	14	view_experiment
57	Can add biosource	15	add_biosource
58	Can change biosource	15	change_biosource
59	Can delete biosource	15	delete_biosource
60	Can view biosource	15	view_biosource
\.


--
-- Data for Name: auth_user; Type: TABLE DATA; Schema: public; Owner: postgres
--

COPY public.auth_user (id, password, last_login, is_superuser, username, first_name, last_name, email, is_staff, is_active, date_joined) FROM stdin;
1	pbkdf2_sha256$180000$2Q6TbcahP4Mq$f5S0ALZeTeXvVG77J4fGA1VaQ6aHiokDLSrag00RLPE=	2020-04-29 06:56:15.837081+00	t	admin			n@gmail.com	t	t	2020-04-09 15:37:08.224381+00
\.


--
-- Data for Name: auth_user_groups; Type: TABLE DATA; Schema: public; Owner: postgres
--

COPY public.auth_user_groups (id, user_id, group_id) FROM stdin;
\.


--
-- Data for Name: auth_user_user_permissions; Type: TABLE DATA; Schema: public; Owner: postgres
--

COPY public.auth_user_user_permissions (id, user_id, permission_id) FROM stdin;
\.


--
-- Data for Name: django_admin_log; Type: TABLE DATA; Schema: public; Owner: postgres
--

COPY public.django_admin_log (id, action_time, object_id, object_repr, action_flag, change_message, content_type_id, user_id) FROM stdin;
1	2020-04-09 19:00:15.475222+00	1	ATAC Seq	1	[{"added": {}}]	9	1
2	2020-04-09 19:00:37.215201+00	2	Hi-C	1	[{"added": {}}]	9	1
3	2020-04-09 19:00:56.857066+00	3	primary cell line	1	[{"added": {}}]	9	1
4	2020-04-09 19:01:15.012523+00	4	primary cell	1	[{"added": {}}]	9	1
5	2020-04-09 19:01:41.365031+00	5	cell culture details - Available	1	[{"added": {}}]	9	1
6	2020-04-09 19:01:57.041648+00	6	cell culture details - Not Available	1	[{"added": {}}]	9	1
7	2020-04-09 19:02:20.292633+00	7	TreatmentAgent	1	[{"added": {}}]	9	1
8	2020-04-09 19:02:36.854674+00	8	TreatmentRnai	1	[{"added": {}}]	9	1
9	2020-04-09 19:02:56.838406+00	1	Human	1	[{"added": {}}]	8	1
10	2020-04-09 19:03:05.262848+00	2	Mouse	1	[{"added": {}}]	8	1
11	2020-04-09 19:03:13.546572+00	3	Fly	1	[{"added": {}}]	8	1
12	2020-04-09 19:03:25.245161+00	4	Crispr	1	[{"added": {}}]	8	1
13	2020-04-09 19:03:37.844485+00	5	Stable Transfection	1	[{"added": {}}]	8	1
14	2020-04-09 19:03:46.140669+00	6	Other	1	[{"added": {}}]	8	1
15	2020-04-09 19:04:00.647587+00	7	job_dekker_lab	1	[{"added": {}}]	8	1
16	2020-04-09 19:04:08.49716+00	8	mathieu_lupien_lab	1	[{"added": {}}]	8	1
17	2020-04-09 19:04:21.380208+00	9	deletion	1	[{"added": {}}]	8	1
18	2020-04-09 19:05:03.826323+00	10	insertion	1	[{"added": {}}]	8	1
19	2020-04-09 19:05:11.15841+00	11	inversion	1	[{"added": {}}]	8	1
20	2020-04-09 19:05:17.347841+00	12	duplication	1	[{"added": {}}]	8	1
21	2020-04-09 19:05:24.312873+00	13	replacement	1	[{"added": {}}]	8	1
22	2020-04-09 19:05:30.679989+00	14	disruption	1	[{"added": {}}]	8	1
23	2020-04-09 19:05:46.320064+00	15	point mutation	1	[{"added": {}}]	8	1
24	2020-04-09 19:05:54.303016+00	16	complex change	1	[{"added": {}}]	8	1
25	2020-04-09 19:06:01.026356+00	17	unknown	1	[{"added": {}}]	8	1
26	2020-04-13 20:16:26.907952+00	1	test899	3		7	1
27	2020-04-13 20:16:38.681371+00	7	testjqwshbqwj	3		15	1
28	2020-04-13 20:16:38.69117+00	6	jkhkjjnbj	3		15	1
29	2020-04-13 20:16:38.695771+00	5	jkhkjjn	3		15	1
30	2020-04-13 20:16:38.701116+00	4	jkhkj	3		15	1
31	2020-04-13 20:16:38.705896+00	3	testnkjnkkk	3		15	1
32	2020-04-13 20:16:38.710723+00	2	testnkjnk	3		15	1
33	2020-04-13 20:16:38.715826+00	1	test	3		15	1
\.


--
-- Data for Name: django_content_type; Type: TABLE DATA; Schema: public; Owner: postgres
--

COPY public.django_content_type (id, app_label, model) FROM stdin;
1	admin	logentry
2	auth	permission
3	auth	group
4	auth	user
5	contenttypes	contenttype
6	sessions	session
7	metadata	biosample
8	metadata	choice
9	metadata	jsonobj
10	metadata	treatment
11	metadata	protocol
12	metadata	project
13	metadata	modification
14	metadata	experiment
15	metadata	biosource
\.


--
-- Data for Name: django_migrations; Type: TABLE DATA; Schema: public; Owner: postgres
--

COPY public.django_migrations (id, app, name, applied) FROM stdin;
1	contenttypes	0001_initial	2020-04-09 15:35:58.717174+00
2	auth	0001_initial	2020-04-09 15:35:58.833599+00
3	admin	0001_initial	2020-04-09 15:35:59.028393+00
4	admin	0002_logentry_remove_auto_add	2020-04-09 15:35:59.110813+00
5	admin	0003_logentry_add_action_flag_choices	2020-04-09 15:35:59.122606+00
6	contenttypes	0002_remove_content_type_name	2020-04-09 15:35:59.161431+00
7	auth	0002_alter_permission_name_max_length	2020-04-09 15:35:59.173093+00
8	auth	0003_alter_user_email_max_length	2020-04-09 15:35:59.185508+00
9	auth	0004_alter_user_username_opts	2020-04-09 15:35:59.199838+00
10	auth	0005_alter_user_last_login_null	2020-04-09 15:35:59.212218+00
11	auth	0006_require_contenttypes_0002	2020-04-09 15:35:59.219065+00
12	auth	0007_alter_validators_add_error_messages	2020-04-09 15:35:59.231841+00
13	auth	0008_alter_user_username_max_length	2020-04-09 15:35:59.256471+00
14	auth	0009_alter_user_last_name_max_length	2020-04-09 15:35:59.270002+00
15	auth	0010_alter_group_name_max_length	2020-04-09 15:35:59.283162+00
16	auth	0011_update_proxy_permissions	2020-04-09 15:35:59.295156+00
17	metadata	0001_initial	2020-04-09 15:35:59.777496+00
18	sessions	0001_initial	2020-04-09 15:36:00.18051+00
19	metadata	0002_auto_20200413_1620	2020-04-13 20:20:30.468352+00
20	metadata	0003_auto_20200427_2258	2020-04-28 02:58:26.925567+00
\.


--
-- Data for Name: django_session; Type: TABLE DATA; Schema: public; Owner: postgres
--

COPY public.django_session (session_key, session_data, expire_date) FROM stdin;
nuhfhttgbdvwhdwjopinynh2r479k8br	MTZkMTRlNGIwZjg0MzQ5NjMyNzEwZTZmYjc5YTk4NzU1ZTcwM2VmMDp7Il9hdXRoX3VzZXJfaWQiOiIxIiwiX2F1dGhfdXNlcl9iYWNrZW5kIjoiZGphbmdvLmNvbnRyaWIuYXV0aC5iYWNrZW5kcy5Nb2RlbEJhY2tlbmQiLCJfYXV0aF91c2VyX2hhc2giOiJmZDg0MzA5ZDlmYThjODdkNjJiNDI2YWFiNDVlODQ5YTQ4N2RmODJiIn0=	2020-04-23 15:37:17.69475+00
0a3qsmpy34wim8onqnktx0yagbw07pv4	MTZkMTRlNGIwZjg0MzQ5NjMyNzEwZTZmYjc5YTk4NzU1ZTcwM2VmMDp7Il9hdXRoX3VzZXJfaWQiOiIxIiwiX2F1dGhfdXNlcl9iYWNrZW5kIjoiZGphbmdvLmNvbnRyaWIuYXV0aC5iYWNrZW5kcy5Nb2RlbEJhY2tlbmQiLCJfYXV0aF91c2VyX2hhc2giOiJmZDg0MzA5ZDlmYThjODdkNjJiNDI2YWFiNDVlODQ5YTQ4N2RmODJiIn0=	2020-04-27 22:35:02.608382+00
g8krrgnrcqsh936l5tv01xyltvbw8lrs	MTZkMTRlNGIwZjg0MzQ5NjMyNzEwZTZmYjc5YTk4NzU1ZTcwM2VmMDp7Il9hdXRoX3VzZXJfaWQiOiIxIiwiX2F1dGhfdXNlcl9iYWNrZW5kIjoiZGphbmdvLmNvbnRyaWIuYXV0aC5iYWNrZW5kcy5Nb2RlbEJhY2tlbmQiLCJfYXV0aF91c2VyX2hhc2giOiJmZDg0MzA5ZDlmYThjODdkNjJiNDI2YWFiNDVlODQ5YTQ4N2RmODJiIn0=	2020-05-12 02:58:43.637083+00
50pnd0fnl5hszwk8jshhk5vbdmlkv0b0	MTZkMTRlNGIwZjg0MzQ5NjMyNzEwZTZmYjc5YTk4NzU1ZTcwM2VmMDp7Il9hdXRoX3VzZXJfaWQiOiIxIiwiX2F1dGhfdXNlcl9iYWNrZW5kIjoiZGphbmdvLmNvbnRyaWIuYXV0aC5iYWNrZW5kcy5Nb2RlbEJhY2tlbmQiLCJfYXV0aF91c2VyX2hhc2giOiJmZDg0MzA5ZDlmYThjODdkNjJiNDI2YWFiNDVlODQ5YTQ4N2RmODJiIn0=	2020-05-13 06:56:15.841053+00
\.


--
-- Data for Name: metadata_biosample; Type: TABLE DATA; Schema: public; Owner: postgres
--

COPY public.metadata_biosample (id, created_at, edited_at, description, contact_person, contact_info, delivery_date, name, sample_id, sample_ontology_uri, collection_date, collection_method, json_fields, created_by_id, edited_by_id, json_type_id, lab_name_id, biosource_id) FROM stdin;
3	2020-04-13 22:09:17.469676+00	2020-04-13 22:09:17.46972+00	gqwqwd	dferf	n@gmail.com	2020-04-07	testsample	78	\N	2020-04-08	\N	"{\\"karyotype\\": \\"\\", \\"doubling_time\\": \\"\\", \\"passage_number\\": \\"\\", \\"doubling_number\\": \\"\\", \\"culture_duration\\": \\"22\\", \\"culture_start_date\\": \\"2020-04-06\\", \\"culture_harvest_date\\": \\"2020-04-09\\", \\"differentiation_state\\": \\"\\", \\"synchronization_stage\\": \\"\\", \\"in_vitro_differentiated\\": \\"Yes\\"}"	1	1	5	7	9
4	2020-04-13 22:46:40.219665+00	2020-04-13 22:46:40.219746+00	dc	\N	\N	2020-04-07	sample12	asxsa	\N	2020-04-15	cdsc	"{\\"null\\": null}"	1	1	6	8	10
5	2020-04-29 05:59:11.28387+00	2020-04-29 05:59:11.283924+00		\N	\N	\N	xasx	sss	\N	2020-04-02	\N	"{\\"null\\": null}"	1	1	6	\N	10
\.


--
-- Data for Name: metadata_biosource; Type: TABLE DATA; Schema: public; Owner: postgres
--

COPY public.metadata_biosource (id, created_at, edited_at, description, name, disease, disease_ontology_uri, json_fields, created_by_id, edited_by_id, json_type_id, source_organism_id) FROM stdin;
9	2020-04-13 22:08:25.005973+00	2020-04-13 22:08:25.006021+00	jnedjndkjnew	test-source	cancer	jwedhje	"{\\"sex\\": \\"Female\\", \\"medium\\": \\"\\", \\"lineage\\": \\"dewd\\", \\"cell_line_name\\": \\"hela\\", \\"differentiation_stage\\": \\"\\"}"	1	1	3	1
10	2020-04-13 22:43:28.684546+00	2020-04-13 22:43:28.684618+00		bio1	dcdc	dc	"{\\"sex\\": \\"Unknown\\", \\"medium\\": \\"wedd\\", \\"lineage\\": \\"dewd\\", \\"cell_line_name\\": \\"hela\\", \\"differentiation_stage\\": \\"\\"}"	1	1	3	1
\.


--
-- Data for Name: metadata_choice; Type: TABLE DATA; Schema: public; Owner: postgres
--

COPY public.metadata_choice (id, name, class_type) FROM stdin;
1	Human	source_organism
2	Mouse	source_organism
3	Fly	source_organism
4	Crispr	modification_type
5	Stable Transfection	modification_type
6	Other	modification_type
7	job_dekker_lab	lab_name
8	mathieu_lupien_lab	lab_name
9	deletion	genomic_change
10	insertion	genomic_change
11	inversion	genomic_change
12	duplication	genomic_change
13	replacement	genomic_change
14	disruption	genomic_change
15	point mutation	genomic_change
16	complex change	genomic_change
17	unknown	genomic_change
\.


--
-- Data for Name: metadata_experiment; Type: TABLE DATA; Schema: public; Owner: postgres
--

COPY public.metadata_experiment (id, created_at, edited_at, description, name, bio_rep_no, tec_rep_no, json_fields, biosample_id, created_by_id, edited_by_id, json_type_id, project_id, protocol_id, modification_id, treatment_id) FROM stdin;
3	2020-04-13 22:09:41.075338+00	2020-04-13 22:09:41.075388+00	wqsqw	exp	1	1	"{\\"digestion_time\\": \\"78\\", \\"tagging_method\\": \\"test\\", \\"experiment_type\\": \\"in situ Hi-C\\", \\"average_fragment_size\\": \\"22\\", \\"library_preparation_date\\": \\"2020-04-01\\"}"	3	1	1	2	1	\N	\N	\N
4	2020-04-13 22:49:25.972971+00	2020-04-13 22:49:25.973025+00	djsd	exp1	1	1	"{\\"digestion_time\\": \\"78\\", \\"tagging_method\\": \\"kcdlds\\", \\"experiment_type\\": \\"in situ Hi-C\\", \\"average_fragment_size\\": \\"\\", \\"library_preparation_date\\": \\"2020-04-06\\"}"	4	1	1	1	1	\N	\N	\N
5	2020-04-29 05:28:02.592415+00	2020-04-29 05:28:02.592465+00	mllklk	testhhhhhh	1	1	"{\\"digestion_time\\": \\"\\", \\"tagging_method\\": \\"\\", \\"experiment_type\\": \\"in situ Hi-C\\", \\"average_fragment_size\\": \\"\\", \\"library_preparation_date\\": \\"2020-04-15\\"}"	4	1	1	2	1	\N	\N	\N
6	2020-04-29 05:59:28.119919+00	2020-04-29 05:59:28.119971+00		sxsdcsdcsdc	1	1	"{\\"digestion_time\\": \\"\\", \\"tagging_method\\": \\"\\", \\"experiment_type\\": \\"in situ Hi-C\\", \\"average_fragment_size\\": \\"\\", \\"library_preparation_date\\": \\"2020-04-02\\"}"	5	1	1	1	1	\N	\N	\N
7	2020-05-01 04:25:38.941671+00	2020-05-01 04:25:38.941724+00	.,.	2w32	1	1	"{\\"digestion_time\\": null, \\"tagging_method\\": null, \\"experiment_type\\": null, \\"average_fragment_size\\": null, \\"library_preparation_date\\": null}"	4	1	1	1	1	\N	\N	\N
\.


--
-- Data for Name: metadata_jsonobj; Type: TABLE DATA; Schema: public; Owner: postgres
--

COPY public.metadata_jsonobj (id, name, json_type, json_fields) FROM stdin;
1	ATAC Seq	experiment_type	{"digestion_time": {"old": "", "data": "FloatField", "help": "Time of digestion step in minutes", "order": 1, "required": "no"}, "tagging_method": {"old": "", "data": "CharField", "help": "Information on the biotinylated base used or other tagging info", "order": 2, "required": "no"}, "experiment_type": {"old": "", "data": "ChoiceField", "help": "A controlled term specifying the type of experiment.", "order": 5, "choices": {"1": "in situ Hi-C", "2": "dilution Hi-C", "3": "micro-C", "4": "DNase Hi-C"}, "required": "yes"}, "average_fragment_size": {"old": "", "data": "IntegerField", "help": "Size of average fragment in base pairs after fragmentation step", "order": 4, "required": "no"}, "library_preparation_date": {"old": "", "data": "DateField", "help": "The date that the library was prepared - submitted", "order": 3, "required": "yes"}}
2	Hi-C	experiment_type	{"digestion_time": {"old": "", "data": "FloatField", "help": "Time of digestion step in minutes", "order": 1, "required": "no"}, "tagging_method": {"old": "", "data": "CharField", "help": "Information on the biotinylated base used or other tagging info", "order": 2, "required": "no"}, "experiment_type": {"old": "", "data": "ChoiceField", "help": "A controlled term specifying the type of experiment.", "order": 4, "choices": {"1": "in situ Hi-C", "2": "dilution Hi-C", "3": "micro-C", "4": "DNase Hi-C"}, "required": "yes"}, "average_fragment_size": {"old": "", "data": "IntegerField", "help": "Size of average fragment in base pairs after fragmentation step", "order": 5, "required": "no"}, "library_preparation_date": {"old": "", "data": "DateField", "help": "The date that the library was prepared - submitted", "order": 3, "required": "yes"}}
3	primary cell line	biomaterial_type	{"sex": {"old": "", "data": "ChoiceField", "help": "Sex", "order": 5, "choices": {"1": "Unknown", "2": "Male", "3": "Female"}, "required": "yes"}, "medium": {"old": "", "data": "CharField", "help": "Medium", "order": 4, "required": "no"}, "lineage": {"old": "", "data": "CharField", "help": "Lineage of the cell line", "order": 2, "required": "no"}, "cell_line_name": {"old": "", "data": "CharField", "help": "Name of the cell line", "order": 1, "required": "yes"}, "differentiation_stage": {"old": "", "data": "CharField", "help": "For cells that have undergone differentiation (or serve as undifferentiated controls) a description of the differention state and markers used to determine the state", "order": 3, "required": "no"}}
4	primary cell	biomaterial_type	{"donor_id": {"old": "", "data": "CharField", "help": "Donor id", "order": 2, "required": "yes"}, "cell_type": {"old": "", "data": "CharField", "help": "Cell type", "order": 1, "required": "no"}, "donor_age": {"old": "", "data": "IntegerField", "help": "Donor age", "order": 3, "required": "no"}, "donor_sex": {"old": "", "data": "ChoiceField", "help": "Donor sex", "order": 6, "choices": {"1": "male", "2": "female", "3": "unknown", "4": "mixed"}, "required": "no"}, "donor_age_unit": {"old": "", "data": "ChoiceField", "help": "Donor age unit", "order": 4, "choices": {"1": "day", "2": "week", "3": "month", "4": "year"}, "required": "no"}, "donor_ethnicity": {"old": "", "data": "CharField", "help": "Donor ethnicity", "order": 7, "required": "no"}, "donor_health_status": {"old": "", "data": "CharField", "help": "Donor health status", "order": 5, "required": "no"}}
5	cell culture details - Available	cell_culture_details	{"karyotype": {"old": "", "data": "CharField", "help": "Chromosome count and any noted rearrangements or copy number variation", "order": 9, "required": "no"}, "doubling_time": {"old": "", "data": "CharField", "help": "The average time from thaw (culture start date) until harvest it takes for the population to double", "order": 6, "required": "no"}, "passage_number": {"old": "", "data": "IntegerField", "help": "Number of passages since receiving original vial, including pyramid stocking and expansion since thawing the working stock, through to harvest date", "order": 4, "required": "no"}, "doubling_number": {"old": "", "data": "CharField", "help": "The number of times the population has doubled since the time of thaw (culture start date) until harvest", "order": 5, "required": "no"}, "culture_duration": {"old": "", "data": "IntegerField", "help": "Total number of culturing days since receiving original vial, including pyramid stocking and expansion since thawing the working stock, through to harvest date", "order": 3, "required": "no"}, "culture_start_date": {"old": "", "data": "DateField", "help": "culture start date", "order": 1, "required": "yes"}, "culture_harvest_date": {"old": "", "data": "DateField", "help": "culture harvest date", "order": 2, "required": "no"}, "differentiation_state": {"old": "", "data": "CharField", "help": "For cells that have undergone differentiation (or serve as undifferentiated controls) a description of the differention state and markers used to determine the state", "order": 8, "required": "no"}, "synchronization_stage": {"old": "", "data": "CharField", "help": "If a culture is synchronized the cell cycle stage from which the biosample used in an experiment is prepared", "order": 10, "required": "no"}, "in_vitro_differentiated": {"old": "", "data": "ChoiceField", "help": "Relevant for pluripotent and stem cell lines - set to Yes if cells have undergone in vitro differentiation", "order": 7, "choices": {"1": "Yes", "2": "No"}, "required": "no"}}
6	cell culture details - Not Available	cell_culture_details	{"null": ""}
7	TreatmentAgent	treatment_type	{"chemical": {"old": "", "data": "CharField", "help": "chemical", "order": 2, "required": "no"}, "duration": {"old": "", "data": "FloatField", "help": "duration", "order": 6, "required": "no"}, "temperature": {"old": "", "data": "FloatField", "help": "temperature in degree celsius", "order": 8, "required": "no"}, "concentration": {"old": "", "data": "FloatField", "help": "concentration", "order": 4, "required": "no"}, "duration_units": {"old": "", "data": "ChoiceField", "help": "The method used to make the treatment", "order": 7, "choices": {"1": "second", "2": "minute", "3": "hour", "4": "day"}, "required": "no"}, "treatment_type": {"old": "", "data": "ChoiceField", "help": "The method used to make the treatment", "order": 1, "choices": {"1": "Biological", "2": "Transient Transfection", "3": "Chemical", "4": "Heat Shock", "5": "Cold Shock", "6": "Other"}, "required": "yes"}, "biological_agent": {"old": "", "data": "CharField", "help": "Biological agent the sample is being treated with", "order": 3, "required": "no"}, "concentration_units": {"old": "", "data": "ChoiceField", "help": "The method used to make the treatment", "order": 5, "choices": {"1": "pM", "2": "nM", "3": "μM", "4": "μg/mL", "5": "mM", "6": "mg/mL", "7": "ng/mL", "8": "M", "9": "percent", "10": "units", "11": "U/mL", "12": "MOI"}, "required": "no"}}
8	TreatmentRnai	treatment_type	{"rnai_type": {"old": "", "data": "ChoiceField", "help": "rnai_type", "order": 1, "choices": {"1": "shRNA", "2": "siRNA"}, "required": "yes"}, "treatment_type": {"old": "", "data": "CharField", "help": "The method used to make the treatment", "order": 3, "required": "no"}, "target_sequence": {"old": "", "data": "CharField", "help": "The nucleotide sequence of the target region", "order": 2, "required": "no"}}
\.


--
-- Data for Name: metadata_modification; Type: TABLE DATA; Schema: public; Owner: postgres
--

COPY public.metadata_modification (id, created_at, edited_at, description, name, guide_rnas, created_by_id, edited_by_id, genomic_change_id, modification_type_id) FROM stdin;
1	2020-04-29 22:07:51.685251+00	2020-04-29 22:07:51.685303+00	swqsqw	qsqwsqw	\N	1	1	\N	4
2	2020-04-29 22:47:24.158242+00	2020-04-29 22:47:24.158298+00	swqsqw	qsqwsqwcd	\N	1	1	\N	4
3	2020-04-29 22:48:49.501053+00	2020-04-29 22:48:49.501099+00	swqsqw	qsqwsqwcddsc	\N	1	1	\N	4
4	2020-04-29 22:51:21.044277+00	2020-04-29 22:51:21.044326+00	swqsqw	edwedew	\N	1	1	\N	4
5	2020-04-29 22:51:55.682309+00	2020-04-29 22:51:55.682357+00	swqsqw	edwedewdcdc	\N	1	1	\N	4
6	2020-04-29 23:04:45.343955+00	2020-04-29 23:04:45.344002+00	swqsqw	qwsw	\N	1	1	\N	4
7	2020-04-29 23:20:06.686246+00	2020-04-29 23:20:06.686305+00	swqsqw	qwswdededed	\N	1	1	\N	4
8	2020-04-30 19:13:06.553231+00	2020-04-30 19:13:06.553317+00	dwed	dewdd	\N	1	1	\N	\N
9	2020-05-01 04:19:03.253496+00	2020-05-01 04:19:03.253539+00	DEWD	testD33	EWEDDE	1	1	9	4
10	2020-05-01 04:31:58.848815+00	2020-05-01 04:31:58.848871+00	dwed	wded	ded	1	1	9	4
\.


--
-- Data for Name: metadata_project; Type: TABLE DATA; Schema: public; Owner: postgres
--

COPY public.metadata_project (id, created_at, edited_at, description, name, status, created_by_id, edited_by_id) FROM stdin;
2	2020-04-11 02:54:36.048419+00	2020-04-11 02:54:36.048469+00	vjjhjhv	test2	Archived	1	1
1	2020-04-11 02:54:11.49544+00	2020-04-13 22:36:18.656915+00	test	test1667	Active	1	1
\.


--
-- Data for Name: metadata_project_contributor; Type: TABLE DATA; Schema: public; Owner: postgres
--

COPY public.metadata_project_contributor (id, project_id, user_id) FROM stdin;
\.


--
-- Data for Name: metadata_protocol; Type: TABLE DATA; Schema: public; Owner: postgres
--

COPY public.metadata_protocol (id, created_at, edited_at, description, name, attachment, class_type_id, created_by_id, edited_by_id) FROM stdin;
\.


--
-- Data for Name: metadata_treatment; Type: TABLE DATA; Schema: public; Owner: postgres
--

COPY public.metadata_treatment (id, created_at, edited_at, description, name, json_fields, created_by_id, edited_by_id, json_type_id) FROM stdin;
1	2020-05-01 04:19:20.285086+00	2020-05-01 04:19:20.28514+00	CECE	test	\N	1	1	7
2	2020-05-01 04:21:00.611086+00	2020-05-01 04:21:00.611162+00	CCREC	CDCDCF	\N	1	1	7
3	2020-05-01 04:21:55.85729+00	2020-05-01 04:21:55.857336+00	ececd	eceec	\N	1	1	7
4	2020-05-01 04:32:53.797439+00	2020-05-01 04:32:53.797494+00	dw	wded	\N	1	1	7
\.


--
-- Name: auth_group_id_seq; Type: SEQUENCE SET; Schema: public; Owner: postgres
--

SELECT pg_catalog.setval('public.auth_group_id_seq', 1, false);


--
-- Name: auth_group_permissions_id_seq; Type: SEQUENCE SET; Schema: public; Owner: postgres
--

SELECT pg_catalog.setval('public.auth_group_permissions_id_seq', 1, false);


--
-- Name: auth_permission_id_seq; Type: SEQUENCE SET; Schema: public; Owner: postgres
--

SELECT pg_catalog.setval('public.auth_permission_id_seq', 60, true);


--
-- Name: auth_user_groups_id_seq; Type: SEQUENCE SET; Schema: public; Owner: postgres
--

SELECT pg_catalog.setval('public.auth_user_groups_id_seq', 1, false);


--
-- Name: auth_user_id_seq; Type: SEQUENCE SET; Schema: public; Owner: postgres
--

SELECT pg_catalog.setval('public.auth_user_id_seq', 1, true);


--
-- Name: auth_user_user_permissions_id_seq; Type: SEQUENCE SET; Schema: public; Owner: postgres
--

SELECT pg_catalog.setval('public.auth_user_user_permissions_id_seq', 1, false);


--
-- Name: django_admin_log_id_seq; Type: SEQUENCE SET; Schema: public; Owner: postgres
--

SELECT pg_catalog.setval('public.django_admin_log_id_seq', 33, true);


--
-- Name: django_content_type_id_seq; Type: SEQUENCE SET; Schema: public; Owner: postgres
--

SELECT pg_catalog.setval('public.django_content_type_id_seq', 15, true);


--
-- Name: django_migrations_id_seq; Type: SEQUENCE SET; Schema: public; Owner: postgres
--

SELECT pg_catalog.setval('public.django_migrations_id_seq', 20, true);


--
-- Name: metadata_biosample_id_seq; Type: SEQUENCE SET; Schema: public; Owner: postgres
--

SELECT pg_catalog.setval('public.metadata_biosample_id_seq', 5, true);


--
-- Name: metadata_biosource_id_seq; Type: SEQUENCE SET; Schema: public; Owner: postgres
--

SELECT pg_catalog.setval('public.metadata_biosource_id_seq', 10, true);


--
-- Name: metadata_choice_id_seq; Type: SEQUENCE SET; Schema: public; Owner: postgres
--

SELECT pg_catalog.setval('public.metadata_choice_id_seq', 17, true);


--
-- Name: metadata_experiment_id_seq; Type: SEQUENCE SET; Schema: public; Owner: postgres
--

SELECT pg_catalog.setval('public.metadata_experiment_id_seq', 7, true);


--
-- Name: metadata_jsonobj_id_seq; Type: SEQUENCE SET; Schema: public; Owner: postgres
--

SELECT pg_catalog.setval('public.metadata_jsonobj_id_seq', 8, true);


--
-- Name: metadata_modification_id_seq; Type: SEQUENCE SET; Schema: public; Owner: postgres
--

SELECT pg_catalog.setval('public.metadata_modification_id_seq', 10, true);


--
-- Name: metadata_project_contributor_id_seq; Type: SEQUENCE SET; Schema: public; Owner: postgres
--

SELECT pg_catalog.setval('public.metadata_project_contributor_id_seq', 1, false);


--
-- Name: metadata_project_id_seq; Type: SEQUENCE SET; Schema: public; Owner: postgres
--

SELECT pg_catalog.setval('public.metadata_project_id_seq', 2, true);


--
-- Name: metadata_protocol_id_seq; Type: SEQUENCE SET; Schema: public; Owner: postgres
--

SELECT pg_catalog.setval('public.metadata_protocol_id_seq', 1, false);


--
-- Name: metadata_treatment_id_seq; Type: SEQUENCE SET; Schema: public; Owner: postgres
--

SELECT pg_catalog.setval('public.metadata_treatment_id_seq', 4, true);


--
-- Name: auth_group auth_group_name_key; Type: CONSTRAINT; Schema: public; Owner: postgres
--

ALTER TABLE ONLY public.auth_group
    ADD CONSTRAINT auth_group_name_key UNIQUE (name);


--
-- Name: auth_group_permissions auth_group_permissions_group_id_permission_id_0cd325b0_uniq; Type: CONSTRAINT; Schema: public; Owner: postgres
--

ALTER TABLE ONLY public.auth_group_permissions
    ADD CONSTRAINT auth_group_permissions_group_id_permission_id_0cd325b0_uniq UNIQUE (group_id, permission_id);


--
-- Name: auth_group_permissions auth_group_permissions_pkey; Type: CONSTRAINT; Schema: public; Owner: postgres
--

ALTER TABLE ONLY public.auth_group_permissions
    ADD CONSTRAINT auth_group_permissions_pkey PRIMARY KEY (id);


--
-- Name: auth_group auth_group_pkey; Type: CONSTRAINT; Schema: public; Owner: postgres
--

ALTER TABLE ONLY public.auth_group
    ADD CONSTRAINT auth_group_pkey PRIMARY KEY (id);


--
-- Name: auth_permission auth_permission_content_type_id_codename_01ab375a_uniq; Type: CONSTRAINT; Schema: public; Owner: postgres
--

ALTER TABLE ONLY public.auth_permission
    ADD CONSTRAINT auth_permission_content_type_id_codename_01ab375a_uniq UNIQUE (content_type_id, codename);


--
-- Name: auth_permission auth_permission_pkey; Type: CONSTRAINT; Schema: public; Owner: postgres
--

ALTER TABLE ONLY public.auth_permission
    ADD CONSTRAINT auth_permission_pkey PRIMARY KEY (id);


--
-- Name: auth_user_groups auth_user_groups_pkey; Type: CONSTRAINT; Schema: public; Owner: postgres
--

ALTER TABLE ONLY public.auth_user_groups
    ADD CONSTRAINT auth_user_groups_pkey PRIMARY KEY (id);


--
-- Name: auth_user_groups auth_user_groups_user_id_group_id_94350c0c_uniq; Type: CONSTRAINT; Schema: public; Owner: postgres
--

ALTER TABLE ONLY public.auth_user_groups
    ADD CONSTRAINT auth_user_groups_user_id_group_id_94350c0c_uniq UNIQUE (user_id, group_id);


--
-- Name: auth_user auth_user_pkey; Type: CONSTRAINT; Schema: public; Owner: postgres
--

ALTER TABLE ONLY public.auth_user
    ADD CONSTRAINT auth_user_pkey PRIMARY KEY (id);


--
-- Name: auth_user_user_permissions auth_user_user_permissions_pkey; Type: CONSTRAINT; Schema: public; Owner: postgres
--

ALTER TABLE ONLY public.auth_user_user_permissions
    ADD CONSTRAINT auth_user_user_permissions_pkey PRIMARY KEY (id);


--
-- Name: auth_user_user_permissions auth_user_user_permissions_user_id_permission_id_14a6b632_uniq; Type: CONSTRAINT; Schema: public; Owner: postgres
--

ALTER TABLE ONLY public.auth_user_user_permissions
    ADD CONSTRAINT auth_user_user_permissions_user_id_permission_id_14a6b632_uniq UNIQUE (user_id, permission_id);


--
-- Name: auth_user auth_user_username_key; Type: CONSTRAINT; Schema: public; Owner: postgres
--

ALTER TABLE ONLY public.auth_user
    ADD CONSTRAINT auth_user_username_key UNIQUE (username);


--
-- Name: django_admin_log django_admin_log_pkey; Type: CONSTRAINT; Schema: public; Owner: postgres
--

ALTER TABLE ONLY public.django_admin_log
    ADD CONSTRAINT django_admin_log_pkey PRIMARY KEY (id);


--
-- Name: django_content_type django_content_type_app_label_model_76bd3d3b_uniq; Type: CONSTRAINT; Schema: public; Owner: postgres
--

ALTER TABLE ONLY public.django_content_type
    ADD CONSTRAINT django_content_type_app_label_model_76bd3d3b_uniq UNIQUE (app_label, model);


--
-- Name: django_content_type django_content_type_pkey; Type: CONSTRAINT; Schema: public; Owner: postgres
--

ALTER TABLE ONLY public.django_content_type
    ADD CONSTRAINT django_content_type_pkey PRIMARY KEY (id);


--
-- Name: django_migrations django_migrations_pkey; Type: CONSTRAINT; Schema: public; Owner: postgres
--

ALTER TABLE ONLY public.django_migrations
    ADD CONSTRAINT django_migrations_pkey PRIMARY KEY (id);


--
-- Name: django_session django_session_pkey; Type: CONSTRAINT; Schema: public; Owner: postgres
--

ALTER TABLE ONLY public.django_session
    ADD CONSTRAINT django_session_pkey PRIMARY KEY (session_key);


--
-- Name: metadata_biosample metadata_biosample_name_key; Type: CONSTRAINT; Schema: public; Owner: postgres
--

ALTER TABLE ONLY public.metadata_biosample
    ADD CONSTRAINT metadata_biosample_name_key UNIQUE (name);


--
-- Name: metadata_biosample metadata_biosample_pkey; Type: CONSTRAINT; Schema: public; Owner: postgres
--

ALTER TABLE ONLY public.metadata_biosample
    ADD CONSTRAINT metadata_biosample_pkey PRIMARY KEY (id);


--
-- Name: metadata_biosource metadata_biosource_name_key; Type: CONSTRAINT; Schema: public; Owner: postgres
--

ALTER TABLE ONLY public.metadata_biosource
    ADD CONSTRAINT metadata_biosource_name_key UNIQUE (name);


--
-- Name: metadata_biosource metadata_biosource_pkey; Type: CONSTRAINT; Schema: public; Owner: postgres
--

ALTER TABLE ONLY public.metadata_biosource
    ADD CONSTRAINT metadata_biosource_pkey PRIMARY KEY (id);


--
-- Name: metadata_choice metadata_choice_pkey; Type: CONSTRAINT; Schema: public; Owner: postgres
--

ALTER TABLE ONLY public.metadata_choice
    ADD CONSTRAINT metadata_choice_pkey PRIMARY KEY (id);


--
-- Name: metadata_experiment metadata_experiment_name_key; Type: CONSTRAINT; Schema: public; Owner: postgres
--

ALTER TABLE ONLY public.metadata_experiment
    ADD CONSTRAINT metadata_experiment_name_key UNIQUE (name);


--
-- Name: metadata_experiment metadata_experiment_pkey; Type: CONSTRAINT; Schema: public; Owner: postgres
--

ALTER TABLE ONLY public.metadata_experiment
    ADD CONSTRAINT metadata_experiment_pkey PRIMARY KEY (id);


--
-- Name: metadata_jsonobj metadata_jsonobj_name_key; Type: CONSTRAINT; Schema: public; Owner: postgres
--

ALTER TABLE ONLY public.metadata_jsonobj
    ADD CONSTRAINT metadata_jsonobj_name_key UNIQUE (name);


--
-- Name: metadata_jsonobj metadata_jsonobj_pkey; Type: CONSTRAINT; Schema: public; Owner: postgres
--

ALTER TABLE ONLY public.metadata_jsonobj
    ADD CONSTRAINT metadata_jsonobj_pkey PRIMARY KEY (id);


--
-- Name: metadata_modification metadata_modification_name_key; Type: CONSTRAINT; Schema: public; Owner: postgres
--

ALTER TABLE ONLY public.metadata_modification
    ADD CONSTRAINT metadata_modification_name_key UNIQUE (name);


--
-- Name: metadata_modification metadata_modification_pkey; Type: CONSTRAINT; Schema: public; Owner: postgres
--

ALTER TABLE ONLY public.metadata_modification
    ADD CONSTRAINT metadata_modification_pkey PRIMARY KEY (id);


--
-- Name: metadata_project_contributor metadata_project_contributor_pkey; Type: CONSTRAINT; Schema: public; Owner: postgres
--

ALTER TABLE ONLY public.metadata_project_contributor
    ADD CONSTRAINT metadata_project_contributor_pkey PRIMARY KEY (id);


--
-- Name: metadata_project_contributor metadata_project_contributor_project_id_user_id_044c070f_uniq; Type: CONSTRAINT; Schema: public; Owner: postgres
--

ALTER TABLE ONLY public.metadata_project_contributor
    ADD CONSTRAINT metadata_project_contributor_project_id_user_id_044c070f_uniq UNIQUE (project_id, user_id);


--
-- Name: metadata_project metadata_project_name_key; Type: CONSTRAINT; Schema: public; Owner: postgres
--

ALTER TABLE ONLY public.metadata_project
    ADD CONSTRAINT metadata_project_name_key UNIQUE (name);


--
-- Name: metadata_project metadata_project_pkey; Type: CONSTRAINT; Schema: public; Owner: postgres
--

ALTER TABLE ONLY public.metadata_project
    ADD CONSTRAINT metadata_project_pkey PRIMARY KEY (id);


--
-- Name: metadata_protocol metadata_protocol_name_key; Type: CONSTRAINT; Schema: public; Owner: postgres
--

ALTER TABLE ONLY public.metadata_protocol
    ADD CONSTRAINT metadata_protocol_name_key UNIQUE (name);


--
-- Name: metadata_protocol metadata_protocol_pkey; Type: CONSTRAINT; Schema: public; Owner: postgres
--

ALTER TABLE ONLY public.metadata_protocol
    ADD CONSTRAINT metadata_protocol_pkey PRIMARY KEY (id);


--
-- Name: metadata_treatment metadata_treatment_name_key; Type: CONSTRAINT; Schema: public; Owner: postgres
--

ALTER TABLE ONLY public.metadata_treatment
    ADD CONSTRAINT metadata_treatment_name_key UNIQUE (name);


--
-- Name: metadata_treatment metadata_treatment_pkey; Type: CONSTRAINT; Schema: public; Owner: postgres
--

ALTER TABLE ONLY public.metadata_treatment
    ADD CONSTRAINT metadata_treatment_pkey PRIMARY KEY (id);


--
-- Name: auth_group_name_a6ea08ec_like; Type: INDEX; Schema: public; Owner: postgres
--

CREATE INDEX auth_group_name_a6ea08ec_like ON public.auth_group USING btree (name varchar_pattern_ops);


--
-- Name: auth_group_permissions_group_id_b120cbf9; Type: INDEX; Schema: public; Owner: postgres
--

CREATE INDEX auth_group_permissions_group_id_b120cbf9 ON public.auth_group_permissions USING btree (group_id);


--
-- Name: auth_group_permissions_permission_id_84c5c92e; Type: INDEX; Schema: public; Owner: postgres
--

CREATE INDEX auth_group_permissions_permission_id_84c5c92e ON public.auth_group_permissions USING btree (permission_id);


--
-- Name: auth_permission_content_type_id_2f476e4b; Type: INDEX; Schema: public; Owner: postgres
--

CREATE INDEX auth_permission_content_type_id_2f476e4b ON public.auth_permission USING btree (content_type_id);


--
-- Name: auth_user_groups_group_id_97559544; Type: INDEX; Schema: public; Owner: postgres
--

CREATE INDEX auth_user_groups_group_id_97559544 ON public.auth_user_groups USING btree (group_id);


--
-- Name: auth_user_groups_user_id_6a12ed8b; Type: INDEX; Schema: public; Owner: postgres
--

CREATE INDEX auth_user_groups_user_id_6a12ed8b ON public.auth_user_groups USING btree (user_id);


--
-- Name: auth_user_user_permissions_permission_id_1fbb5f2c; Type: INDEX; Schema: public; Owner: postgres
--

CREATE INDEX auth_user_user_permissions_permission_id_1fbb5f2c ON public.auth_user_user_permissions USING btree (permission_id);


--
-- Name: auth_user_user_permissions_user_id_a95ead1b; Type: INDEX; Schema: public; Owner: postgres
--

CREATE INDEX auth_user_user_permissions_user_id_a95ead1b ON public.auth_user_user_permissions USING btree (user_id);


--
-- Name: auth_user_username_6821ab7c_like; Type: INDEX; Schema: public; Owner: postgres
--

CREATE INDEX auth_user_username_6821ab7c_like ON public.auth_user USING btree (username varchar_pattern_ops);


--
-- Name: django_admin_log_content_type_id_c4bce8eb; Type: INDEX; Schema: public; Owner: postgres
--

CREATE INDEX django_admin_log_content_type_id_c4bce8eb ON public.django_admin_log USING btree (content_type_id);


--
-- Name: django_admin_log_user_id_c564eba6; Type: INDEX; Schema: public; Owner: postgres
--

CREATE INDEX django_admin_log_user_id_c564eba6 ON public.django_admin_log USING btree (user_id);


--
-- Name: django_session_expire_date_a5c62663; Type: INDEX; Schema: public; Owner: postgres
--

CREATE INDEX django_session_expire_date_a5c62663 ON public.django_session USING btree (expire_date);


--
-- Name: django_session_session_key_c0390e0f_like; Type: INDEX; Schema: public; Owner: postgres
--

CREATE INDEX django_session_session_key_c0390e0f_like ON public.django_session USING btree (session_key varchar_pattern_ops);


--
-- Name: metadata_biosample_biosource_id_69068db8; Type: INDEX; Schema: public; Owner: postgres
--

CREATE INDEX metadata_biosample_biosource_id_69068db8 ON public.metadata_biosample USING btree (biosource_id);


--
-- Name: metadata_biosample_created_by_id_03d7dfe0; Type: INDEX; Schema: public; Owner: postgres
--

CREATE INDEX metadata_biosample_created_by_id_03d7dfe0 ON public.metadata_biosample USING btree (created_by_id);


--
-- Name: metadata_biosample_edited_by_id_2ca35314; Type: INDEX; Schema: public; Owner: postgres
--

CREATE INDEX metadata_biosample_edited_by_id_2ca35314 ON public.metadata_biosample USING btree (edited_by_id);


--
-- Name: metadata_biosample_json_type_id_3f4eeae3; Type: INDEX; Schema: public; Owner: postgres
--

CREATE INDEX metadata_biosample_json_type_id_3f4eeae3 ON public.metadata_biosample USING btree (json_type_id);


--
-- Name: metadata_biosample_lab_name_id_19475791; Type: INDEX; Schema: public; Owner: postgres
--

CREATE INDEX metadata_biosample_lab_name_id_19475791 ON public.metadata_biosample USING btree (lab_name_id);


--
-- Name: metadata_biosample_name_5bf3688e_like; Type: INDEX; Schema: public; Owner: postgres
--

CREATE INDEX metadata_biosample_name_5bf3688e_like ON public.metadata_biosample USING btree (name varchar_pattern_ops);


--
-- Name: metadata_biosource_created_by_id_09732804; Type: INDEX; Schema: public; Owner: postgres
--

CREATE INDEX metadata_biosource_created_by_id_09732804 ON public.metadata_biosource USING btree (created_by_id);


--
-- Name: metadata_biosource_edited_by_id_9680f2a2; Type: INDEX; Schema: public; Owner: postgres
--

CREATE INDEX metadata_biosource_edited_by_id_9680f2a2 ON public.metadata_biosource USING btree (edited_by_id);


--
-- Name: metadata_biosource_json_type_id_0a2d4274; Type: INDEX; Schema: public; Owner: postgres
--

CREATE INDEX metadata_biosource_json_type_id_0a2d4274 ON public.metadata_biosource USING btree (json_type_id);


--
-- Name: metadata_biosource_name_62756cd1_like; Type: INDEX; Schema: public; Owner: postgres
--

CREATE INDEX metadata_biosource_name_62756cd1_like ON public.metadata_biosource USING btree (name varchar_pattern_ops);


--
-- Name: metadata_biosource_source_organism_id_9a023df9; Type: INDEX; Schema: public; Owner: postgres
--

CREATE INDEX metadata_biosource_source_organism_id_9a023df9 ON public.metadata_biosource USING btree (source_organism_id);


--
-- Name: metadata_experiment_biosample_id_84a423ef; Type: INDEX; Schema: public; Owner: postgres
--

CREATE INDEX metadata_experiment_biosample_id_84a423ef ON public.metadata_experiment USING btree (biosample_id);


--
-- Name: metadata_experiment_created_by_id_a6ba6b80; Type: INDEX; Schema: public; Owner: postgres
--

CREATE INDEX metadata_experiment_created_by_id_a6ba6b80 ON public.metadata_experiment USING btree (created_by_id);


--
-- Name: metadata_experiment_edited_by_id_c58aa25c; Type: INDEX; Schema: public; Owner: postgres
--

CREATE INDEX metadata_experiment_edited_by_id_c58aa25c ON public.metadata_experiment USING btree (edited_by_id);


--
-- Name: metadata_experiment_json_type_id_f39de1f9; Type: INDEX; Schema: public; Owner: postgres
--

CREATE INDEX metadata_experiment_json_type_id_f39de1f9 ON public.metadata_experiment USING btree (json_type_id);


--
-- Name: metadata_experiment_modification_id_8eb6403d; Type: INDEX; Schema: public; Owner: postgres
--

CREATE INDEX metadata_experiment_modification_id_8eb6403d ON public.metadata_experiment USING btree (modification_id);


--
-- Name: metadata_experiment_name_ce046b94_like; Type: INDEX; Schema: public; Owner: postgres
--

CREATE INDEX metadata_experiment_name_ce046b94_like ON public.metadata_experiment USING btree (name varchar_pattern_ops);


--
-- Name: metadata_experiment_project_id_7360639c; Type: INDEX; Schema: public; Owner: postgres
--

CREATE INDEX metadata_experiment_project_id_7360639c ON public.metadata_experiment USING btree (project_id);


--
-- Name: metadata_experiment_protocol_id_d61b3b16; Type: INDEX; Schema: public; Owner: postgres
--

CREATE INDEX metadata_experiment_protocol_id_d61b3b16 ON public.metadata_experiment USING btree (protocol_id);


--
-- Name: metadata_experiment_treatment_id_f58d5633; Type: INDEX; Schema: public; Owner: postgres
--

CREATE INDEX metadata_experiment_treatment_id_f58d5633 ON public.metadata_experiment USING btree (treatment_id);


--
-- Name: metadata_jsonobj_name_85f0e902_like; Type: INDEX; Schema: public; Owner: postgres
--

CREATE INDEX metadata_jsonobj_name_85f0e902_like ON public.metadata_jsonobj USING btree (name varchar_pattern_ops);


--
-- Name: metadata_modification_created_by_id_ff39b3ee; Type: INDEX; Schema: public; Owner: postgres
--

CREATE INDEX metadata_modification_created_by_id_ff39b3ee ON public.metadata_modification USING btree (created_by_id);


--
-- Name: metadata_modification_edited_by_id_859049a0; Type: INDEX; Schema: public; Owner: postgres
--

CREATE INDEX metadata_modification_edited_by_id_859049a0 ON public.metadata_modification USING btree (edited_by_id);


--
-- Name: metadata_modification_genomic_change_id_6f814a8c; Type: INDEX; Schema: public; Owner: postgres
--

CREATE INDEX metadata_modification_genomic_change_id_6f814a8c ON public.metadata_modification USING btree (genomic_change_id);


--
-- Name: metadata_modification_modification_type_id_1f10e336; Type: INDEX; Schema: public; Owner: postgres
--

CREATE INDEX metadata_modification_modification_type_id_1f10e336 ON public.metadata_modification USING btree (modification_type_id);


--
-- Name: metadata_modification_name_d9f82915_like; Type: INDEX; Schema: public; Owner: postgres
--

CREATE INDEX metadata_modification_name_d9f82915_like ON public.metadata_modification USING btree (name varchar_pattern_ops);


--
-- Name: metadata_project_contributor_project_id_978d536d; Type: INDEX; Schema: public; Owner: postgres
--

CREATE INDEX metadata_project_contributor_project_id_978d536d ON public.metadata_project_contributor USING btree (project_id);


--
-- Name: metadata_project_contributor_user_id_2a38acaa; Type: INDEX; Schema: public; Owner: postgres
--

CREATE INDEX metadata_project_contributor_user_id_2a38acaa ON public.metadata_project_contributor USING btree (user_id);


--
-- Name: metadata_project_created_by_id_7accf542; Type: INDEX; Schema: public; Owner: postgres
--

CREATE INDEX metadata_project_created_by_id_7accf542 ON public.metadata_project USING btree (created_by_id);


--
-- Name: metadata_project_edited_by_id_58fa3a97; Type: INDEX; Schema: public; Owner: postgres
--

CREATE INDEX metadata_project_edited_by_id_58fa3a97 ON public.metadata_project USING btree (edited_by_id);


--
-- Name: metadata_project_name_e59d6a13_like; Type: INDEX; Schema: public; Owner: postgres
--

CREATE INDEX metadata_project_name_e59d6a13_like ON public.metadata_project USING btree (name varchar_pattern_ops);


--
-- Name: metadata_protocol_class_type_id_0c7d8e4c; Type: INDEX; Schema: public; Owner: postgres
--

CREATE INDEX metadata_protocol_class_type_id_0c7d8e4c ON public.metadata_protocol USING btree (class_type_id);


--
-- Name: metadata_protocol_created_by_id_eefc31d5; Type: INDEX; Schema: public; Owner: postgres
--

CREATE INDEX metadata_protocol_created_by_id_eefc31d5 ON public.metadata_protocol USING btree (created_by_id);


--
-- Name: metadata_protocol_edited_by_id_a06499b2; Type: INDEX; Schema: public; Owner: postgres
--

CREATE INDEX metadata_protocol_edited_by_id_a06499b2 ON public.metadata_protocol USING btree (edited_by_id);


--
-- Name: metadata_protocol_name_c2836434_like; Type: INDEX; Schema: public; Owner: postgres
--

CREATE INDEX metadata_protocol_name_c2836434_like ON public.metadata_protocol USING btree (name varchar_pattern_ops);


--
-- Name: metadata_treatment_created_by_id_e69476d1; Type: INDEX; Schema: public; Owner: postgres
--

CREATE INDEX metadata_treatment_created_by_id_e69476d1 ON public.metadata_treatment USING btree (created_by_id);


--
-- Name: metadata_treatment_edited_by_id_9206a71d; Type: INDEX; Schema: public; Owner: postgres
--

CREATE INDEX metadata_treatment_edited_by_id_9206a71d ON public.metadata_treatment USING btree (edited_by_id);


--
-- Name: metadata_treatment_json_type_id_2dd10e35; Type: INDEX; Schema: public; Owner: postgres
--

CREATE INDEX metadata_treatment_json_type_id_2dd10e35 ON public.metadata_treatment USING btree (json_type_id);


--
-- Name: metadata_treatment_name_cf23bb48_like; Type: INDEX; Schema: public; Owner: postgres
--

CREATE INDEX metadata_treatment_name_cf23bb48_like ON public.metadata_treatment USING btree (name varchar_pattern_ops);


--
-- Name: auth_group_permissions auth_group_permissio_permission_id_84c5c92e_fk_auth_perm; Type: FK CONSTRAINT; Schema: public; Owner: postgres
--

ALTER TABLE ONLY public.auth_group_permissions
    ADD CONSTRAINT auth_group_permissio_permission_id_84c5c92e_fk_auth_perm FOREIGN KEY (permission_id) REFERENCES public.auth_permission(id) DEFERRABLE INITIALLY DEFERRED;


--
-- Name: auth_group_permissions auth_group_permissions_group_id_b120cbf9_fk_auth_group_id; Type: FK CONSTRAINT; Schema: public; Owner: postgres
--

ALTER TABLE ONLY public.auth_group_permissions
    ADD CONSTRAINT auth_group_permissions_group_id_b120cbf9_fk_auth_group_id FOREIGN KEY (group_id) REFERENCES public.auth_group(id) DEFERRABLE INITIALLY DEFERRED;


--
-- Name: auth_permission auth_permission_content_type_id_2f476e4b_fk_django_co; Type: FK CONSTRAINT; Schema: public; Owner: postgres
--

ALTER TABLE ONLY public.auth_permission
    ADD CONSTRAINT auth_permission_content_type_id_2f476e4b_fk_django_co FOREIGN KEY (content_type_id) REFERENCES public.django_content_type(id) DEFERRABLE INITIALLY DEFERRED;


--
-- Name: auth_user_groups auth_user_groups_group_id_97559544_fk_auth_group_id; Type: FK CONSTRAINT; Schema: public; Owner: postgres
--

ALTER TABLE ONLY public.auth_user_groups
    ADD CONSTRAINT auth_user_groups_group_id_97559544_fk_auth_group_id FOREIGN KEY (group_id) REFERENCES public.auth_group(id) DEFERRABLE INITIALLY DEFERRED;


--
-- Name: auth_user_groups auth_user_groups_user_id_6a12ed8b_fk_auth_user_id; Type: FK CONSTRAINT; Schema: public; Owner: postgres
--

ALTER TABLE ONLY public.auth_user_groups
    ADD CONSTRAINT auth_user_groups_user_id_6a12ed8b_fk_auth_user_id FOREIGN KEY (user_id) REFERENCES public.auth_user(id) DEFERRABLE INITIALLY DEFERRED;


--
-- Name: auth_user_user_permissions auth_user_user_permi_permission_id_1fbb5f2c_fk_auth_perm; Type: FK CONSTRAINT; Schema: public; Owner: postgres
--

ALTER TABLE ONLY public.auth_user_user_permissions
    ADD CONSTRAINT auth_user_user_permi_permission_id_1fbb5f2c_fk_auth_perm FOREIGN KEY (permission_id) REFERENCES public.auth_permission(id) DEFERRABLE INITIALLY DEFERRED;


--
-- Name: auth_user_user_permissions auth_user_user_permissions_user_id_a95ead1b_fk_auth_user_id; Type: FK CONSTRAINT; Schema: public; Owner: postgres
--

ALTER TABLE ONLY public.auth_user_user_permissions
    ADD CONSTRAINT auth_user_user_permissions_user_id_a95ead1b_fk_auth_user_id FOREIGN KEY (user_id) REFERENCES public.auth_user(id) DEFERRABLE INITIALLY DEFERRED;


--
-- Name: django_admin_log django_admin_log_content_type_id_c4bce8eb_fk_django_co; Type: FK CONSTRAINT; Schema: public; Owner: postgres
--

ALTER TABLE ONLY public.django_admin_log
    ADD CONSTRAINT django_admin_log_content_type_id_c4bce8eb_fk_django_co FOREIGN KEY (content_type_id) REFERENCES public.django_content_type(id) DEFERRABLE INITIALLY DEFERRED;


--
-- Name: django_admin_log django_admin_log_user_id_c564eba6_fk_auth_user_id; Type: FK CONSTRAINT; Schema: public; Owner: postgres
--

ALTER TABLE ONLY public.django_admin_log
    ADD CONSTRAINT django_admin_log_user_id_c564eba6_fk_auth_user_id FOREIGN KEY (user_id) REFERENCES public.auth_user(id) DEFERRABLE INITIALLY DEFERRED;


--
-- Name: metadata_biosample metadata_biosample_biosource_id_69068db8_fk_metadata_; Type: FK CONSTRAINT; Schema: public; Owner: postgres
--

ALTER TABLE ONLY public.metadata_biosample
    ADD CONSTRAINT metadata_biosample_biosource_id_69068db8_fk_metadata_ FOREIGN KEY (biosource_id) REFERENCES public.metadata_biosource(id) DEFERRABLE INITIALLY DEFERRED;


--
-- Name: metadata_biosample metadata_biosample_created_by_id_03d7dfe0_fk_auth_user_id; Type: FK CONSTRAINT; Schema: public; Owner: postgres
--

ALTER TABLE ONLY public.metadata_biosample
    ADD CONSTRAINT metadata_biosample_created_by_id_03d7dfe0_fk_auth_user_id FOREIGN KEY (created_by_id) REFERENCES public.auth_user(id) DEFERRABLE INITIALLY DEFERRED;


--
-- Name: metadata_biosample metadata_biosample_edited_by_id_2ca35314_fk_auth_user_id; Type: FK CONSTRAINT; Schema: public; Owner: postgres
--

ALTER TABLE ONLY public.metadata_biosample
    ADD CONSTRAINT metadata_biosample_edited_by_id_2ca35314_fk_auth_user_id FOREIGN KEY (edited_by_id) REFERENCES public.auth_user(id) DEFERRABLE INITIALLY DEFERRED;


--
-- Name: metadata_biosample metadata_biosample_json_type_id_3f4eeae3_fk_metadata_jsonobj_id; Type: FK CONSTRAINT; Schema: public; Owner: postgres
--

ALTER TABLE ONLY public.metadata_biosample
    ADD CONSTRAINT metadata_biosample_json_type_id_3f4eeae3_fk_metadata_jsonobj_id FOREIGN KEY (json_type_id) REFERENCES public.metadata_jsonobj(id) DEFERRABLE INITIALLY DEFERRED;


--
-- Name: metadata_biosample metadata_biosample_lab_name_id_19475791_fk_metadata_choice_id; Type: FK CONSTRAINT; Schema: public; Owner: postgres
--

ALTER TABLE ONLY public.metadata_biosample
    ADD CONSTRAINT metadata_biosample_lab_name_id_19475791_fk_metadata_choice_id FOREIGN KEY (lab_name_id) REFERENCES public.metadata_choice(id) DEFERRABLE INITIALLY DEFERRED;


--
-- Name: metadata_biosource metadata_biosource_created_by_id_09732804_fk_auth_user_id; Type: FK CONSTRAINT; Schema: public; Owner: postgres
--

ALTER TABLE ONLY public.metadata_biosource
    ADD CONSTRAINT metadata_biosource_created_by_id_09732804_fk_auth_user_id FOREIGN KEY (created_by_id) REFERENCES public.auth_user(id) DEFERRABLE INITIALLY DEFERRED;


--
-- Name: metadata_biosource metadata_biosource_edited_by_id_9680f2a2_fk_auth_user_id; Type: FK CONSTRAINT; Schema: public; Owner: postgres
--

ALTER TABLE ONLY public.metadata_biosource
    ADD CONSTRAINT metadata_biosource_edited_by_id_9680f2a2_fk_auth_user_id FOREIGN KEY (edited_by_id) REFERENCES public.auth_user(id) DEFERRABLE INITIALLY DEFERRED;


--
-- Name: metadata_biosource metadata_biosource_json_type_id_0a2d4274_fk_metadata_jsonobj_id; Type: FK CONSTRAINT; Schema: public; Owner: postgres
--

ALTER TABLE ONLY public.metadata_biosource
    ADD CONSTRAINT metadata_biosource_json_type_id_0a2d4274_fk_metadata_jsonobj_id FOREIGN KEY (json_type_id) REFERENCES public.metadata_jsonobj(id) DEFERRABLE INITIALLY DEFERRED;


--
-- Name: metadata_biosource metadata_biosource_source_organism_id_9a023df9_fk_metadata_; Type: FK CONSTRAINT; Schema: public; Owner: postgres
--

ALTER TABLE ONLY public.metadata_biosource
    ADD CONSTRAINT metadata_biosource_source_organism_id_9a023df9_fk_metadata_ FOREIGN KEY (source_organism_id) REFERENCES public.metadata_choice(id) DEFERRABLE INITIALLY DEFERRED;


--
-- Name: metadata_experiment metadata_experiment_biosample_id_84a423ef_fk_metadata_; Type: FK CONSTRAINT; Schema: public; Owner: postgres
--

ALTER TABLE ONLY public.metadata_experiment
    ADD CONSTRAINT metadata_experiment_biosample_id_84a423ef_fk_metadata_ FOREIGN KEY (biosample_id) REFERENCES public.metadata_biosample(id) DEFERRABLE INITIALLY DEFERRED;


--
-- Name: metadata_experiment metadata_experiment_created_by_id_a6ba6b80_fk_auth_user_id; Type: FK CONSTRAINT; Schema: public; Owner: postgres
--

ALTER TABLE ONLY public.metadata_experiment
    ADD CONSTRAINT metadata_experiment_created_by_id_a6ba6b80_fk_auth_user_id FOREIGN KEY (created_by_id) REFERENCES public.auth_user(id) DEFERRABLE INITIALLY DEFERRED;


--
-- Name: metadata_experiment metadata_experiment_edited_by_id_c58aa25c_fk_auth_user_id; Type: FK CONSTRAINT; Schema: public; Owner: postgres
--

ALTER TABLE ONLY public.metadata_experiment
    ADD CONSTRAINT metadata_experiment_edited_by_id_c58aa25c_fk_auth_user_id FOREIGN KEY (edited_by_id) REFERENCES public.auth_user(id) DEFERRABLE INITIALLY DEFERRED;


--
-- Name: metadata_experiment metadata_experiment_json_type_id_f39de1f9_fk_metadata_; Type: FK CONSTRAINT; Schema: public; Owner: postgres
--

ALTER TABLE ONLY public.metadata_experiment
    ADD CONSTRAINT metadata_experiment_json_type_id_f39de1f9_fk_metadata_ FOREIGN KEY (json_type_id) REFERENCES public.metadata_jsonobj(id) DEFERRABLE INITIALLY DEFERRED;


--
-- Name: metadata_experiment metadata_experiment_modification_id_8eb6403d_fk_metadata_; Type: FK CONSTRAINT; Schema: public; Owner: postgres
--

ALTER TABLE ONLY public.metadata_experiment
    ADD CONSTRAINT metadata_experiment_modification_id_8eb6403d_fk_metadata_ FOREIGN KEY (modification_id) REFERENCES public.metadata_modification(id) DEFERRABLE INITIALLY DEFERRED;


--
-- Name: metadata_experiment metadata_experiment_project_id_7360639c_fk_metadata_project_id; Type: FK CONSTRAINT; Schema: public; Owner: postgres
--

ALTER TABLE ONLY public.metadata_experiment
    ADD CONSTRAINT metadata_experiment_project_id_7360639c_fk_metadata_project_id FOREIGN KEY (project_id) REFERENCES public.metadata_project(id) DEFERRABLE INITIALLY DEFERRED;


--
-- Name: metadata_experiment metadata_experiment_protocol_id_d61b3b16_fk_metadata_; Type: FK CONSTRAINT; Schema: public; Owner: postgres
--

ALTER TABLE ONLY public.metadata_experiment
    ADD CONSTRAINT metadata_experiment_protocol_id_d61b3b16_fk_metadata_ FOREIGN KEY (protocol_id) REFERENCES public.metadata_protocol(id) DEFERRABLE INITIALLY DEFERRED;


--
-- Name: metadata_experiment metadata_experiment_treatment_id_f58d5633_fk_metadata_; Type: FK CONSTRAINT; Schema: public; Owner: postgres
--

ALTER TABLE ONLY public.metadata_experiment
    ADD CONSTRAINT metadata_experiment_treatment_id_f58d5633_fk_metadata_ FOREIGN KEY (treatment_id) REFERENCES public.metadata_treatment(id) DEFERRABLE INITIALLY DEFERRED;


--
-- Name: metadata_modification metadata_modificatio_genomic_change_id_6f814a8c_fk_metadata_; Type: FK CONSTRAINT; Schema: public; Owner: postgres
--

ALTER TABLE ONLY public.metadata_modification
    ADD CONSTRAINT metadata_modificatio_genomic_change_id_6f814a8c_fk_metadata_ FOREIGN KEY (genomic_change_id) REFERENCES public.metadata_choice(id) DEFERRABLE INITIALLY DEFERRED;


--
-- Name: metadata_modification metadata_modificatio_modification_type_id_1f10e336_fk_metadata_; Type: FK CONSTRAINT; Schema: public; Owner: postgres
--

ALTER TABLE ONLY public.metadata_modification
    ADD CONSTRAINT metadata_modificatio_modification_type_id_1f10e336_fk_metadata_ FOREIGN KEY (modification_type_id) REFERENCES public.metadata_choice(id) DEFERRABLE INITIALLY DEFERRED;


--
-- Name: metadata_modification metadata_modification_created_by_id_ff39b3ee_fk_auth_user_id; Type: FK CONSTRAINT; Schema: public; Owner: postgres
--

ALTER TABLE ONLY public.metadata_modification
    ADD CONSTRAINT metadata_modification_created_by_id_ff39b3ee_fk_auth_user_id FOREIGN KEY (created_by_id) REFERENCES public.auth_user(id) DEFERRABLE INITIALLY DEFERRED;


--
-- Name: metadata_modification metadata_modification_edited_by_id_859049a0_fk_auth_user_id; Type: FK CONSTRAINT; Schema: public; Owner: postgres
--

ALTER TABLE ONLY public.metadata_modification
    ADD CONSTRAINT metadata_modification_edited_by_id_859049a0_fk_auth_user_id FOREIGN KEY (edited_by_id) REFERENCES public.auth_user(id) DEFERRABLE INITIALLY DEFERRED;


--
-- Name: metadata_project_contributor metadata_project_con_project_id_978d536d_fk_metadata_; Type: FK CONSTRAINT; Schema: public; Owner: postgres
--

ALTER TABLE ONLY public.metadata_project_contributor
    ADD CONSTRAINT metadata_project_con_project_id_978d536d_fk_metadata_ FOREIGN KEY (project_id) REFERENCES public.metadata_project(id) DEFERRABLE INITIALLY DEFERRED;


--
-- Name: metadata_project_contributor metadata_project_contributor_user_id_2a38acaa_fk_auth_user_id; Type: FK CONSTRAINT; Schema: public; Owner: postgres
--

ALTER TABLE ONLY public.metadata_project_contributor
    ADD CONSTRAINT metadata_project_contributor_user_id_2a38acaa_fk_auth_user_id FOREIGN KEY (user_id) REFERENCES public.auth_user(id) DEFERRABLE INITIALLY DEFERRED;


--
-- Name: metadata_project metadata_project_created_by_id_7accf542_fk_auth_user_id; Type: FK CONSTRAINT; Schema: public; Owner: postgres
--

ALTER TABLE ONLY public.metadata_project
    ADD CONSTRAINT metadata_project_created_by_id_7accf542_fk_auth_user_id FOREIGN KEY (created_by_id) REFERENCES public.auth_user(id) DEFERRABLE INITIALLY DEFERRED;


--
-- Name: metadata_project metadata_project_edited_by_id_58fa3a97_fk_auth_user_id; Type: FK CONSTRAINT; Schema: public; Owner: postgres
--

ALTER TABLE ONLY public.metadata_project
    ADD CONSTRAINT metadata_project_edited_by_id_58fa3a97_fk_auth_user_id FOREIGN KEY (edited_by_id) REFERENCES public.auth_user(id) DEFERRABLE INITIALLY DEFERRED;


--
-- Name: metadata_protocol metadata_protocol_class_type_id_0c7d8e4c_fk_metadata_choice_id; Type: FK CONSTRAINT; Schema: public; Owner: postgres
--

ALTER TABLE ONLY public.metadata_protocol
    ADD CONSTRAINT metadata_protocol_class_type_id_0c7d8e4c_fk_metadata_choice_id FOREIGN KEY (class_type_id) REFERENCES public.metadata_choice(id) DEFERRABLE INITIALLY DEFERRED;


--
-- Name: metadata_protocol metadata_protocol_created_by_id_eefc31d5_fk_auth_user_id; Type: FK CONSTRAINT; Schema: public; Owner: postgres
--

ALTER TABLE ONLY public.metadata_protocol
    ADD CONSTRAINT metadata_protocol_created_by_id_eefc31d5_fk_auth_user_id FOREIGN KEY (created_by_id) REFERENCES public.auth_user(id) DEFERRABLE INITIALLY DEFERRED;


--
-- Name: metadata_protocol metadata_protocol_edited_by_id_a06499b2_fk_auth_user_id; Type: FK CONSTRAINT; Schema: public; Owner: postgres
--

ALTER TABLE ONLY public.metadata_protocol
    ADD CONSTRAINT metadata_protocol_edited_by_id_a06499b2_fk_auth_user_id FOREIGN KEY (edited_by_id) REFERENCES public.auth_user(id) DEFERRABLE INITIALLY DEFERRED;


--
-- Name: metadata_treatment metadata_treatment_created_by_id_e69476d1_fk_auth_user_id; Type: FK CONSTRAINT; Schema: public; Owner: postgres
--

ALTER TABLE ONLY public.metadata_treatment
    ADD CONSTRAINT metadata_treatment_created_by_id_e69476d1_fk_auth_user_id FOREIGN KEY (created_by_id) REFERENCES public.auth_user(id) DEFERRABLE INITIALLY DEFERRED;


--
-- Name: metadata_treatment metadata_treatment_edited_by_id_9206a71d_fk_auth_user_id; Type: FK CONSTRAINT; Schema: public; Owner: postgres
--

ALTER TABLE ONLY public.metadata_treatment
    ADD CONSTRAINT metadata_treatment_edited_by_id_9206a71d_fk_auth_user_id FOREIGN KEY (edited_by_id) REFERENCES public.auth_user(id) DEFERRABLE INITIALLY DEFERRED;


--
-- Name: metadata_treatment metadata_treatment_json_type_id_2dd10e35_fk_metadata_jsonobj_id; Type: FK CONSTRAINT; Schema: public; Owner: postgres
--

ALTER TABLE ONLY public.metadata_treatment
    ADD CONSTRAINT metadata_treatment_json_type_id_2dd10e35_fk_metadata_jsonobj_id FOREIGN KEY (json_type_id) REFERENCES public.metadata_jsonobj(id) DEFERRABLE INITIALLY DEFERRED;


--
-- PostgreSQL database dump complete
--

